[0m20:12:16.034762 [debug] [MainThread]: Sending event: {'category': 'dbt', 'action': 'invocation', 'label': 'start', 'context': [<snowplow_tracker.self_describing_json.SelfDescribingJson object at 0x10556f380>, <snowplow_tracker.self_describing_json.SelfDescribingJson object at 0x106e0b890>, <snowplow_tracker.self_describing_json.SelfDescribingJson object at 0x106e0b9d0>]}


============================== 20:12:16.037446 | 8543076a-08d5-4cff-a498-ab48c095abd2 ==============================
[0m20:12:16.037446 [info ] [MainThread]: Running with dbt=1.10.4
[0m20:12:16.037696 [debug] [MainThread]: running dbt with arguments {'printer_width': '80', 'indirect_selection': 'eager', 'write_json': 'True', 'log_cache_events': 'False', 'partial_parse': 'True', 'cache_selected_only': 'False', 'profiles_dir': '/Users/Westy.Chen/.dbt', 'version_check': 'True', 'debug': 'False', 'log_path': '/Users/Westy.Chen/Documents/dbt_poc/acap_demo/logs', 'fail_fast': 'False', 'warn_error': 'None', 'use_colors': 'True', 'use_experimental_parser': 'False', 'no_print': 'None', 'quiet': 'False', 'empty': 'None', 'log_format': 'default', 'introspect': 'True', 'warn_error_options': 'WarnErrorOptionsV2(error=[], warn=[], silence=[])', 'invocation_command': 'dbt debug', 'target_path': 'None', 'static_parser': 'True', 'send_anonymous_usage_stats': 'True'}
[0m20:12:16.048227 [info ] [MainThread]: dbt version: 1.10.4
[0m20:12:16.048405 [info ] [MainThread]: python version: 3.13.5
[0m20:12:16.048515 [info ] [MainThread]: python path: /Users/Westy.Chen/Documents/dbt_poc/dbt-env/bin/python3
[0m20:12:16.048622 [info ] [MainThread]: os info: macOS-15.3.1-arm64-arm-64bit-Mach-O
[0m20:12:16.424398 [debug] [MainThread]: Spark adapter: Setting pyhive.hive logging to ERROR
[0m20:12:16.424632 [debug] [MainThread]: Spark adapter: Setting thrift.transport logging to ERROR
[0m20:12:16.424749 [debug] [MainThread]: Spark adapter: Setting thrift.protocol logging to ERROR
[0m20:12:16.835402 [info ] [MainThread]: Using profiles dir at /Users/Westy.Chen/.dbt
[0m20:12:16.835655 [info ] [MainThread]: Using profiles.yml file at /Users/Westy.Chen/.dbt/profiles.yml
[0m20:12:16.835787 [info ] [MainThread]: Using dbt_project.yml file at /Users/Westy.Chen/Documents/dbt_poc/acap_demo/dbt_project.yml
[0m20:12:16.835907 [info ] [MainThread]: adapter type: databricks
[0m20:12:16.836016 [info ] [MainThread]: adapter version: 1.10.4
[0m20:12:16.875539 [info ] [MainThread]: Configuration:
[0m20:12:16.875769 [info ] [MainThread]:   profiles.yml file [[32mOK found and valid[0m]
[0m20:12:16.875893 [info ] [MainThread]:   dbt_project.yml file [[32mOK found and valid[0m]
[0m20:12:16.876000 [info ] [MainThread]: Required dependencies:
[0m20:12:16.876179 [debug] [MainThread]: Executing "git --help"
[0m20:12:16.897996 [debug] [MainThread]: STDOUT: "b"usage: git [-v | --version] [-h | --help] [-C <path>] [-c <name>=<value>]\n           [--exec-path[=<path>]] [--html-path] [--man-path] [--info-path]\n           [-p | --paginate | -P | --no-pager] [--no-replace-objects] [--bare]\n           [--git-dir=<path>] [--work-tree=<path>] [--namespace=<name>]\n           [--super-prefix=<path>] [--config-env=<name>=<envvar>]\n           <command> [<args>]\n\nThese are common Git commands used in various situations:\n\nstart a working area (see also: git help tutorial)\n   clone     Clone a repository into a new directory\n   init      Create an empty Git repository or reinitialize an existing one\n\nwork on the current change (see also: git help everyday)\n   add       Add file contents to the index\n   mv        Move or rename a file, a directory, or a symlink\n   restore   Restore working tree files\n   rm        Remove files from the working tree and from the index\n\nexamine the history and state (see also: git help revisions)\n   bisect    Use binary search to find the commit that introduced a bug\n   diff      Show changes between commits, commit and working tree, etc\n   grep      Print lines matching a pattern\n   log       Show commit logs\n   show      Show various types of objects\n   status    Show the working tree status\n\ngrow, mark and tweak your common history\n   branch    List, create, or delete branches\n   commit    Record changes to the repository\n   merge     Join two or more development histories together\n   rebase    Reapply commits on top of another base tip\n   reset     Reset current HEAD to the specified state\n   switch    Switch branches\n   tag       Create, list, delete or verify a tag object signed with GPG\n\ncollaborate (see also: git help workflows)\n   fetch     Download objects and refs from another repository\n   pull      Fetch from and integrate with another repository or a local branch\n   push      Update remote refs along with associated objects\n\n'git help -a' and 'git help -g' list available subcommands and some\nconcept guides. See 'git help <command>' or 'git help <concept>'\nto read about a specific subcommand or concept.\nSee 'git help git' for an overview of the system.\n""
[0m20:12:16.898487 [debug] [MainThread]: STDERR: "b''"
[0m20:12:16.898638 [info ] [MainThread]:  - git [[32mOK found[0m]

[0m20:12:16.898789 [info ] [MainThread]: Connection:
[0m20:12:16.898943 [info ] [MainThread]:   host: flipp-data.cloud.databricks.com
[0m20:12:16.899058 [info ] [MainThread]:   http_path: sql/protocolv1/o/1174764160960484/1104-180204-uim1n293
[0m20:12:16.899167 [info ] [MainThread]:   catalog: flipp_data_sandbox
[0m20:12:16.899269 [info ] [MainThread]:   schema: dbt_demo
[0m20:12:16.899576 [info ] [MainThread]: Registered adapter: databricks=1.10.4
[0m20:12:16.954205 [debug] [MainThread]: Databricks adapter: DatabricksDBTConnection(session-id=None, name=debug, idle-time=0s, language=None, compute-name=) - Creating connection
[0m20:12:16.954484 [debug] [MainThread]: Acquiring new databricks connection 'debug'
[0m20:12:16.954614 [debug] [MainThread]: Using databricks connection "debug"
[0m20:12:16.954720 [debug] [MainThread]: On debug: select 1 as id
[0m20:12:16.954819 [debug] [MainThread]: Opening a new connection, currently in state init
[0m20:12:17.752162 [debug] [MainThread]: Databricks adapter: Connection(session-id=fd5b5838-5cb1-41da-a1fa-41ac4d224a22) - Created
[0m20:12:26.990086 [debug] [MainThread]: SQL status: OK in 10.040 seconds
[0m20:12:26.992021 [debug] [MainThread]: Databricks adapter: Cursor(session-id=fd5b5838-5cb1-41da-a1fa-41ac4d224a22, command-id=280456a9-bd33-4bfb-9819-23a6c131b202) - Closing
[0m20:12:27.144029 [info ] [MainThread]:   Connection test: [[32mOK connection ok[0m]

[0m20:12:27.145305 [info ] [MainThread]: [32mAll checks passed![0m
[0m20:12:27.150457 [debug] [MainThread]: Resource report: {"command_name": "debug", "command_success": true, "command_wall_clock_time": 11.144368, "process_in_blocks": "0", "process_kernel_time": 0.217446, "process_mem_max_rss": "223969280", "process_out_blocks": "0", "process_user_time": 1.110454}
[0m20:12:27.151301 [debug] [MainThread]: Command `dbt debug` succeeded at 20:12:27.151120 after 11.15 seconds
[0m20:12:27.152250 [debug] [MainThread]: Connection 'debug' was properly closed.
[0m20:12:27.153815 [debug] [MainThread]: On debug: Close
[0m20:12:27.154512 [debug] [MainThread]: Databricks adapter: Connection(session-id=fd5b5838-5cb1-41da-a1fa-41ac4d224a22) - Closing
[0m20:12:27.574067 [debug] [MainThread]: Sending event: {'category': 'dbt', 'action': 'invocation', 'label': 'end', 'context': [<snowplow_tracker.self_describing_json.SelfDescribingJson object at 0x1324eb100>, <snowplow_tracker.self_describing_json.SelfDescribingJson object at 0x132649d90>, <snowplow_tracker.self_describing_json.SelfDescribingJson object at 0x13218e7a0>]}
[0m20:12:27.575563 [debug] [MainThread]: Flushing usage events
[0m20:12:27.731087 [debug] [MainThread]: An error was encountered while trying to flush usage events
[0m20:24:59.041498 [debug] [MainThread]: Sending event: {'category': 'dbt', 'action': 'invocation', 'label': 'start', 'context': [<snowplow_tracker.self_describing_json.SelfDescribingJson object at 0x106317380>, <snowplow_tracker.self_describing_json.SelfDescribingJson object at 0x10790f890>, <snowplow_tracker.self_describing_json.SelfDescribingJson object at 0x10790f9d0>]}


============================== 20:24:59.044284 | 200d9b04-0241-45e2-9d03-52a1a8ecad4b ==============================
[0m20:24:59.044284 [info ] [MainThread]: Running with dbt=1.10.4
[0m20:24:59.044597 [debug] [MainThread]: running dbt with arguments {'printer_width': '80', 'indirect_selection': 'eager', 'write_json': 'True', 'log_cache_events': 'False', 'partial_parse': 'True', 'cache_selected_only': 'False', 'profiles_dir': '/Users/Westy.Chen/.dbt', 'fail_fast': 'False', 'warn_error': 'None', 'log_path': '/Users/Westy.Chen/Documents/dbt_poc/acap_demo/logs', 'debug': 'False', 'version_check': 'True', 'use_colors': 'True', 'use_experimental_parser': 'False', 'no_print': 'None', 'quiet': 'False', 'empty': 'False', 'warn_error_options': 'WarnErrorOptionsV2(error=[], warn=[], silence=[])', 'static_parser': 'True', 'log_format': 'default', 'introspect': 'True', 'target_path': 'None', 'invocation_command': 'dbt run', 'send_anonymous_usage_stats': 'True'}
[0m20:24:59.422769 [debug] [MainThread]: Spark adapter: Setting pyhive.hive logging to ERROR
[0m20:24:59.422989 [debug] [MainThread]: Spark adapter: Setting thrift.transport logging to ERROR
[0m20:24:59.423108 [debug] [MainThread]: Spark adapter: Setting thrift.protocol logging to ERROR
[0m20:24:59.883100 [debug] [MainThread]: Sending event: {'category': 'dbt', 'action': 'project_id', 'label': '200d9b04-0241-45e2-9d03-52a1a8ecad4b', 'context': [<snowplow_tracker.self_describing_json.SelfDescribingJson object at 0x106827490>]}
[0m20:24:59.907090 [debug] [MainThread]: Sending event: {'category': 'dbt', 'action': 'adapter_info', 'label': '200d9b04-0241-45e2-9d03-52a1a8ecad4b', 'context': [<snowplow_tracker.self_describing_json.SelfDescribingJson object at 0x11325f130>]}
[0m20:24:59.907381 [info ] [MainThread]: Registered adapter: databricks=1.10.4
[0m20:24:59.966438 [debug] [MainThread]: checksum: 073cb5a296270136b24f9c040fdebd0642ef9c263903ef463bfe7e190c538da2, vars: {}, profile: , target: , version: 1.10.4
[0m20:24:59.966775 [info ] [MainThread]: Unable to do partial parsing because saved manifest not found. Starting full parse.
[0m20:24:59.966926 [debug] [MainThread]: Sending event: {'category': 'dbt', 'action': 'partial_parser', 'label': '200d9b04-0241-45e2-9d03-52a1a8ecad4b', 'context': [<snowplow_tracker.self_describing_json.SelfDescribingJson object at 0x120b95a50>]}
[0m20:25:00.652828 [debug] [MainThread]: Sending event: {'category': 'dbt', 'action': 'load_project', 'label': '200d9b04-0241-45e2-9d03-52a1a8ecad4b', 'context': [<snowplow_tracker.self_describing_json.SelfDescribingJson object at 0x121090e60>]}
[0m20:25:00.739226 [debug] [MainThread]: Wrote artifact WritableManifest to /Users/Westy.Chen/Documents/dbt_poc/acap_demo/target/manifest.json
[0m20:25:00.740371 [debug] [MainThread]: Wrote artifact SemanticManifest to /Users/Westy.Chen/Documents/dbt_poc/acap_demo/target/semantic_manifest.json
[0m20:25:00.754948 [debug] [MainThread]: Sending event: {'category': 'dbt', 'action': 'resource_counts', 'label': '200d9b04-0241-45e2-9d03-52a1a8ecad4b', 'context': [<snowplow_tracker.self_describing_json.SelfDescribingJson object at 0x12126e430>]}
[0m20:25:00.755155 [info ] [MainThread]: Found 5 models, 4 data tests, 682 macros
[0m20:25:00.755290 [debug] [MainThread]: Sending event: {'category': 'dbt', 'action': 'runnable_timing', 'label': '200d9b04-0241-45e2-9d03-52a1a8ecad4b', 'context': [<snowplow_tracker.self_describing_json.SelfDescribingJson object at 0x1210f5e60>]}
[0m20:25:00.756016 [info ] [MainThread]: 
[0m20:25:00.756153 [info ] [MainThread]: Concurrency: 1 threads (target='dev')
[0m20:25:00.756258 [info ] [MainThread]: 
[0m20:25:00.756473 [debug] [MainThread]: Databricks adapter: DatabricksDBTConnection(session-id=None, name=master, idle-time=0s, language=None, compute-name=) - Creating connection
[0m20:25:00.756594 [debug] [MainThread]: Acquiring new databricks connection 'master'
[0m20:25:00.759196 [debug] [ThreadPool]: Databricks adapter: DatabricksDBTConnection(session-id=None, name=list_flipp_data_sandbox, idle-time=0s, language=None, compute-name=) - Creating connection
[0m20:25:00.759341 [debug] [ThreadPool]: Acquiring new databricks connection 'list_flipp_data_sandbox'
[0m20:25:00.759456 [debug] [ThreadPool]: Using databricks connection "list_flipp_data_sandbox"
[0m20:25:00.759569 [debug] [ThreadPool]: On list_flipp_data_sandbox: GetSchemas(database=flipp_data_sandbox, schema=None)
[0m20:25:00.759666 [debug] [ThreadPool]: Opening a new connection, currently in state init
[0m20:25:01.264698 [debug] [ThreadPool]: Databricks adapter: Connection(session-id=59fb1966-0775-49b1-9de8-2b527de6f9c6) - Created
[0m20:25:03.220869 [debug] [ThreadPool]: SQL status: OK in 2.460 seconds
[0m20:25:03.224435 [debug] [ThreadPool]: Databricks adapter: Cursor(session-id=59fb1966-0775-49b1-9de8-2b527de6f9c6, command-id=3ff07500-7bad-4270-ab3e-13085c07f92f) - Closing
[0m20:25:03.225586 [debug] [ThreadPool]: Re-using an available connection from the pool (formerly list_flipp_data_sandbox, now create_flipp_data_sandbox_dbt_demo_dbt_westy)
[0m20:25:03.225984 [debug] [ThreadPool]: Databricks adapter: DatabricksDBTConnection(session-id=59fb1966-0775-49b1-9de8-2b527de6f9c6, name=create_flipp_data_sandbox_dbt_demo_dbt_westy, idle-time=0.0009253025054931641s, language=None, compute-name=) - Reusing connection previously named list_flipp_data_sandbox
[0m20:25:03.226508 [debug] [ThreadPool]: Creating schema "database: "flipp_data_sandbox"
schema: "dbt_demo_dbt_westy"
"
[0m20:25:03.236538 [debug] [ThreadPool]: Using databricks connection "create_flipp_data_sandbox_dbt_demo_dbt_westy"
[0m20:25:03.236951 [debug] [ThreadPool]: On create_flipp_data_sandbox_dbt_demo_dbt_westy: /* {"app": "dbt", "dbt_version": "1.10.4", "dbt_databricks_version": "1.10.4", "databricks_sql_connector_version": "4.0.5", "profile_name": "acap_demo", "target_name": "dev", "connection_name": "create_flipp_data_sandbox_dbt_demo_dbt_westy"} */
create schema if not exists `flipp_data_sandbox`.`dbt_demo_dbt_westy`
  
[0m20:25:04.342779 [debug] [ThreadPool]: SQL status: OK in 1.110 seconds
[0m20:25:04.344354 [debug] [ThreadPool]: Databricks adapter: Cursor(session-id=59fb1966-0775-49b1-9de8-2b527de6f9c6, command-id=00ab695b-50ac-42d4-99c9-68961f7abc89) - Closing
[0m20:25:04.346700 [debug] [ThreadPool]: Re-using an available connection from the pool (formerly create_flipp_data_sandbox_dbt_demo_dbt_westy, now list_flipp_data_sandbox_dbt_demo_dbt_westy)
[0m20:25:04.347164 [debug] [ThreadPool]: Databricks adapter: DatabricksDBTConnection(session-id=59fb1966-0775-49b1-9de8-2b527de6f9c6, name=list_flipp_data_sandbox_dbt_demo_dbt_westy, idle-time=0.001990795135498047s, language=None, compute-name=) - Reusing connection previously named create_flipp_data_sandbox_dbt_demo_dbt_westy
[0m20:25:04.356669 [debug] [ThreadPool]: Using databricks connection "list_flipp_data_sandbox_dbt_demo_dbt_westy"
[0m20:25:04.357096 [debug] [ThreadPool]: On list_flipp_data_sandbox_dbt_demo_dbt_westy: /* {"app": "dbt", "dbt_version": "1.10.4", "dbt_databricks_version": "1.10.4", "databricks_sql_connector_version": "4.0.5", "profile_name": "acap_demo", "target_name": "dev", "connection_name": "list_flipp_data_sandbox_dbt_demo_dbt_westy"} */

    
SELECT
  table_name,
  if(table_type IN ('EXTERNAL', 'MANAGED', 'MANAGED_SHALLOW_CLONE', 'EXTERNAL_SHALLOW_CLONE'), 'table', lower(table_type)) AS table_type,
  lower(data_source_format) AS file_format,
  table_owner
FROM `system`.`information_schema`.`tables`
WHERE table_catalog = 'flipp_data_sandbox' 
  AND table_schema = 'dbt_demo_dbt_westy'

  
[0m20:25:06.387855 [debug] [ThreadPool]: SQL status: OK in 2.030 seconds
[0m20:25:06.399521 [debug] [ThreadPool]: Databricks adapter: Cursor(session-id=59fb1966-0775-49b1-9de8-2b527de6f9c6, command-id=89d391d0-f80f-434d-8768-93e1b1bb782a) - Closing
[0m20:25:06.400338 [debug] [MainThread]: Sending event: {'category': 'dbt', 'action': 'runnable_timing', 'label': '200d9b04-0241-45e2-9d03-52a1a8ecad4b', 'context': [<snowplow_tracker.self_describing_json.SelfDescribingJson object at 0x1211bd250>]}
[0m20:25:06.405756 [debug] [Thread-1 (]: Began running node model.acap_demo.dates
[0m20:25:06.406313 [info ] [Thread-1 (]: 1 of 5 START sql table model dbt_demo_dbt_westy.dates .......................... [RUN]
[0m20:25:06.406737 [debug] [Thread-1 (]: Re-using an available connection from the pool (formerly list_flipp_data_sandbox_dbt_demo_dbt_westy, now model.acap_demo.dates)
[0m20:25:06.407057 [debug] [Thread-1 (]: Databricks adapter: DatabricksDBTConnection(session-id=59fb1966-0775-49b1-9de8-2b527de6f9c6, name=model.acap_demo.dates, idle-time=0.006943225860595703s, language=None, compute-name=) - Reusing connection previously named list_flipp_data_sandbox_dbt_demo_dbt_westy
[0m20:25:06.407335 [debug] [Thread-1 (]: Began compiling node model.acap_demo.dates
[0m20:25:06.414111 [debug] [Thread-1 (]: Writing injected SQL for node "model.acap_demo.dates"
[0m20:25:06.415001 [debug] [Thread-1 (]: Began executing node model.acap_demo.dates
[0m20:25:06.427730 [debug] [Thread-1 (]: MATERIALIZING TABLE
[0m20:25:06.428089 [warn ] [Thread-1 (]: [[33mWARNING[0m]: Use revamped materializations based on separating create and insert.  This allows more performant column comments, as well as new column features.
You may opt into the new behavior sooner by setting `flags.use_materialization_v2` to `True` in `dbt_project.yml`.
Visit https://docs.getdbt.com/reference/global-configs/behavior-changes for more information.
[0m20:25:06.428364 [debug] [Thread-1 (]: Sending event: {'category': 'dbt', 'action': 'BehaviorChangeEvent', 'label': '200d9b04-0241-45e2-9d03-52a1a8ecad4b', 'context': [<snowplow_tracker.self_describing_json.SelfDescribingJson object at 0x1213b60a0>]}
[0m20:25:06.457997 [debug] [Thread-1 (]: Writing runtime sql for node "model.acap_demo.dates"
[0m20:25:06.458745 [debug] [Thread-1 (]: Using databricks connection "model.acap_demo.dates"
[0m20:25:06.458958 [debug] [Thread-1 (]: On model.acap_demo.dates: /* {"app": "dbt", "dbt_version": "1.10.4", "dbt_databricks_version": "1.10.4", "databricks_sql_connector_version": "4.0.5", "profile_name": "acap_demo", "target_name": "dev", "node_id": "model.acap_demo.dates"} */

  
    
        create or replace table `flipp_data_sandbox`.`dbt_demo_dbt_westy`.`dates`
      
      
  using delta
      
      
      
      
      
      
      
      as
      SELECT 
  date, 
  day_name
FROM flipp_data_prod.gold_dimensions.dates
  
[0m20:25:42.051222 [debug] [Thread-1 (]: SQL status: OK in 35.590 seconds
[0m20:25:42.054069 [debug] [Thread-1 (]: Databricks adapter: Cursor(session-id=59fb1966-0775-49b1-9de8-2b527de6f9c6, command-id=41a91d84-7504-4bfe-b0dc-e81f9d6d14eb) - Closing
[0m20:25:42.157061 [debug] [Thread-1 (]: Applying tags to relation None
[0m20:25:42.174617 [debug] [Thread-1 (]: Sending event: {'category': 'dbt', 'action': 'run_model', 'label': '200d9b04-0241-45e2-9d03-52a1a8ecad4b', 'context': [<snowplow_tracker.self_describing_json.SelfDescribingJson object at 0x1066f5590>]}
[0m20:25:42.175135 [info ] [Thread-1 (]: 1 of 5 OK created sql table model dbt_demo_dbt_westy.dates ..................... [[32mOK[0m in 35.77s]
[0m20:25:42.175569 [debug] [Thread-1 (]: Finished running node model.acap_demo.dates
[0m20:25:42.175841 [debug] [Thread-1 (]: Began running node model.acap_demo.my_first_dbt_model
[0m20:25:42.176185 [info ] [Thread-1 (]: 2 of 5 START sql table model dbt_demo_dbt_westy.my_first_dbt_model ............. [RUN]
[0m20:25:42.176462 [debug] [Thread-1 (]: Re-using an available connection from the pool (formerly model.acap_demo.dates, now model.acap_demo.my_first_dbt_model)
[0m20:25:42.176715 [debug] [Thread-1 (]: Databricks adapter: DatabricksDBTConnection(session-id=59fb1966-0775-49b1-9de8-2b527de6f9c6, name=model.acap_demo.my_first_dbt_model, idle-time=0.0033080577850341797s, language=sql, compute-name=) - Reusing connection previously named model.acap_demo.dates
[0m20:25:42.176924 [debug] [Thread-1 (]: Began compiling node model.acap_demo.my_first_dbt_model
[0m20:25:42.179549 [debug] [Thread-1 (]: Writing injected SQL for node "model.acap_demo.my_first_dbt_model"
[0m20:25:42.181365 [debug] [Thread-1 (]: Began executing node model.acap_demo.my_first_dbt_model
[0m20:25:42.183106 [debug] [Thread-1 (]: MATERIALIZING TABLE
[0m20:25:42.184338 [debug] [Thread-1 (]: Writing runtime sql for node "model.acap_demo.my_first_dbt_model"
[0m20:25:42.184771 [debug] [Thread-1 (]: Using databricks connection "model.acap_demo.my_first_dbt_model"
[0m20:25:42.185026 [debug] [Thread-1 (]: On model.acap_demo.my_first_dbt_model: /* {"app": "dbt", "dbt_version": "1.10.4", "dbt_databricks_version": "1.10.4", "databricks_sql_connector_version": "4.0.5", "profile_name": "acap_demo", "target_name": "dev", "node_id": "model.acap_demo.my_first_dbt_model"} */

  
    
        create or replace table `flipp_data_sandbox`.`dbt_demo_dbt_westy`.`my_first_dbt_model`
      
      
  using delta
      
      
      
      
      
      
      
      as
      /*
    Welcome to your first dbt model!
    Did you know that you can also configure models directly within SQL files?
    This will override configurations stated in dbt_project.yml

    Try changing "table" to "view" below
*/



with source_data as (

    select 1 as id
    union all
    select null as id

)

select *
from source_data

/*
    Uncomment the line below to remove records with null `id` values
*/

-- where id is not null
  
[0m20:25:46.734517 [debug] [Thread-1 (]: SQL status: OK in 4.550 seconds
[0m20:25:46.736311 [debug] [Thread-1 (]: Databricks adapter: Cursor(session-id=59fb1966-0775-49b1-9de8-2b527de6f9c6, command-id=6b9800a2-3d3f-474e-b974-0262b0b434f7) - Closing
[0m20:25:46.737484 [debug] [Thread-1 (]: Applying tags to relation None
[0m20:25:46.739706 [debug] [Thread-1 (]: Sending event: {'category': 'dbt', 'action': 'run_model', 'label': '200d9b04-0241-45e2-9d03-52a1a8ecad4b', 'context': [<snowplow_tracker.self_describing_json.SelfDescribingJson object at 0x1078b5850>]}
[0m20:25:46.740520 [info ] [Thread-1 (]: 2 of 5 OK created sql table model dbt_demo_dbt_westy.my_first_dbt_model ........ [[32mOK[0m in 4.56s]
[0m20:25:46.741189 [debug] [Thread-1 (]: Finished running node model.acap_demo.my_first_dbt_model
[0m20:25:46.741690 [debug] [Thread-1 (]: Began running node model.acap_demo.stg_flyer_impressions
[0m20:25:46.742341 [info ] [Thread-1 (]: 3 of 5 START sql table model dbt_demo_dbt_westy.stg_flyer_impressions .......... [RUN]
[0m20:25:46.743132 [debug] [Thread-1 (]: Re-using an available connection from the pool (formerly model.acap_demo.my_first_dbt_model, now model.acap_demo.stg_flyer_impressions)
[0m20:25:46.743569 [debug] [Thread-1 (]: Databricks adapter: DatabricksDBTConnection(session-id=59fb1966-0775-49b1-9de8-2b527de6f9c6, name=model.acap_demo.stg_flyer_impressions, idle-time=0.0040280818939208984s, language=sql, compute-name=) - Reusing connection previously named model.acap_demo.my_first_dbt_model
[0m20:25:46.743947 [debug] [Thread-1 (]: Began compiling node model.acap_demo.stg_flyer_impressions
[0m20:25:46.748108 [debug] [Thread-1 (]: Writing injected SQL for node "model.acap_demo.stg_flyer_impressions"
[0m20:25:46.749497 [debug] [Thread-1 (]: Began executing node model.acap_demo.stg_flyer_impressions
[0m20:25:46.752744 [debug] [Thread-1 (]: MATERIALIZING TABLE
[0m20:25:46.755137 [debug] [Thread-1 (]: Writing runtime sql for node "model.acap_demo.stg_flyer_impressions"
[0m20:25:46.755980 [debug] [Thread-1 (]: Using databricks connection "model.acap_demo.stg_flyer_impressions"
[0m20:25:46.756344 [debug] [Thread-1 (]: On model.acap_demo.stg_flyer_impressions: /* {"app": "dbt", "dbt_version": "1.10.4", "dbt_databricks_version": "1.10.4", "databricks_sql_connector_version": "4.0.5", "profile_name": "acap_demo", "target_name": "dev", "node_id": "model.acap_demo.stg_flyer_impressions"} */

  
    
        create or replace table `flipp_data_sandbox`.`dbt_demo_dbt_westy`.`stg_flyer_impressions`
      
      
  using delta
      
      
      
      
      
      
      
      as
      SELECT 
  date, 
  SUM(flyer_impressions) * 2 AS flyer_impressions
FROM flipp_data_prod.gold_facts.facts_campaigns
WHERE date >= '2025-07-02'
GROUP BY date
ORDER BY date
  
[0m20:25:59.985650 [debug] [Thread-1 (]: SQL status: OK in 13.230 seconds
[0m20:25:59.988373 [debug] [Thread-1 (]: Databricks adapter: Cursor(session-id=59fb1966-0775-49b1-9de8-2b527de6f9c6, command-id=2cfa56bb-1217-4c16-82af-d220f409e6d6) - Closing
[0m20:26:00.073885 [debug] [Thread-1 (]: Applying tags to relation None
[0m20:26:00.076700 [debug] [Thread-1 (]: Sending event: {'category': 'dbt', 'action': 'run_model', 'label': '200d9b04-0241-45e2-9d03-52a1a8ecad4b', 'context': [<snowplow_tracker.self_describing_json.SelfDescribingJson object at 0x1211ce9e0>]}
[0m20:26:00.077526 [info ] [Thread-1 (]: 3 of 5 OK created sql table model dbt_demo_dbt_westy.stg_flyer_impressions ..... [[32mOK[0m in 13.33s]
[0m20:26:00.078176 [debug] [Thread-1 (]: Finished running node model.acap_demo.stg_flyer_impressions
[0m20:26:00.078646 [debug] [Thread-1 (]: Began running node model.acap_demo.my_second_dbt_model
[0m20:26:00.079211 [info ] [Thread-1 (]: 4 of 5 START sql view model dbt_demo_dbt_westy.my_second_dbt_model ............. [RUN]
[0m20:26:00.079824 [debug] [Thread-1 (]: Re-using an available connection from the pool (formerly model.acap_demo.stg_flyer_impressions, now model.acap_demo.my_second_dbt_model)
[0m20:26:00.080269 [debug] [Thread-1 (]: Databricks adapter: DatabricksDBTConnection(session-id=59fb1966-0775-49b1-9de8-2b527de6f9c6, name=model.acap_demo.my_second_dbt_model, idle-time=0.0036122798919677734s, language=sql, compute-name=) - Reusing connection previously named model.acap_demo.stg_flyer_impressions
[0m20:26:00.080649 [debug] [Thread-1 (]: Began compiling node model.acap_demo.my_second_dbt_model
[0m20:26:00.090954 [debug] [Thread-1 (]: Writing injected SQL for node "model.acap_demo.my_second_dbt_model"
[0m20:26:00.091659 [debug] [Thread-1 (]: Began executing node model.acap_demo.my_second_dbt_model
[0m20:26:00.098516 [debug] [Thread-1 (]: MATERIALIZING VIEW
[0m20:26:00.106213 [debug] [Thread-1 (]: Creating view `flipp_data_sandbox`.`dbt_demo_dbt_westy`.`my_second_dbt_model`
[0m20:26:00.106721 [debug] [Thread-1 (]: Writing runtime sql for node "model.acap_demo.my_second_dbt_model"
[0m20:26:00.107256 [debug] [Thread-1 (]: Using databricks connection "model.acap_demo.my_second_dbt_model"
[0m20:26:00.107465 [debug] [Thread-1 (]: On model.acap_demo.my_second_dbt_model: /* {"app": "dbt", "dbt_version": "1.10.4", "dbt_databricks_version": "1.10.4", "databricks_sql_connector_version": "4.0.5", "profile_name": "acap_demo", "target_name": "dev", "node_id": "model.acap_demo.my_second_dbt_model"} */

  
  
  
  create or replace view `flipp_data_sandbox`.`dbt_demo_dbt_westy`.`my_second_dbt_model`
  
  as (
    -- Use the `ref` function to select from other models

select *
from `flipp_data_sandbox`.`dbt_demo_dbt_westy`.`my_first_dbt_model`
where id = 1
  )

[0m20:26:00.862700 [debug] [Thread-1 (]: SQL status: OK in 0.750 seconds
[0m20:26:00.864744 [debug] [Thread-1 (]: Databricks adapter: Cursor(session-id=59fb1966-0775-49b1-9de8-2b527de6f9c6, command-id=d4c2c237-570b-4210-9057-f317d4f60f54) - Closing
[0m20:26:00.865966 [debug] [Thread-1 (]: Applying tags to relation None
[0m20:26:00.867372 [debug] [Thread-1 (]: Sending event: {'category': 'dbt', 'action': 'run_model', 'label': '200d9b04-0241-45e2-9d03-52a1a8ecad4b', 'context': [<snowplow_tracker.self_describing_json.SelfDescribingJson object at 0x120c02ff0>]}
[0m20:26:00.868316 [info ] [Thread-1 (]: 4 of 5 OK created sql view model dbt_demo_dbt_westy.my_second_dbt_model ........ [[32mOK[0m in 0.79s]
[0m20:26:00.869106 [debug] [Thread-1 (]: Finished running node model.acap_demo.my_second_dbt_model
[0m20:26:00.869655 [debug] [Thread-1 (]: Began running node model.acap_demo.flyer_impressions
[0m20:26:00.870324 [info ] [Thread-1 (]: 5 of 5 START sql table model dbt_demo_dbt_westy.flyer_impressions .............. [RUN]
[0m20:26:00.870975 [debug] [Thread-1 (]: Re-using an available connection from the pool (formerly model.acap_demo.my_second_dbt_model, now model.acap_demo.flyer_impressions)
[0m20:26:00.871528 [debug] [Thread-1 (]: Databricks adapter: DatabricksDBTConnection(session-id=59fb1966-0775-49b1-9de8-2b527de6f9c6, name=model.acap_demo.flyer_impressions, idle-time=0.004289150238037109s, language=sql, compute-name=) - Reusing connection previously named model.acap_demo.my_second_dbt_model
[0m20:26:00.871958 [debug] [Thread-1 (]: Began compiling node model.acap_demo.flyer_impressions
[0m20:26:00.878525 [debug] [Thread-1 (]: Writing injected SQL for node "model.acap_demo.flyer_impressions"
[0m20:26:00.879899 [debug] [Thread-1 (]: Began executing node model.acap_demo.flyer_impressions
[0m20:26:00.882177 [debug] [Thread-1 (]: MATERIALIZING TABLE
[0m20:26:00.884085 [debug] [Thread-1 (]: Writing runtime sql for node "model.acap_demo.flyer_impressions"
[0m20:26:00.884809 [debug] [Thread-1 (]: Using databricks connection "model.acap_demo.flyer_impressions"
[0m20:26:00.885197 [debug] [Thread-1 (]: On model.acap_demo.flyer_impressions: /* {"app": "dbt", "dbt_version": "1.10.4", "dbt_databricks_version": "1.10.4", "databricks_sql_connector_version": "4.0.5", "profile_name": "acap_demo", "target_name": "dev", "node_id": "model.acap_demo.flyer_impressions"} */

  
    
        create or replace table `flipp_data_sandbox`.`dbt_demo_dbt_westy`.`flyer_impressions`
      
      
  using delta
      
      
      
      
      
      
      
      as
      WITH daily_impressions AS (
  SELECT 
    f.date,
    d.day_name,
    f.flyer_impressions
  FROM `flipp_data_sandbox`.`dbt_demo_dbt_westy`.`stg_flyer_impressions` f
  JOIN `flipp_data_sandbox`.`dbt_demo_dbt_westy`.`dates` d
    ON f.date = d.date
)
SELECT 
  date,
  day_name,
  flyer_impressions,
  SUM(flyer_impressions) OVER (ORDER BY date) as running_total_impressions,
  AVG(flyer_impressions) OVER (PARTITION BY day_name) as avg_impressions_by_day
FROM daily_impressions
ORDER BY date
  
[0m20:26:07.072249 [debug] [Thread-1 (]: SQL status: OK in 6.190 seconds
[0m20:26:07.074828 [debug] [Thread-1 (]: Databricks adapter: Cursor(session-id=59fb1966-0775-49b1-9de8-2b527de6f9c6, command-id=1ba58406-b5da-4104-862f-214a3638e28f) - Closing
[0m20:26:07.155400 [debug] [Thread-1 (]: Applying tags to relation None
[0m20:26:07.160870 [debug] [Thread-1 (]: Sending event: {'category': 'dbt', 'action': 'run_model', 'label': '200d9b04-0241-45e2-9d03-52a1a8ecad4b', 'context': [<snowplow_tracker.self_describing_json.SelfDescribingJson object at 0x121231970>]}
[0m20:26:07.162550 [info ] [Thread-1 (]: 5 of 5 OK created sql table model dbt_demo_dbt_westy.flyer_impressions ......... [[32mOK[0m in 6.29s]
[0m20:26:07.163284 [debug] [Thread-1 (]: Finished running node model.acap_demo.flyer_impressions
[0m20:26:07.164448 [debug] [MainThread]: Databricks adapter: DatabricksDBTConnection(session-id=None, name=master, idle-time=60.763538122177124s, language=None, compute-name=) - Recreating due to idleness
[0m20:26:07.164789 [debug] [MainThread]: Databricks adapter: DatabricksDBTConnection(session-id=None, name=master, idle-time=0s, language=None, compute-name=) - Reset connection handle
[0m20:26:07.165051 [debug] [MainThread]: Databricks adapter: DatabricksDBTConnection(session-id=None, name=master, idle-time=0s, language=None, compute-name=) - Reusing connection previously named master
[0m20:26:07.165362 [debug] [MainThread]: Connection 'master' was properly closed.
[0m20:26:07.165570 [debug] [MainThread]: Connection 'model.acap_demo.flyer_impressions' was properly closed.
[0m20:26:07.165778 [debug] [MainThread]: On model.acap_demo.flyer_impressions: Close
[0m20:26:07.166003 [debug] [MainThread]: Databricks adapter: Connection(session-id=59fb1966-0775-49b1-9de8-2b527de6f9c6) - Closing
[0m20:26:07.252426 [info ] [MainThread]: 
[0m20:26:07.253097 [info ] [MainThread]: Finished running 4 table models, 1 view model in 0 hours 1 minutes and 6.50 seconds (66.50s).
[0m20:26:07.254376 [debug] [MainThread]: Command end result
[0m20:26:07.279495 [debug] [MainThread]: Wrote artifact WritableManifest to /Users/Westy.Chen/Documents/dbt_poc/acap_demo/target/manifest.json
[0m20:26:07.281113 [debug] [MainThread]: Wrote artifact SemanticManifest to /Users/Westy.Chen/Documents/dbt_poc/acap_demo/target/semantic_manifest.json
[0m20:26:07.284571 [debug] [MainThread]: Wrote artifact RunExecutionResult to /Users/Westy.Chen/Documents/dbt_poc/acap_demo/target/run_results.json
[0m20:26:07.284739 [info ] [MainThread]: 
[0m20:26:07.284933 [info ] [MainThread]: [32mCompleted successfully[0m
[0m20:26:07.285078 [info ] [MainThread]: 
[0m20:26:07.285243 [info ] [MainThread]: Done. PASS=5 WARN=0 ERROR=0 SKIP=0 NO-OP=0 TOTAL=5
[0m20:26:07.286926 [debug] [MainThread]: Resource report: {"command_name": "run", "command_success": true, "command_wall_clock_time": 68.27511, "process_in_blocks": "0", "process_kernel_time": 0.263535, "process_mem_max_rss": "232079360", "process_out_blocks": "0", "process_user_time": 2.179657}
[0m20:26:07.287180 [debug] [MainThread]: Command `dbt run` succeeded at 20:26:07.287129 after 68.28 seconds
[0m20:26:07.287384 [debug] [MainThread]: Sending event: {'category': 'dbt', 'action': 'invocation', 'label': 'end', 'context': [<snowplow_tracker.self_describing_json.SelfDescribingJson object at 0x120ca0a10>, <snowplow_tracker.self_describing_json.SelfDescribingJson object at 0x1066620f0>, <snowplow_tracker.self_describing_json.SelfDescribingJson object at 0x1213f4530>]}
[0m20:26:07.287572 [debug] [MainThread]: Flushing usage events
[0m20:26:07.451022 [debug] [MainThread]: An error was encountered while trying to flush usage events
[0m20:26:22.202417 [debug] [MainThread]: Sending event: {'category': 'dbt', 'action': 'invocation', 'label': 'start', 'context': [<snowplow_tracker.self_describing_json.SelfDescribingJson object at 0x105723380>, <snowplow_tracker.self_describing_json.SelfDescribingJson object at 0x106bf7890>, <snowplow_tracker.self_describing_json.SelfDescribingJson object at 0x106bf79d0>]}


============================== 20:26:22.205208 | b5dae1bc-7fd7-4ce2-897e-73f66ac3879d ==============================
[0m20:26:22.205208 [info ] [MainThread]: Running with dbt=1.10.4
[0m20:26:22.205483 [debug] [MainThread]: running dbt with arguments {'printer_width': '80', 'indirect_selection': 'eager', 'write_json': 'True', 'log_cache_events': 'False', 'partial_parse': 'True', 'cache_selected_only': 'False', 'profiles_dir': '/Users/Westy.Chen/.dbt', 'fail_fast': 'False', 'version_check': 'True', 'log_path': '/Users/Westy.Chen/Documents/dbt_poc/acap_demo/logs', 'debug': 'False', 'warn_error': 'None', 'use_colors': 'True', 'use_experimental_parser': 'False', 'no_print': 'None', 'quiet': 'False', 'empty': 'None', 'log_format': 'default', 'introspect': 'True', 'warn_error_options': 'WarnErrorOptionsV2(error=[], warn=[], silence=[])', 'static_parser': 'True', 'target_path': 'None', 'invocation_command': 'dbt test', 'send_anonymous_usage_stats': 'True'}
[0m20:26:22.581530 [debug] [MainThread]: Spark adapter: Setting pyhive.hive logging to ERROR
[0m20:26:22.581750 [debug] [MainThread]: Spark adapter: Setting thrift.transport logging to ERROR
[0m20:26:22.581868 [debug] [MainThread]: Spark adapter: Setting thrift.protocol logging to ERROR
[0m20:26:23.012852 [debug] [MainThread]: Sending event: {'category': 'dbt', 'action': 'project_id', 'label': 'b5dae1bc-7fd7-4ce2-897e-73f66ac3879d', 'context': [<snowplow_tracker.self_describing_json.SelfDescribingJson object at 0x105f13490>]}
[0m20:26:23.036518 [debug] [MainThread]: Sending event: {'category': 'dbt', 'action': 'adapter_info', 'label': 'b5dae1bc-7fd7-4ce2-897e-73f66ac3879d', 'context': [<snowplow_tracker.self_describing_json.SelfDescribingJson object at 0x107e4b130>]}
[0m20:26:23.036784 [info ] [MainThread]: Registered adapter: databricks=1.10.4
[0m20:26:23.096595 [debug] [MainThread]: checksum: 073cb5a296270136b24f9c040fdebd0642ef9c263903ef463bfe7e190c538da2, vars: {}, profile: , target: , version: 1.10.4
[0m20:26:23.171466 [debug] [MainThread]: Partial parsing enabled: 0 files deleted, 0 files added, 0 files changed.
[0m20:26:23.171646 [debug] [MainThread]: Partial parsing enabled, no changes found, skipping parsing
[0m20:26:23.188226 [debug] [MainThread]: Sending event: {'category': 'dbt', 'action': 'load_project', 'label': 'b5dae1bc-7fd7-4ce2-897e-73f66ac3879d', 'context': [<snowplow_tracker.self_describing_json.SelfDescribingJson object at 0x10cd28f50>]}
[0m20:26:23.224799 [debug] [MainThread]: Wrote artifact WritableManifest to /Users/Westy.Chen/Documents/dbt_poc/acap_demo/target/manifest.json
[0m20:26:23.225904 [debug] [MainThread]: Wrote artifact SemanticManifest to /Users/Westy.Chen/Documents/dbt_poc/acap_demo/target/semantic_manifest.json
[0m20:26:23.241902 [debug] [MainThread]: Sending event: {'category': 'dbt', 'action': 'resource_counts', 'label': 'b5dae1bc-7fd7-4ce2-897e-73f66ac3879d', 'context': [<snowplow_tracker.self_describing_json.SelfDescribingJson object at 0x10ce89220>]}
[0m20:26:23.242101 [info ] [MainThread]: Found 5 models, 4 data tests, 682 macros
[0m20:26:23.242235 [debug] [MainThread]: Sending event: {'category': 'dbt', 'action': 'runnable_timing', 'label': 'b5dae1bc-7fd7-4ce2-897e-73f66ac3879d', 'context': [<snowplow_tracker.self_describing_json.SelfDescribingJson object at 0x10ced4130>]}
[0m20:26:23.243145 [info ] [MainThread]: 
[0m20:26:23.243283 [info ] [MainThread]: Concurrency: 1 threads (target='dev')
[0m20:26:23.243390 [info ] [MainThread]: 
[0m20:26:23.243631 [debug] [MainThread]: Databricks adapter: DatabricksDBTConnection(session-id=None, name=master, idle-time=0s, language=None, compute-name=) - Creating connection
[0m20:26:23.243752 [debug] [MainThread]: Acquiring new databricks connection 'master'
[0m20:26:23.246363 [debug] [ThreadPool]: Databricks adapter: DatabricksDBTConnection(session-id=None, name=list_flipp_data_sandbox_dbt_demo_dbt_westy, idle-time=0s, language=None, compute-name=) - Creating connection
[0m20:26:23.246523 [debug] [ThreadPool]: Acquiring new databricks connection 'list_flipp_data_sandbox_dbt_demo_dbt_westy'
[0m20:26:23.252350 [debug] [ThreadPool]: Using databricks connection "list_flipp_data_sandbox_dbt_demo_dbt_westy"
[0m20:26:23.252600 [debug] [ThreadPool]: On list_flipp_data_sandbox_dbt_demo_dbt_westy: /* {"app": "dbt", "dbt_version": "1.10.4", "dbt_databricks_version": "1.10.4", "databricks_sql_connector_version": "4.0.5", "profile_name": "acap_demo", "target_name": "dev", "connection_name": "list_flipp_data_sandbox_dbt_demo_dbt_westy"} */

    
SELECT
  table_name,
  if(table_type IN ('EXTERNAL', 'MANAGED', 'MANAGED_SHALLOW_CLONE', 'EXTERNAL_SHALLOW_CLONE'), 'table', lower(table_type)) AS table_type,
  lower(data_source_format) AS file_format,
  table_owner
FROM `system`.`information_schema`.`tables`
WHERE table_catalog = 'flipp_data_sandbox' 
  AND table_schema = 'dbt_demo_dbt_westy'

  
[0m20:26:23.252773 [debug] [ThreadPool]: Opening a new connection, currently in state init
[0m20:26:23.455548 [debug] [ThreadPool]: Databricks adapter: Connection(session-id=b1c8e9b9-1178-495a-8366-219694e3d042) - Created
[0m20:26:24.049359 [debug] [ThreadPool]: SQL status: OK in 0.800 seconds
[0m20:26:24.056313 [debug] [ThreadPool]: Databricks adapter: Cursor(session-id=b1c8e9b9-1178-495a-8366-219694e3d042, command-id=4adc5e16-6516-43c0-8599-e301f1c2baf8) - Closing
[0m20:26:24.057530 [debug] [MainThread]: Sending event: {'category': 'dbt', 'action': 'runnable_timing', 'label': 'b5dae1bc-7fd7-4ce2-897e-73f66ac3879d', 'context': [<snowplow_tracker.self_describing_json.SelfDescribingJson object at 0x10b2720d0>]}
[0m20:26:24.059162 [debug] [Thread-1 (]: Began running node test.acap_demo.not_null_my_first_dbt_model_id.5fb22c2710
[0m20:26:24.059427 [info ] [Thread-1 (]: 1 of 4 START test not_null_my_first_dbt_model_id ............................... [RUN]
[0m20:26:24.059716 [debug] [Thread-1 (]: Re-using an available connection from the pool (formerly list_flipp_data_sandbox_dbt_demo_dbt_westy, now test.acap_demo.not_null_my_first_dbt_model_id.5fb22c2710)
[0m20:26:24.059954 [debug] [Thread-1 (]: Databricks adapter: DatabricksDBTConnection(session-id=b1c8e9b9-1178-495a-8366-219694e3d042, name=test.acap_demo.not_null_my_first_dbt_model_id.5fb22c2710, idle-time=0.0030679702758789062s, language=None, compute-name=) - Reusing connection previously named list_flipp_data_sandbox_dbt_demo_dbt_westy
[0m20:26:24.060173 [debug] [Thread-1 (]: Began compiling node test.acap_demo.not_null_my_first_dbt_model_id.5fb22c2710
[0m20:26:24.070730 [debug] [Thread-1 (]: Writing injected SQL for node "test.acap_demo.not_null_my_first_dbt_model_id.5fb22c2710"
[0m20:26:24.071280 [debug] [Thread-1 (]: Began executing node test.acap_demo.not_null_my_first_dbt_model_id.5fb22c2710
[0m20:26:24.080610 [debug] [Thread-1 (]: Writing runtime sql for node "test.acap_demo.not_null_my_first_dbt_model_id.5fb22c2710"
[0m20:26:24.080972 [debug] [Thread-1 (]: Using databricks connection "test.acap_demo.not_null_my_first_dbt_model_id.5fb22c2710"
[0m20:26:24.081159 [debug] [Thread-1 (]: On test.acap_demo.not_null_my_first_dbt_model_id.5fb22c2710: /* {"app": "dbt", "dbt_version": "1.10.4", "dbt_databricks_version": "1.10.4", "databricks_sql_connector_version": "4.0.5", "profile_name": "acap_demo", "target_name": "dev", "node_id": "test.acap_demo.not_null_my_first_dbt_model_id.5fb22c2710"} */

    select
      count(*) as failures,
      count(*) != 0 as should_warn,
      count(*) != 0 as should_error
    from (
      
    
  
    
    



select id
from `flipp_data_sandbox`.`dbt_demo_dbt_westy`.`my_first_dbt_model`
where id is null



  
  
      
    ) dbt_internal_test
[0m20:26:24.973596 [debug] [Thread-1 (]: SQL status: OK in 0.890 seconds
[0m20:26:24.976781 [debug] [Thread-1 (]: Databricks adapter: Cursor(session-id=b1c8e9b9-1178-495a-8366-219694e3d042, command-id=4acd7398-d5be-48c5-956f-05d131c7acd8) - Closing
[0m20:26:24.979825 [error] [Thread-1 (]: 1 of 4 FAIL 1 not_null_my_first_dbt_model_id ................................... [[31mFAIL 1[0m in 0.92s]
[0m20:26:24.980295 [debug] [Thread-1 (]: Finished running node test.acap_demo.not_null_my_first_dbt_model_id.5fb22c2710
[0m20:26:24.980597 [debug] [Thread-1 (]: Began running node test.acap_demo.not_null_my_second_dbt_model_id.151b76d778
[0m20:26:24.980962 [info ] [Thread-1 (]: 2 of 4 START test not_null_my_second_dbt_model_id .............................. [RUN]
[0m20:26:24.981368 [debug] [Thread-1 (]: Re-using an available connection from the pool (formerly test.acap_demo.not_null_my_first_dbt_model_id.5fb22c2710, now test.acap_demo.not_null_my_second_dbt_model_id.151b76d778)
[0m20:26:24.981695 [debug] [Thread-1 (]: Databricks adapter: DatabricksDBTConnection(session-id=b1c8e9b9-1178-495a-8366-219694e3d042, name=test.acap_demo.not_null_my_second_dbt_model_id.151b76d778, idle-time=0.0019519329071044922s, language=sql, compute-name=) - Reusing connection previously named test.acap_demo.not_null_my_first_dbt_model_id.5fb22c2710
[0m20:26:24.981969 [debug] [Thread-1 (]: Began compiling node test.acap_demo.not_null_my_second_dbt_model_id.151b76d778
[0m20:26:24.986016 [debug] [Thread-1 (]: Writing injected SQL for node "test.acap_demo.not_null_my_second_dbt_model_id.151b76d778"
[0m20:26:24.986766 [debug] [Thread-1 (]: Began executing node test.acap_demo.not_null_my_second_dbt_model_id.151b76d778
[0m20:26:24.988873 [debug] [Thread-1 (]: Writing runtime sql for node "test.acap_demo.not_null_my_second_dbt_model_id.151b76d778"
[0m20:26:24.989513 [debug] [Thread-1 (]: Using databricks connection "test.acap_demo.not_null_my_second_dbt_model_id.151b76d778"
[0m20:26:24.989770 [debug] [Thread-1 (]: On test.acap_demo.not_null_my_second_dbt_model_id.151b76d778: /* {"app": "dbt", "dbt_version": "1.10.4", "dbt_databricks_version": "1.10.4", "databricks_sql_connector_version": "4.0.5", "profile_name": "acap_demo", "target_name": "dev", "node_id": "test.acap_demo.not_null_my_second_dbt_model_id.151b76d778"} */

    select
      count(*) as failures,
      count(*) != 0 as should_warn,
      count(*) != 0 as should_error
    from (
      
    
  
    
    



select id
from `flipp_data_sandbox`.`dbt_demo_dbt_westy`.`my_second_dbt_model`
where id is null



  
  
      
    ) dbt_internal_test
[0m20:26:25.519405 [debug] [Thread-1 (]: SQL status: OK in 0.530 seconds
[0m20:26:25.522573 [debug] [Thread-1 (]: Databricks adapter: Cursor(session-id=b1c8e9b9-1178-495a-8366-219694e3d042, command-id=880715f6-a253-4787-a286-2384e276de80) - Closing
[0m20:26:25.523449 [info ] [Thread-1 (]: 2 of 4 PASS not_null_my_second_dbt_model_id .................................... [[32mPASS[0m in 0.54s]
[0m20:26:25.523909 [debug] [Thread-1 (]: Finished running node test.acap_demo.not_null_my_second_dbt_model_id.151b76d778
[0m20:26:25.524207 [debug] [Thread-1 (]: Began running node test.acap_demo.unique_my_first_dbt_model_id.16e066b321
[0m20:26:25.524558 [info ] [Thread-1 (]: 3 of 4 START test unique_my_first_dbt_model_id ................................. [RUN]
[0m20:26:25.524945 [debug] [Thread-1 (]: Re-using an available connection from the pool (formerly test.acap_demo.not_null_my_second_dbt_model_id.151b76d778, now test.acap_demo.unique_my_first_dbt_model_id.16e066b321)
[0m20:26:25.525241 [debug] [Thread-1 (]: Databricks adapter: DatabricksDBTConnection(session-id=b1c8e9b9-1178-495a-8366-219694e3d042, name=test.acap_demo.unique_my_first_dbt_model_id.16e066b321, idle-time=0.00189208984375s, language=sql, compute-name=) - Reusing connection previously named test.acap_demo.not_null_my_second_dbt_model_id.151b76d778
[0m20:26:25.525477 [debug] [Thread-1 (]: Began compiling node test.acap_demo.unique_my_first_dbt_model_id.16e066b321
[0m20:26:25.531053 [debug] [Thread-1 (]: Writing injected SQL for node "test.acap_demo.unique_my_first_dbt_model_id.16e066b321"
[0m20:26:25.536190 [debug] [Thread-1 (]: Began executing node test.acap_demo.unique_my_first_dbt_model_id.16e066b321
[0m20:26:25.538107 [debug] [Thread-1 (]: Writing runtime sql for node "test.acap_demo.unique_my_first_dbt_model_id.16e066b321"
[0m20:26:25.538540 [debug] [Thread-1 (]: Using databricks connection "test.acap_demo.unique_my_first_dbt_model_id.16e066b321"
[0m20:26:25.538780 [debug] [Thread-1 (]: On test.acap_demo.unique_my_first_dbt_model_id.16e066b321: /* {"app": "dbt", "dbt_version": "1.10.4", "dbt_databricks_version": "1.10.4", "databricks_sql_connector_version": "4.0.5", "profile_name": "acap_demo", "target_name": "dev", "node_id": "test.acap_demo.unique_my_first_dbt_model_id.16e066b321"} */

    select
      count(*) as failures,
      count(*) != 0 as should_warn,
      count(*) != 0 as should_error
    from (
      
    
  
    
    

select
    id as unique_field,
    count(*) as n_records

from `flipp_data_sandbox`.`dbt_demo_dbt_westy`.`my_first_dbt_model`
where id is not null
group by id
having count(*) > 1



  
  
      
    ) dbt_internal_test
[0m20:26:26.466708 [debug] [Thread-1 (]: SQL status: OK in 0.930 seconds
[0m20:26:26.470396 [debug] [Thread-1 (]: Databricks adapter: Cursor(session-id=b1c8e9b9-1178-495a-8366-219694e3d042, command-id=d3eb02b3-8914-4b39-a9bf-6bc4703f5aa6) - Closing
[0m20:26:26.471761 [info ] [Thread-1 (]: 3 of 4 PASS unique_my_first_dbt_model_id ....................................... [[32mPASS[0m in 0.95s]
[0m20:26:26.472500 [debug] [Thread-1 (]: Finished running node test.acap_demo.unique_my_first_dbt_model_id.16e066b321
[0m20:26:26.472968 [debug] [Thread-1 (]: Began running node test.acap_demo.unique_my_second_dbt_model_id.57a0f8c493
[0m20:26:26.473435 [info ] [Thread-1 (]: 4 of 4 START test unique_my_second_dbt_model_id ................................ [RUN]
[0m20:26:26.474039 [debug] [Thread-1 (]: Re-using an available connection from the pool (formerly test.acap_demo.unique_my_first_dbt_model_id.16e066b321, now test.acap_demo.unique_my_second_dbt_model_id.57a0f8c493)
[0m20:26:26.474495 [debug] [Thread-1 (]: Databricks adapter: DatabricksDBTConnection(session-id=b1c8e9b9-1178-495a-8366-219694e3d042, name=test.acap_demo.unique_my_second_dbt_model_id.57a0f8c493, idle-time=0.002877950668334961s, language=sql, compute-name=) - Reusing connection previously named test.acap_demo.unique_my_first_dbt_model_id.16e066b321
[0m20:26:26.474886 [debug] [Thread-1 (]: Began compiling node test.acap_demo.unique_my_second_dbt_model_id.57a0f8c493
[0m20:26:26.481583 [debug] [Thread-1 (]: Writing injected SQL for node "test.acap_demo.unique_my_second_dbt_model_id.57a0f8c493"
[0m20:26:26.482514 [debug] [Thread-1 (]: Began executing node test.acap_demo.unique_my_second_dbt_model_id.57a0f8c493
[0m20:26:26.485842 [debug] [Thread-1 (]: Writing runtime sql for node "test.acap_demo.unique_my_second_dbt_model_id.57a0f8c493"
[0m20:26:26.486404 [debug] [Thread-1 (]: Using databricks connection "test.acap_demo.unique_my_second_dbt_model_id.57a0f8c493"
[0m20:26:26.486770 [debug] [Thread-1 (]: On test.acap_demo.unique_my_second_dbt_model_id.57a0f8c493: /* {"app": "dbt", "dbt_version": "1.10.4", "dbt_databricks_version": "1.10.4", "databricks_sql_connector_version": "4.0.5", "profile_name": "acap_demo", "target_name": "dev", "node_id": "test.acap_demo.unique_my_second_dbt_model_id.57a0f8c493"} */

    select
      count(*) as failures,
      count(*) != 0 as should_warn,
      count(*) != 0 as should_error
    from (
      
    
  
    
    

select
    id as unique_field,
    count(*) as n_records

from `flipp_data_sandbox`.`dbt_demo_dbt_westy`.`my_second_dbt_model`
where id is not null
group by id
having count(*) > 1



  
  
      
    ) dbt_internal_test
[0m20:26:27.386171 [debug] [Thread-1 (]: SQL status: OK in 0.900 seconds
[0m20:26:27.389764 [debug] [Thread-1 (]: Databricks adapter: Cursor(session-id=b1c8e9b9-1178-495a-8366-219694e3d042, command-id=cda8ff93-89ed-444f-8f8d-fbaf525e813d) - Closing
[0m20:26:27.391108 [info ] [Thread-1 (]: 4 of 4 PASS unique_my_second_dbt_model_id ...................................... [[32mPASS[0m in 0.92s]
[0m20:26:27.391829 [debug] [Thread-1 (]: Finished running node test.acap_demo.unique_my_second_dbt_model_id.57a0f8c493
[0m20:26:27.393749 [debug] [MainThread]: Databricks adapter: DatabricksDBTConnection(session-id=None, name=master, idle-time=3.3358118534088135s, language=None, compute-name=) - Reusing connection previously named master
[0m20:26:27.394328 [debug] [MainThread]: Connection 'master' was properly closed.
[0m20:26:27.394636 [debug] [MainThread]: Connection 'test.acap_demo.unique_my_second_dbt_model_id.57a0f8c493' was properly closed.
[0m20:26:27.394941 [debug] [MainThread]: On test.acap_demo.unique_my_second_dbt_model_id.57a0f8c493: Close
[0m20:26:27.395264 [debug] [MainThread]: Databricks adapter: Connection(session-id=b1c8e9b9-1178-495a-8366-219694e3d042) - Closing
[0m20:26:27.478722 [info ] [MainThread]: 
[0m20:26:27.479655 [info ] [MainThread]: Finished running 4 data tests in 0 hours 0 minutes and 4.24 seconds (4.24s).
[0m20:26:27.481557 [debug] [MainThread]: Command end result
[0m20:26:27.516403 [debug] [MainThread]: Wrote artifact WritableManifest to /Users/Westy.Chen/Documents/dbt_poc/acap_demo/target/manifest.json
[0m20:26:27.517788 [debug] [MainThread]: Wrote artifact SemanticManifest to /Users/Westy.Chen/Documents/dbt_poc/acap_demo/target/semantic_manifest.json
[0m20:26:27.522186 [debug] [MainThread]: Wrote artifact RunExecutionResult to /Users/Westy.Chen/Documents/dbt_poc/acap_demo/target/run_results.json
[0m20:26:27.522372 [info ] [MainThread]: 
[0m20:26:27.522574 [info ] [MainThread]: [31mCompleted with 1 error, 0 partial successes, and 0 warnings:[0m
[0m20:26:27.522731 [info ] [MainThread]: 
[0m20:26:27.522939 [error] [MainThread]: [31mFailure in test not_null_my_first_dbt_model_id (models/example/schema.yml)[0m
[0m20:26:27.523131 [error] [MainThread]:   Got 1 result, configured to fail if != 0
[0m20:26:27.523274 [info ] [MainThread]: 
[0m20:26:27.523447 [info ] [MainThread]:   compiled code at target/compiled/acap_demo/models/example/schema.yml/not_null_my_first_dbt_model_id.sql
[0m20:26:27.523593 [info ] [MainThread]: 
[0m20:26:27.523770 [info ] [MainThread]: Done. PASS=3 WARN=0 ERROR=1 SKIP=0 NO-OP=0 TOTAL=4
[0m20:26:27.525327 [debug] [MainThread]: Resource report: {"command_name": "test", "command_success": false, "command_wall_clock_time": 5.352237, "process_in_blocks": "0", "process_kernel_time": 0.230392, "process_mem_max_rss": "235782144", "process_out_blocks": "0", "process_user_time": 1.37087}
[0m20:26:27.525643 [debug] [MainThread]: Command `dbt test` failed at 20:26:27.525586 after 5.35 seconds
[0m20:26:27.525870 [debug] [MainThread]: Sending event: {'category': 'dbt', 'action': 'invocation', 'label': 'end', 'context': [<snowplow_tracker.self_describing_json.SelfDescribingJson object at 0x106a49fd0>, <snowplow_tracker.self_describing_json.SelfDescribingJson object at 0x10ce9dde0>, <snowplow_tracker.self_describing_json.SelfDescribingJson object at 0x10ce9dff0>]}
[0m20:26:27.526073 [debug] [MainThread]: Flushing usage events
[0m20:26:27.628607 [debug] [MainThread]: An error was encountered while trying to flush usage events
[0m20:31:01.871675 [debug] [MainThread]: Sending event: {'category': 'dbt', 'action': 'invocation', 'label': 'start', 'context': [<snowplow_tracker.self_describing_json.SelfDescribingJson object at 0x105fdb380>, <snowplow_tracker.self_describing_json.SelfDescribingJson object at 0x1074af890>, <snowplow_tracker.self_describing_json.SelfDescribingJson object at 0x1074af9d0>]}


============================== 20:31:01.874396 | 34ea5762-0459-436d-8926-083b0cbff3e6 ==============================
[0m20:31:01.874396 [info ] [MainThread]: Running with dbt=1.10.4
[0m20:31:01.874657 [debug] [MainThread]: running dbt with arguments {'printer_width': '80', 'indirect_selection': 'eager', 'write_json': 'True', 'log_cache_events': 'False', 'partial_parse': 'True', 'cache_selected_only': 'False', 'warn_error': 'None', 'debug': 'False', 'profiles_dir': '/Users/Westy.Chen/.dbt', 'log_path': '/Users/Westy.Chen/Documents/dbt_poc/acap_demo/logs', 'fail_fast': 'False', 'version_check': 'True', 'use_colors': 'True', 'use_experimental_parser': 'False', 'no_print': 'None', 'quiet': 'False', 'empty': 'None', 'warn_error_options': 'WarnErrorOptionsV2(error=[], warn=[], silence=[])', 'static_parser': 'True', 'introspect': 'True', 'invocation_command': 'dbt docs generate', 'target_path': 'None', 'log_format': 'default', 'send_anonymous_usage_stats': 'True'}
[0m20:31:02.248969 [debug] [MainThread]: Spark adapter: Setting pyhive.hive logging to ERROR
[0m20:31:02.249198 [debug] [MainThread]: Spark adapter: Setting thrift.transport logging to ERROR
[0m20:31:02.249329 [debug] [MainThread]: Spark adapter: Setting thrift.protocol logging to ERROR
[0m20:31:02.702601 [debug] [MainThread]: Sending event: {'category': 'dbt', 'action': 'project_id', 'label': '34ea5762-0459-436d-8926-083b0cbff3e6', 'context': [<snowplow_tracker.self_describing_json.SelfDescribingJson object at 0x1067cb490>]}
[0m20:31:02.726267 [debug] [MainThread]: Sending event: {'category': 'dbt', 'action': 'adapter_info', 'label': '34ea5762-0459-436d-8926-083b0cbff3e6', 'context': [<snowplow_tracker.self_describing_json.SelfDescribingJson object at 0x108703130>]}
[0m20:31:02.726537 [info ] [MainThread]: Registered adapter: databricks=1.10.4
[0m20:31:02.787315 [debug] [MainThread]: checksum: 073cb5a296270136b24f9c040fdebd0642ef9c263903ef463bfe7e190c538da2, vars: {}, profile: , target: , version: 1.10.4
[0m20:31:02.860617 [debug] [MainThread]: Partial parsing enabled: 0 files deleted, 0 files added, 0 files changed.
[0m20:31:02.860789 [debug] [MainThread]: Partial parsing enabled, no changes found, skipping parsing
[0m20:31:02.877459 [debug] [MainThread]: Sending event: {'category': 'dbt', 'action': 'load_project', 'label': '34ea5762-0459-436d-8926-083b0cbff3e6', 'context': [<snowplow_tracker.self_describing_json.SelfDescribingJson object at 0x10d618f50>]}
[0m20:31:02.888353 [debug] [MainThread]: Sending event: {'category': 'dbt', 'action': 'resource_counts', 'label': '34ea5762-0459-436d-8926-083b0cbff3e6', 'context': [<snowplow_tracker.self_describing_json.SelfDescribingJson object at 0x10d5b5040>]}
[0m20:31:02.888545 [info ] [MainThread]: Found 5 models, 4 data tests, 682 macros
[0m20:31:02.888681 [debug] [MainThread]: Sending event: {'category': 'dbt', 'action': 'runnable_timing', 'label': '34ea5762-0459-436d-8926-083b0cbff3e6', 'context': [<snowplow_tracker.self_describing_json.SelfDescribingJson object at 0x10d683770>]}
[0m20:31:02.889419 [info ] [MainThread]: 
[0m20:31:02.889558 [info ] [MainThread]: Concurrency: 1 threads (target='dev')
[0m20:31:02.889666 [info ] [MainThread]: 
[0m20:31:02.889887 [debug] [MainThread]: Databricks adapter: DatabricksDBTConnection(session-id=None, name=master, idle-time=0s, language=None, compute-name=) - Creating connection
[0m20:31:02.890013 [debug] [MainThread]: Acquiring new databricks connection 'master'
[0m20:31:02.892627 [debug] [ThreadPool]: Databricks adapter: DatabricksDBTConnection(session-id=None, name=list_flipp_data_sandbox_dbt_demo_dbt_westy, idle-time=0s, language=None, compute-name=) - Creating connection
[0m20:31:02.892791 [debug] [ThreadPool]: Acquiring new databricks connection 'list_flipp_data_sandbox_dbt_demo_dbt_westy'
[0m20:31:02.899423 [debug] [ThreadPool]: Using databricks connection "list_flipp_data_sandbox_dbt_demo_dbt_westy"
[0m20:31:02.899625 [debug] [ThreadPool]: On list_flipp_data_sandbox_dbt_demo_dbt_westy: /* {"app": "dbt", "dbt_version": "1.10.4", "dbt_databricks_version": "1.10.4", "databricks_sql_connector_version": "4.0.5", "profile_name": "acap_demo", "target_name": "dev", "connection_name": "list_flipp_data_sandbox_dbt_demo_dbt_westy"} */

    
SELECT
  table_name,
  if(table_type IN ('EXTERNAL', 'MANAGED', 'MANAGED_SHALLOW_CLONE', 'EXTERNAL_SHALLOW_CLONE'), 'table', lower(table_type)) AS table_type,
  lower(data_source_format) AS file_format,
  table_owner
FROM `system`.`information_schema`.`tables`
WHERE table_catalog = 'flipp_data_sandbox' 
  AND table_schema = 'dbt_demo_dbt_westy'

  
[0m20:31:02.899742 [debug] [ThreadPool]: Opening a new connection, currently in state init
[0m20:31:03.177870 [debug] [ThreadPool]: Databricks adapter: Connection(session-id=2c7e79f2-b449-434c-8686-176304f75af7) - Created
[0m20:31:03.530558 [debug] [ThreadPool]: SQL status: OK in 0.630 seconds
[0m20:31:03.541524 [debug] [ThreadPool]: Databricks adapter: Cursor(session-id=2c7e79f2-b449-434c-8686-176304f75af7, command-id=0345b4e1-1bd1-4b8b-b0c3-4364fff09dd2) - Closing
[0m20:31:03.543328 [debug] [MainThread]: Sending event: {'category': 'dbt', 'action': 'runnable_timing', 'label': '34ea5762-0459-436d-8926-083b0cbff3e6', 'context': [<snowplow_tracker.self_describing_json.SelfDescribingJson object at 0x10bb560d0>]}
[0m20:31:03.545529 [debug] [Thread-1 (]: Began running node model.acap_demo.dates
[0m20:31:03.545887 [debug] [Thread-1 (]: Re-using an available connection from the pool (formerly list_flipp_data_sandbox_dbt_demo_dbt_westy, now model.acap_demo.dates)
[0m20:31:03.546202 [debug] [Thread-1 (]: Databricks adapter: DatabricksDBTConnection(session-id=2c7e79f2-b449-434c-8686-176304f75af7, name=model.acap_demo.dates, idle-time=0.003859281539916992s, language=None, compute-name=) - Reusing connection previously named list_flipp_data_sandbox_dbt_demo_dbt_westy
[0m20:31:03.546477 [debug] [Thread-1 (]: Began compiling node model.acap_demo.dates
[0m20:31:03.552929 [debug] [Thread-1 (]: Writing injected SQL for node "model.acap_demo.dates"
[0m20:31:03.553683 [debug] [Thread-1 (]: Began executing node model.acap_demo.dates
[0m20:31:03.554137 [debug] [Thread-1 (]: Finished running node model.acap_demo.dates
[0m20:31:03.554383 [debug] [Thread-1 (]: Began running node model.acap_demo.my_first_dbt_model
[0m20:31:03.554670 [debug] [Thread-1 (]: Re-using an available connection from the pool (formerly model.acap_demo.dates, now model.acap_demo.my_first_dbt_model)
[0m20:31:03.554920 [debug] [Thread-1 (]: Databricks adapter: DatabricksDBTConnection(session-id=2c7e79f2-b449-434c-8686-176304f75af7, name=model.acap_demo.my_first_dbt_model, idle-time=0.0009028911590576172s, language=sql, compute-name=) - Reusing connection previously named model.acap_demo.dates
[0m20:31:03.555139 [debug] [Thread-1 (]: Began compiling node model.acap_demo.my_first_dbt_model
[0m20:31:03.557394 [debug] [Thread-1 (]: Writing injected SQL for node "model.acap_demo.my_first_dbt_model"
[0m20:31:03.557894 [debug] [Thread-1 (]: Began executing node model.acap_demo.my_first_dbt_model
[0m20:31:03.558251 [debug] [Thread-1 (]: Finished running node model.acap_demo.my_first_dbt_model
[0m20:31:03.558474 [debug] [Thread-1 (]: Began running node model.acap_demo.stg_flyer_impressions
[0m20:31:03.558681 [debug] [Thread-1 (]: Re-using an available connection from the pool (formerly model.acap_demo.my_first_dbt_model, now model.acap_demo.stg_flyer_impressions)
[0m20:31:03.558936 [debug] [Thread-1 (]: Databricks adapter: DatabricksDBTConnection(session-id=2c7e79f2-b449-434c-8686-176304f75af7, name=model.acap_demo.stg_flyer_impressions, idle-time=0.0007696151733398438s, language=sql, compute-name=) - Reusing connection previously named model.acap_demo.my_first_dbt_model
[0m20:31:03.559176 [debug] [Thread-1 (]: Began compiling node model.acap_demo.stg_flyer_impressions
[0m20:31:03.560793 [debug] [Thread-1 (]: Writing injected SQL for node "model.acap_demo.stg_flyer_impressions"
[0m20:31:03.561394 [debug] [Thread-1 (]: Began executing node model.acap_demo.stg_flyer_impressions
[0m20:31:03.561789 [debug] [Thread-1 (]: Finished running node model.acap_demo.stg_flyer_impressions
[0m20:31:03.562005 [debug] [Thread-1 (]: Began running node model.acap_demo.my_second_dbt_model
[0m20:31:03.562216 [debug] [Thread-1 (]: Re-using an available connection from the pool (formerly model.acap_demo.stg_flyer_impressions, now model.acap_demo.my_second_dbt_model)
[0m20:31:03.562459 [debug] [Thread-1 (]: Databricks adapter: DatabricksDBTConnection(session-id=2c7e79f2-b449-434c-8686-176304f75af7, name=model.acap_demo.my_second_dbt_model, idle-time=0.0007572174072265625s, language=sql, compute-name=) - Reusing connection previously named model.acap_demo.stg_flyer_impressions
[0m20:31:03.562691 [debug] [Thread-1 (]: Began compiling node model.acap_demo.my_second_dbt_model
[0m20:31:03.564414 [debug] [Thread-1 (]: Writing injected SQL for node "model.acap_demo.my_second_dbt_model"
[0m20:31:03.564860 [debug] [Thread-1 (]: Began executing node model.acap_demo.my_second_dbt_model
[0m20:31:03.565179 [debug] [Thread-1 (]: Finished running node model.acap_demo.my_second_dbt_model
[0m20:31:03.565374 [debug] [Thread-1 (]: Began running node test.acap_demo.not_null_my_first_dbt_model_id.5fb22c2710
[0m20:31:03.565585 [debug] [Thread-1 (]: Re-using an available connection from the pool (formerly model.acap_demo.my_second_dbt_model, now test.acap_demo.not_null_my_first_dbt_model_id.5fb22c2710)
[0m20:31:03.565808 [debug] [Thread-1 (]: Databricks adapter: DatabricksDBTConnection(session-id=2c7e79f2-b449-434c-8686-176304f75af7, name=test.acap_demo.not_null_my_first_dbt_model_id.5fb22c2710, idle-time=0.0007028579711914062s, language=sql, compute-name=) - Reusing connection previously named model.acap_demo.my_second_dbt_model
[0m20:31:03.565997 [debug] [Thread-1 (]: Began compiling node test.acap_demo.not_null_my_first_dbt_model_id.5fb22c2710
[0m20:31:03.572424 [debug] [Thread-1 (]: Writing injected SQL for node "test.acap_demo.not_null_my_first_dbt_model_id.5fb22c2710"
[0m20:31:03.572873 [debug] [Thread-1 (]: Began executing node test.acap_demo.not_null_my_first_dbt_model_id.5fb22c2710
[0m20:31:03.573176 [debug] [Thread-1 (]: Finished running node test.acap_demo.not_null_my_first_dbt_model_id.5fb22c2710
[0m20:31:03.573353 [debug] [Thread-1 (]: Began running node test.acap_demo.unique_my_first_dbt_model_id.16e066b321
[0m20:31:03.573532 [debug] [Thread-1 (]: Re-using an available connection from the pool (formerly test.acap_demo.not_null_my_first_dbt_model_id.5fb22c2710, now test.acap_demo.unique_my_first_dbt_model_id.16e066b321)
[0m20:31:03.573735 [debug] [Thread-1 (]: Databricks adapter: DatabricksDBTConnection(session-id=2c7e79f2-b449-434c-8686-176304f75af7, name=test.acap_demo.unique_my_first_dbt_model_id.16e066b321, idle-time=0.0006239414215087891s, language=sql, compute-name=) - Reusing connection previously named test.acap_demo.not_null_my_first_dbt_model_id.5fb22c2710
[0m20:31:03.573904 [debug] [Thread-1 (]: Began compiling node test.acap_demo.unique_my_first_dbt_model_id.16e066b321
[0m20:31:03.579363 [debug] [Thread-1 (]: Writing injected SQL for node "test.acap_demo.unique_my_first_dbt_model_id.16e066b321"
[0m20:31:03.579811 [debug] [Thread-1 (]: Began executing node test.acap_demo.unique_my_first_dbt_model_id.16e066b321
[0m20:31:03.580112 [debug] [Thread-1 (]: Finished running node test.acap_demo.unique_my_first_dbt_model_id.16e066b321
[0m20:31:03.580286 [debug] [Thread-1 (]: Began running node model.acap_demo.flyer_impressions
[0m20:31:03.580472 [debug] [Thread-1 (]: Re-using an available connection from the pool (formerly test.acap_demo.unique_my_first_dbt_model_id.16e066b321, now model.acap_demo.flyer_impressions)
[0m20:31:03.580654 [debug] [Thread-1 (]: Databricks adapter: DatabricksDBTConnection(session-id=2c7e79f2-b449-434c-8686-176304f75af7, name=model.acap_demo.flyer_impressions, idle-time=0.0006089210510253906s, language=sql, compute-name=) - Reusing connection previously named test.acap_demo.unique_my_first_dbt_model_id.16e066b321
[0m20:31:03.580814 [debug] [Thread-1 (]: Began compiling node model.acap_demo.flyer_impressions
[0m20:31:03.582277 [debug] [Thread-1 (]: Writing injected SQL for node "model.acap_demo.flyer_impressions"
[0m20:31:03.582668 [debug] [Thread-1 (]: Began executing node model.acap_demo.flyer_impressions
[0m20:31:03.582947 [debug] [Thread-1 (]: Finished running node model.acap_demo.flyer_impressions
[0m20:31:03.583109 [debug] [Thread-1 (]: Began running node test.acap_demo.not_null_my_second_dbt_model_id.151b76d778
[0m20:31:03.583280 [debug] [Thread-1 (]: Re-using an available connection from the pool (formerly model.acap_demo.flyer_impressions, now test.acap_demo.not_null_my_second_dbt_model_id.151b76d778)
[0m20:31:03.583448 [debug] [Thread-1 (]: Databricks adapter: DatabricksDBTConnection(session-id=2c7e79f2-b449-434c-8686-176304f75af7, name=test.acap_demo.not_null_my_second_dbt_model_id.151b76d778, idle-time=0.0005619525909423828s, language=sql, compute-name=) - Reusing connection previously named model.acap_demo.flyer_impressions
[0m20:31:03.583599 [debug] [Thread-1 (]: Began compiling node test.acap_demo.not_null_my_second_dbt_model_id.151b76d778
[0m20:31:03.585711 [debug] [Thread-1 (]: Writing injected SQL for node "test.acap_demo.not_null_my_second_dbt_model_id.151b76d778"
[0m20:31:03.585964 [debug] [Thread-1 (]: Began executing node test.acap_demo.not_null_my_second_dbt_model_id.151b76d778
[0m20:31:03.586226 [debug] [Thread-1 (]: Finished running node test.acap_demo.not_null_my_second_dbt_model_id.151b76d778
[0m20:31:03.586385 [debug] [Thread-1 (]: Began running node test.acap_demo.unique_my_second_dbt_model_id.57a0f8c493
[0m20:31:03.586551 [debug] [Thread-1 (]: Re-using an available connection from the pool (formerly test.acap_demo.not_null_my_second_dbt_model_id.151b76d778, now test.acap_demo.unique_my_second_dbt_model_id.57a0f8c493)
[0m20:31:03.586715 [debug] [Thread-1 (]: Databricks adapter: DatabricksDBTConnection(session-id=2c7e79f2-b449-434c-8686-176304f75af7, name=test.acap_demo.unique_my_second_dbt_model_id.57a0f8c493, idle-time=0.0005509853363037109s, language=sql, compute-name=) - Reusing connection previously named test.acap_demo.not_null_my_second_dbt_model_id.151b76d778
[0m20:31:03.586859 [debug] [Thread-1 (]: Began compiling node test.acap_demo.unique_my_second_dbt_model_id.57a0f8c493
[0m20:31:03.588582 [debug] [Thread-1 (]: Writing injected SQL for node "test.acap_demo.unique_my_second_dbt_model_id.57a0f8c493"
[0m20:31:03.588809 [debug] [Thread-1 (]: Began executing node test.acap_demo.unique_my_second_dbt_model_id.57a0f8c493
[0m20:31:03.589053 [debug] [Thread-1 (]: Finished running node test.acap_demo.unique_my_second_dbt_model_id.57a0f8c493
[0m20:31:03.589458 [debug] [MainThread]: Connection 'master' was properly closed.
[0m20:31:03.589581 [debug] [MainThread]: Connection 'test.acap_demo.unique_my_second_dbt_model_id.57a0f8c493' was properly closed.
[0m20:31:03.589704 [debug] [MainThread]: On test.acap_demo.unique_my_second_dbt_model_id.57a0f8c493: Close
[0m20:31:03.589838 [debug] [MainThread]: Databricks adapter: Connection(session-id=2c7e79f2-b449-434c-8686-176304f75af7) - Closing
[0m20:31:03.693419 [debug] [MainThread]: Command end result
[0m20:31:03.743325 [debug] [MainThread]: Wrote artifact WritableManifest to /Users/Westy.Chen/Documents/dbt_poc/acap_demo/target/manifest.json
[0m20:31:03.744549 [debug] [MainThread]: Wrote artifact SemanticManifest to /Users/Westy.Chen/Documents/dbt_poc/acap_demo/target/semantic_manifest.json
[0m20:31:03.747817 [debug] [MainThread]: Wrote artifact RunExecutionResult to /Users/Westy.Chen/Documents/dbt_poc/acap_demo/target/run_results.json
[0m20:31:03.749678 [debug] [MainThread]: Databricks adapter: DatabricksDBTConnection(session-id=None, name=generate_catalog, idle-time=0s, language=None, compute-name=) - Creating connection
[0m20:31:03.749819 [debug] [MainThread]: Acquiring new databricks connection 'generate_catalog'
[0m20:31:03.749928 [info ] [MainThread]: Building catalog
[0m20:31:03.750618 [debug] [ThreadPool]: Databricks adapter: DatabricksDBTConnection(session-id=None, name=('flipp_data_sandbox', 'dbt_demo_dbt_westy'), idle-time=0s, language=None, compute-name=) - Creating connection
[0m20:31:03.750766 [debug] [ThreadPool]: Acquiring new databricks connection '('flipp_data_sandbox', 'dbt_demo_dbt_westy')'
[0m20:31:03.752989 [debug] [ThreadPool]: Using databricks connection "('flipp_data_sandbox', 'dbt_demo_dbt_westy')"
[0m20:31:03.753130 [debug] [ThreadPool]: On ('flipp_data_sandbox', 'dbt_demo_dbt_westy'): /* {"app": "dbt", "dbt_version": "1.10.4", "dbt_databricks_version": "1.10.4", "databricks_sql_connector_version": "4.0.5", "profile_name": "acap_demo", "target_name": "dev", "connection_name": "('flipp_data_sandbox', 'dbt_demo_dbt_westy')"} */

    
SELECT current_catalog()

  
[0m20:31:03.753251 [debug] [ThreadPool]: Opening a new connection, currently in state init
[0m20:31:03.932632 [debug] [ThreadPool]: Databricks adapter: Connection(session-id=123e22b8-7c8d-4b95-81b9-27953c6962aa) - Created
[0m20:31:04.101184 [debug] [ThreadPool]: SQL status: OK in 0.350 seconds
[0m20:31:04.104657 [debug] [ThreadPool]: Databricks adapter: Cursor(session-id=123e22b8-7c8d-4b95-81b9-27953c6962aa, command-id=8ce3fa5d-098e-445e-b6a2-a5b437504ec5) - Closing
[0m20:31:04.114545 [debug] [ThreadPool]: Using databricks connection "('flipp_data_sandbox', 'dbt_demo_dbt_westy')"
[0m20:31:04.115025 [debug] [ThreadPool]: On ('flipp_data_sandbox', 'dbt_demo_dbt_westy'): /* {"app": "dbt", "dbt_version": "1.10.4", "dbt_databricks_version": "1.10.4", "databricks_sql_connector_version": "4.0.5", "profile_name": "acap_demo", "target_name": "dev", "connection_name": "('flipp_data_sandbox', 'dbt_demo_dbt_westy')"} */

    
SHOW TABLE EXTENDED IN `flipp_data_sandbox`.`dbt_demo_dbt_westy` LIKE 'my_second_dbt_model|my_first_dbt_model|flyer_impressions|dates|stg_flyer_impressions'

  
[0m20:31:05.007322 [debug] [ThreadPool]: SQL status: OK in 0.890 seconds
[0m20:31:05.012161 [debug] [ThreadPool]: Databricks adapter: Cursor(session-id=123e22b8-7c8d-4b95-81b9-27953c6962aa, command-id=d8175d2c-43a1-42ca-a919-91c676db7736) - Closing
[0m20:31:05.026847 [debug] [MainThread]: Wrote artifact CatalogArtifact to /Users/Westy.Chen/Documents/dbt_poc/acap_demo/target/catalog.json
[0m20:31:05.048808 [debug] [MainThread]: Wrote artifact WritableManifest to /Users/Westy.Chen/Documents/dbt_poc/acap_demo/target/manifest.json
[0m20:31:05.049757 [debug] [MainThread]: Wrote artifact SemanticManifest to /Users/Westy.Chen/Documents/dbt_poc/acap_demo/target/semantic_manifest.json
[0m20:31:05.049914 [info ] [MainThread]: Catalog written to /Users/Westy.Chen/Documents/dbt_poc/acap_demo/target/catalog.json
[0m20:31:05.051996 [debug] [MainThread]: Resource report: {"command_name": "generate", "command_success": true, "command_wall_clock_time": 3.2111068, "process_in_blocks": "0", "process_kernel_time": 0.233718, "process_mem_max_rss": "234569728", "process_out_blocks": "0", "process_user_time": 1.375909}
[0m20:31:05.052324 [debug] [MainThread]: Command `dbt docs generate` succeeded at 20:31:05.052266 after 3.21 seconds
[0m20:31:05.052496 [debug] [MainThread]: Connection 'generate_catalog' was properly closed.
[0m20:31:05.052630 [debug] [MainThread]: Connection '('flipp_data_sandbox', 'dbt_demo_dbt_westy')' was properly closed.
[0m20:31:05.052766 [debug] [MainThread]: On ('flipp_data_sandbox', 'dbt_demo_dbt_westy'): Close
[0m20:31:05.052916 [debug] [MainThread]: Databricks adapter: Connection(session-id=123e22b8-7c8d-4b95-81b9-27953c6962aa) - Closing
[0m20:31:05.155223 [debug] [MainThread]: Sending event: {'category': 'dbt', 'action': 'invocation', 'label': 'end', 'context': [<snowplow_tracker.self_describing_json.SelfDescribingJson object at 0x107301fd0>, <snowplow_tracker.self_describing_json.SelfDescribingJson object at 0x10d723a10>, <snowplow_tracker.self_describing_json.SelfDescribingJson object at 0x10d723ee0>]}
[0m20:31:05.155769 [debug] [MainThread]: Flushing usage events
[0m20:31:05.326447 [debug] [MainThread]: An error was encountered while trying to flush usage events
[0m20:31:13.661929 [debug] [MainThread]: Sending event: {'category': 'dbt', 'action': 'invocation', 'label': 'start', 'context': [<snowplow_tracker.self_describing_json.SelfDescribingJson object at 0x105b27380>, <snowplow_tracker.self_describing_json.SelfDescribingJson object at 0x10760b890>, <snowplow_tracker.self_describing_json.SelfDescribingJson object at 0x10760b9d0>]}


============================== 20:31:13.664692 | 7ec861e7-20a9-4fbb-98b5-aed79163fa46 ==============================
[0m20:31:13.664692 [info ] [MainThread]: Running with dbt=1.10.4
[0m20:31:13.664961 [debug] [MainThread]: running dbt with arguments {'printer_width': '80', 'indirect_selection': 'eager', 'log_cache_events': 'False', 'write_json': 'True', 'partial_parse': 'True', 'cache_selected_only': 'False', 'warn_error': 'None', 'debug': 'False', 'fail_fast': 'False', 'log_path': '/Users/Westy.Chen/Documents/dbt_poc/acap_demo/logs', 'version_check': 'True', 'profiles_dir': '/Users/Westy.Chen/.dbt', 'use_colors': 'True', 'use_experimental_parser': 'False', 'no_print': 'None', 'quiet': 'False', 'empty': 'None', 'log_format': 'default', 'invocation_command': 'dbt docs serve', 'introspect': 'True', 'static_parser': 'True', 'target_path': 'None', 'warn_error_options': 'WarnErrorOptionsV2(error=[], warn=[], silence=[])', 'send_anonymous_usage_stats': 'True'}
[0m20:31:14.033816 [debug] [MainThread]: Spark adapter: Setting pyhive.hive logging to ERROR
[0m20:31:14.034050 [debug] [MainThread]: Spark adapter: Setting thrift.transport logging to ERROR
[0m20:31:14.034172 [debug] [MainThread]: Spark adapter: Setting thrift.protocol logging to ERROR
[0m20:31:14.358220 [debug] [MainThread]: Sending event: {'category': 'dbt', 'action': 'project_id', 'label': '7ec861e7-20a9-4fbb-98b5-aed79163fa46', 'context': [<snowplow_tracker.self_describing_json.SelfDescribingJson object at 0x106627490>]}
[0m20:31:14.382045 [debug] [MainThread]: Sending event: {'category': 'dbt', 'action': 'adapter_info', 'label': '7ec861e7-20a9-4fbb-98b5-aed79163fa46', 'context': [<snowplow_tracker.self_describing_json.SelfDescribingJson object at 0x11955f240>]}
[0m21:04:41.755765 [error] [MainThread]: Encountered an error:

[0m21:04:41.767042 [error] [MainThread]: Traceback (most recent call last):
  File "/Users/Westy.Chen/Documents/dbt_poc/dbt-env/lib/python3.13/site-packages/dbt/cli/requires.py", line 161, in wrapper
    result, success = func(*args, **kwargs)
                      ~~~~^^^^^^^^^^^^^^^^^
  File "/Users/Westy.Chen/Documents/dbt_poc/dbt-env/lib/python3.13/site-packages/dbt/cli/requires.py", line 111, in wrapper
    return func(*args, **kwargs)
  File "/Users/Westy.Chen/Documents/dbt_poc/dbt-env/lib/python3.13/site-packages/dbt/cli/requires.py", line 254, in wrapper
    return func(*args, **kwargs)
  File "/Users/Westy.Chen/Documents/dbt_poc/dbt-env/lib/python3.13/site-packages/dbt/cli/requires.py", line 285, in wrapper
    return func(*args, **kwargs)
  File "/Users/Westy.Chen/Documents/dbt_poc/dbt-env/lib/python3.13/site-packages/dbt/cli/requires.py", line 332, in wrapper
    return func(*args, **kwargs)
  File "/Users/Westy.Chen/Documents/dbt_poc/dbt-env/lib/python3.13/site-packages/dbt/cli/main.py", line 307, in docs_serve
    results = task.run()
  File "/Users/Westy.Chen/Documents/dbt_poc/dbt-env/lib/python3.13/site-packages/dbt/task/docs/serve.py", line 29, in run
    httpd.serve_forever()
    ~~~~~~~~~~~~~~~~~~~^^
  File "/opt/homebrew/Cellar/python@3.13/3.13.5/Frameworks/Python.framework/Versions/3.13/lib/python3.13/socketserver.py", line 235, in serve_forever
    ready = selector.select(poll_interval)
  File "/opt/homebrew/Cellar/python@3.13/3.13.5/Frameworks/Python.framework/Versions/3.13/lib/python3.13/selectors.py", line 398, in select
    fd_event_list = self._selector.poll(timeout)
KeyboardInterrupt

[0m21:04:41.777392 [debug] [MainThread]: Resource report: {"command_name": "serve", "command_success": false, "command_wall_clock_time": 879.2489, "process_in_blocks": "0", "process_kernel_time": 0.214753, "process_mem_max_rss": "221265920", "process_out_blocks": "0", "process_user_time": 1.152118}
[0m21:04:41.786574 [debug] [MainThread]: Command `dbt docs serve` failed at 21:04:41.786333 after 879.26 seconds
[0m21:04:41.789572 [debug] [MainThread]: Sending event: {'category': 'dbt', 'action': 'invocation', 'label': 'end', 'context': [<snowplow_tracker.self_describing_json.SelfDescribingJson object at 0x11ef97d50>, <snowplow_tracker.self_describing_json.SelfDescribingJson object at 0x11f380050>, <snowplow_tracker.self_describing_json.SelfDescribingJson object at 0x11f067200>]}
[0m21:04:41.790629 [debug] [MainThread]: Flushing usage events
[0m21:04:42.136608 [debug] [MainThread]: An error was encountered while trying to flush usage events
[0m21:04:46.121695 [debug] [MainThread]: Sending event: {'category': 'dbt', 'action': 'invocation', 'label': 'start', 'context': [<snowplow_tracker.self_describing_json.SelfDescribingJson object at 0x105693380>, <snowplow_tracker.self_describing_json.SelfDescribingJson object at 0x106b67890>, <snowplow_tracker.self_describing_json.SelfDescribingJson object at 0x106b679d0>]}


============================== 21:04:46.124386 | 9aacded9-ef4c-4fe0-9815-86e56354f918 ==============================
[0m21:04:46.124386 [info ] [MainThread]: Running with dbt=1.10.4
[0m21:04:46.124640 [debug] [MainThread]: running dbt with arguments {'printer_width': '80', 'indirect_selection': 'eager', 'write_json': 'True', 'log_cache_events': 'False', 'partial_parse': 'True', 'cache_selected_only': 'False', 'warn_error': 'None', 'debug': 'False', 'version_check': 'True', 'log_path': '/Users/Westy.Chen/Documents/dbt_poc/acap_demo/logs', 'fail_fast': 'False', 'profiles_dir': '/Users/Westy.Chen/.dbt', 'use_colors': 'True', 'use_experimental_parser': 'False', 'no_print': 'None', 'quiet': 'False', 'empty': 'None', 'warn_error_options': 'WarnErrorOptionsV2(error=[], warn=[], silence=[])', 'static_parser': 'True', 'log_format': 'default', 'introspect': 'True', 'target_path': 'None', 'invocation_command': 'dbt test', 'send_anonymous_usage_stats': 'True'}
[0m21:04:46.491296 [debug] [MainThread]: Spark adapter: Setting pyhive.hive logging to ERROR
[0m21:04:46.491517 [debug] [MainThread]: Spark adapter: Setting thrift.transport logging to ERROR
[0m21:04:46.491638 [debug] [MainThread]: Spark adapter: Setting thrift.protocol logging to ERROR
[0m21:04:46.828654 [debug] [MainThread]: Sending event: {'category': 'dbt', 'action': 'project_id', 'label': '9aacded9-ef4c-4fe0-9815-86e56354f918', 'context': [<snowplow_tracker.self_describing_json.SelfDescribingJson object at 0x105e83490>]}
[0m21:04:46.852046 [debug] [MainThread]: Sending event: {'category': 'dbt', 'action': 'adapter_info', 'label': '9aacded9-ef4c-4fe0-9815-86e56354f918', 'context': [<snowplow_tracker.self_describing_json.SelfDescribingJson object at 0x107dbb130>]}
[0m21:04:46.852317 [info ] [MainThread]: Registered adapter: databricks=1.10.4
[0m21:04:46.912846 [debug] [MainThread]: checksum: 073cb5a296270136b24f9c040fdebd0642ef9c263903ef463bfe7e190c538da2, vars: {}, profile: , target: , version: 1.10.4
[0m21:04:46.985924 [debug] [MainThread]: Partial parsing enabled: 0 files deleted, 1 files added, 0 files changed.
[0m21:04:46.986196 [debug] [MainThread]: Partial parsing: added file: acap_demo://models/schema.yml
[0m21:04:47.086907 [debug] [MainThread]: Sending event: {'category': 'dbt', 'action': 'load_project', 'label': '9aacded9-ef4c-4fe0-9815-86e56354f918', 'context': [<snowplow_tracker.self_describing_json.SelfDescribingJson object at 0x10ccb5e50>]}
[0m21:04:47.120194 [debug] [MainThread]: Wrote artifact WritableManifest to /Users/Westy.Chen/Documents/dbt_poc/acap_demo/target/manifest.json
[0m21:04:47.121432 [debug] [MainThread]: Wrote artifact SemanticManifest to /Users/Westy.Chen/Documents/dbt_poc/acap_demo/target/semantic_manifest.json
[0m21:04:47.137584 [debug] [MainThread]: Sending event: {'category': 'dbt', 'action': 'resource_counts', 'label': '9aacded9-ef4c-4fe0-9815-86e56354f918', 'context': [<snowplow_tracker.self_describing_json.SelfDescribingJson object at 0x10d03c410>]}
[0m21:04:47.137789 [info ] [MainThread]: Found 5 models, 12 data tests, 682 macros
[0m21:04:47.137927 [debug] [MainThread]: Sending event: {'category': 'dbt', 'action': 'runnable_timing', 'label': '9aacded9-ef4c-4fe0-9815-86e56354f918', 'context': [<snowplow_tracker.self_describing_json.SelfDescribingJson object at 0x10ce83770>]}
[0m21:04:47.138786 [info ] [MainThread]: 
[0m21:04:47.138926 [info ] [MainThread]: Concurrency: 1 threads (target='dev')
[0m21:04:47.139035 [info ] [MainThread]: 
[0m21:04:47.139263 [debug] [MainThread]: Databricks adapter: DatabricksDBTConnection(session-id=None, name=master, idle-time=0s, language=None, compute-name=) - Creating connection
[0m21:04:47.139388 [debug] [MainThread]: Acquiring new databricks connection 'master'
[0m21:04:47.141905 [debug] [ThreadPool]: Databricks adapter: DatabricksDBTConnection(session-id=None, name=list_flipp_data_sandbox_dbt_demo_dbt_westy, idle-time=0s, language=None, compute-name=) - Creating connection
[0m21:04:47.142056 [debug] [ThreadPool]: Acquiring new databricks connection 'list_flipp_data_sandbox_dbt_demo_dbt_westy'
[0m21:04:47.147081 [debug] [ThreadPool]: Using databricks connection "list_flipp_data_sandbox_dbt_demo_dbt_westy"
[0m21:04:47.147300 [debug] [ThreadPool]: On list_flipp_data_sandbox_dbt_demo_dbt_westy: /* {"app": "dbt", "dbt_version": "1.10.4", "dbt_databricks_version": "1.10.4", "databricks_sql_connector_version": "4.0.5", "profile_name": "acap_demo", "target_name": "dev", "connection_name": "list_flipp_data_sandbox_dbt_demo_dbt_westy"} */

    
SELECT
  table_name,
  if(table_type IN ('EXTERNAL', 'MANAGED', 'MANAGED_SHALLOW_CLONE', 'EXTERNAL_SHALLOW_CLONE'), 'table', lower(table_type)) AS table_type,
  lower(data_source_format) AS file_format,
  table_owner
FROM `system`.`information_schema`.`tables`
WHERE table_catalog = 'flipp_data_sandbox' 
  AND table_schema = 'dbt_demo_dbt_westy'

  
[0m21:04:47.147423 [debug] [ThreadPool]: Opening a new connection, currently in state init
[0m21:07:48.450971 [debug] [ThreadPool]: Databricks adapter: Connection(session-id=e5389d85-c1f1-45d9-83bb-9a943ad808a5) - Created
[0m21:08:00.842690 [debug] [ThreadPool]: SQL status: OK in 193.690 seconds
[0m21:08:00.878104 [debug] [ThreadPool]: Databricks adapter: Cursor(session-id=e5389d85-c1f1-45d9-83bb-9a943ad808a5, command-id=1c8715ad-cbef-4f44-9395-ce77e02e9908) - Closing
[0m21:08:01.056501 [debug] [MainThread]: Sending event: {'category': 'dbt', 'action': 'runnable_timing', 'label': '9aacded9-ef4c-4fe0-9815-86e56354f918', 'context': [<snowplow_tracker.self_describing_json.SelfDescribingJson object at 0x10b1fa0d0>]}
[0m21:08:01.063989 [debug] [Thread-1 (]: Began running node test.acap_demo.dbt_utils_expression_is_true_flyer_impressions_running_total_impressions__running_total_impressions_flyer_impressions.7830c2cac9
[0m21:08:01.064595 [info ] [Thread-1 (]: 1 of 12 START test dbt_utils_expression_is_true_flyer_impressions_running_total_impressions__running_total_impressions_flyer_impressions  [RUN]
[0m21:08:01.065362 [debug] [Thread-1 (]: Re-using an available connection from the pool (formerly list_flipp_data_sandbox_dbt_demo_dbt_westy, now test.acap_demo.dbt_utils_expression_is_true_flyer_impressions_running_total_impressions__running_total_impressions_flyer_impressions.7830c2cac9)
[0m21:08:01.065857 [debug] [Thread-1 (]: Databricks adapter: DatabricksDBTConnection(session-id=e5389d85-c1f1-45d9-83bb-9a943ad808a5, name=test.acap_demo.dbt_utils_expression_is_true_flyer_impressions_running_total_impressions__running_total_impressions_flyer_impressions.7830c2cac9, idle-time=0.013601064682006836s, language=None, compute-name=) - Reusing connection previously named list_flipp_data_sandbox_dbt_demo_dbt_westy
[0m21:08:01.066260 [debug] [Thread-1 (]: Began compiling node test.acap_demo.dbt_utils_expression_is_true_flyer_impressions_running_total_impressions__running_total_impressions_flyer_impressions.7830c2cac9
[0m21:08:01.095391 [debug] [Thread-1 (]: Compilation Error in test dbt_utils_expression_is_true_flyer_impressions_running_total_impressions__running_total_impressions_flyer_impressions (models/schema.yml)
  'dbt_utils' is undefined. This can happen when calling a macro that does not exist. Check for typos and/or install package dependencies with "dbt deps".
[0m21:08:01.096319 [error] [Thread-1 (]: 1 of 12 ERROR dbt_utils_expression_is_true_flyer_impressions_running_total_impressions__running_total_impressions_flyer_impressions  [[31mERROR[0m in 0.03s]
[0m21:08:01.096717 [debug] [Thread-1 (]: Finished running node test.acap_demo.dbt_utils_expression_is_true_flyer_impressions_running_total_impressions__running_total_impressions_flyer_impressions.7830c2cac9
[0m21:08:01.097001 [debug] [Thread-1 (]: Began running node test.acap_demo.dbt_utils_expression_is_true_stg_flyer_impressions_flyer_impressions__flyer_impressions_0.b6f44dcfdb
[0m21:08:01.097709 [debug] [Thread-4 (]: Marking all children of 'test.acap_demo.dbt_utils_expression_is_true_flyer_impressions_running_total_impressions__running_total_impressions_flyer_impressions.7830c2cac9' to be skipped because of status 'error'.  Reason: Compilation Error in test dbt_utils_expression_is_true_flyer_impressions_running_total_impressions__running_total_impressions_flyer_impressions (models/schema.yml)
  'dbt_utils' is undefined. This can happen when calling a macro that does not exist. Check for typos and/or install package dependencies with "dbt deps"..
[0m21:08:01.097998 [info ] [Thread-1 (]: 2 of 12 START test dbt_utils_expression_is_true_stg_flyer_impressions_flyer_impressions__flyer_impressions_0  [RUN]
[0m21:08:01.100387 [debug] [Thread-1 (]: Re-using an available connection from the pool (formerly test.acap_demo.dbt_utils_expression_is_true_flyer_impressions_running_total_impressions__running_total_impressions_flyer_impressions.7830c2cac9, now test.acap_demo.dbt_utils_expression_is_true_stg_flyer_impressions_flyer_impressions__flyer_impressions_0.b6f44dcfdb)
[0m21:08:01.100659 [debug] [Thread-1 (]: Databricks adapter: DatabricksDBTConnection(session-id=e5389d85-c1f1-45d9-83bb-9a943ad808a5, name=test.acap_demo.dbt_utils_expression_is_true_stg_flyer_impressions_flyer_impressions__flyer_impressions_0.b6f44dcfdb, idle-time=0.004822731018066406s, language=sql, compute-name=) - Reusing connection previously named test.acap_demo.dbt_utils_expression_is_true_flyer_impressions_running_total_impressions__running_total_impressions_flyer_impressions.7830c2cac9
[0m21:08:01.100872 [debug] [Thread-1 (]: Began compiling node test.acap_demo.dbt_utils_expression_is_true_stg_flyer_impressions_flyer_impressions__flyer_impressions_0.b6f44dcfdb
[0m21:08:01.106459 [debug] [Thread-1 (]: Compilation Error in test dbt_utils_expression_is_true_stg_flyer_impressions_flyer_impressions__flyer_impressions_0 (models/schema.yml)
  'dbt_utils' is undefined. This can happen when calling a macro that does not exist. Check for typos and/or install package dependencies with "dbt deps".
[0m21:08:01.107094 [error] [Thread-1 (]: 2 of 12 ERROR dbt_utils_expression_is_true_stg_flyer_impressions_flyer_impressions__flyer_impressions_0  [[31mERROR[0m in 0.01s]
[0m21:08:01.107674 [debug] [Thread-1 (]: Finished running node test.acap_demo.dbt_utils_expression_is_true_stg_flyer_impressions_flyer_impressions__flyer_impressions_0.b6f44dcfdb
[0m21:08:01.108036 [debug] [Thread-1 (]: Began running node test.acap_demo.not_null_dates_date.cf7b2f53be
[0m21:08:01.108650 [debug] [Thread-4 (]: Marking all children of 'test.acap_demo.dbt_utils_expression_is_true_stg_flyer_impressions_flyer_impressions__flyer_impressions_0.b6f44dcfdb' to be skipped because of status 'error'.  Reason: Compilation Error in test dbt_utils_expression_is_true_stg_flyer_impressions_flyer_impressions__flyer_impressions_0 (models/schema.yml)
  'dbt_utils' is undefined. This can happen when calling a macro that does not exist. Check for typos and/or install package dependencies with "dbt deps"..
[0m21:08:01.109258 [info ] [Thread-1 (]: 3 of 12 START test not_null_dates_date ......................................... [RUN]
[0m21:08:01.110016 [debug] [Thread-1 (]: Re-using an available connection from the pool (formerly test.acap_demo.dbt_utils_expression_is_true_stg_flyer_impressions_flyer_impressions__flyer_impressions_0.b6f44dcfdb, now test.acap_demo.not_null_dates_date.cf7b2f53be)
[0m21:08:01.110433 [debug] [Thread-1 (]: Databricks adapter: DatabricksDBTConnection(session-id=e5389d85-c1f1-45d9-83bb-9a943ad808a5, name=test.acap_demo.not_null_dates_date.cf7b2f53be, idle-time=0.0035011768341064453s, language=sql, compute-name=) - Reusing connection previously named test.acap_demo.dbt_utils_expression_is_true_stg_flyer_impressions_flyer_impressions__flyer_impressions_0.b6f44dcfdb
[0m21:08:01.110780 [debug] [Thread-1 (]: Began compiling node test.acap_demo.not_null_dates_date.cf7b2f53be
[0m21:08:01.120120 [debug] [Thread-1 (]: Writing injected SQL for node "test.acap_demo.not_null_dates_date.cf7b2f53be"
[0m21:08:01.121651 [debug] [Thread-1 (]: Began executing node test.acap_demo.not_null_dates_date.cf7b2f53be
[0m21:08:01.132879 [debug] [Thread-1 (]: Writing runtime sql for node "test.acap_demo.not_null_dates_date.cf7b2f53be"
[0m21:08:01.133729 [debug] [Thread-1 (]: Using databricks connection "test.acap_demo.not_null_dates_date.cf7b2f53be"
[0m21:08:01.133932 [debug] [Thread-1 (]: On test.acap_demo.not_null_dates_date.cf7b2f53be: /* {"app": "dbt", "dbt_version": "1.10.4", "dbt_databricks_version": "1.10.4", "databricks_sql_connector_version": "4.0.5", "profile_name": "acap_demo", "target_name": "dev", "node_id": "test.acap_demo.not_null_dates_date.cf7b2f53be"} */

    select
      count(*) as failures,
      count(*) != 0 as should_warn,
      count(*) != 0 as should_error
    from (
      
    
  
    
    



select date
from `flipp_data_sandbox`.`dbt_demo_dbt_westy`.`dates`
where date is null



  
  
      
    ) dbt_internal_test
[0m21:08:15.295089 [debug] [Thread-1 (]: SQL status: OK in 14.160 seconds
[0m21:08:15.301504 [debug] [Thread-1 (]: Databricks adapter: Cursor(session-id=e5389d85-c1f1-45d9-83bb-9a943ad808a5, command-id=4aa8ea30-16a9-4a05-a555-de2ebd556a9c) - Closing
[0m21:08:15.433315 [info ] [Thread-1 (]: 3 of 12 PASS not_null_dates_date ............................................... [[32mPASS[0m in 14.32s]
[0m21:08:15.434379 [debug] [Thread-1 (]: Finished running node test.acap_demo.not_null_dates_date.cf7b2f53be
[0m21:08:15.434970 [debug] [Thread-1 (]: Began running node test.acap_demo.not_null_dates_day_name.ce89933a76
[0m21:08:15.435508 [info ] [Thread-1 (]: 4 of 12 START test not_null_dates_day_name ..................................... [RUN]
[0m21:08:15.436216 [debug] [Thread-1 (]: Re-using an available connection from the pool (formerly test.acap_demo.not_null_dates_date.cf7b2f53be, now test.acap_demo.not_null_dates_day_name.ce89933a76)
[0m21:08:15.436790 [debug] [Thread-1 (]: Databricks adapter: DatabricksDBTConnection(session-id=e5389d85-c1f1-45d9-83bb-9a943ad808a5, name=test.acap_demo.not_null_dates_day_name.ce89933a76, idle-time=0.003715991973876953s, language=sql, compute-name=) - Reusing connection previously named test.acap_demo.not_null_dates_date.cf7b2f53be
[0m21:08:15.437250 [debug] [Thread-1 (]: Began compiling node test.acap_demo.not_null_dates_day_name.ce89933a76
[0m21:08:15.445889 [debug] [Thread-1 (]: Writing injected SQL for node "test.acap_demo.not_null_dates_day_name.ce89933a76"
[0m21:08:15.447953 [debug] [Thread-1 (]: Began executing node test.acap_demo.not_null_dates_day_name.ce89933a76
[0m21:08:15.452138 [debug] [Thread-1 (]: Writing runtime sql for node "test.acap_demo.not_null_dates_day_name.ce89933a76"
[0m21:08:15.452930 [debug] [Thread-1 (]: Using databricks connection "test.acap_demo.not_null_dates_day_name.ce89933a76"
[0m21:08:15.453307 [debug] [Thread-1 (]: On test.acap_demo.not_null_dates_day_name.ce89933a76: /* {"app": "dbt", "dbt_version": "1.10.4", "dbt_databricks_version": "1.10.4", "databricks_sql_connector_version": "4.0.5", "profile_name": "acap_demo", "target_name": "dev", "node_id": "test.acap_demo.not_null_dates_day_name.ce89933a76"} */

    select
      count(*) as failures,
      count(*) != 0 as should_warn,
      count(*) != 0 as should_error
    from (
      
    
  
    
    



select day_name
from `flipp_data_sandbox`.`dbt_demo_dbt_westy`.`dates`
where day_name is null



  
  
      
    ) dbt_internal_test
[0m21:08:16.095437 [debug] [Thread-1 (]: SQL status: OK in 0.640 seconds
[0m21:08:16.099837 [debug] [Thread-1 (]: Databricks adapter: Cursor(session-id=e5389d85-c1f1-45d9-83bb-9a943ad808a5, command-id=daae7e98-c7e3-4dfc-9139-070832f80038) - Closing
[0m21:08:16.101224 [info ] [Thread-1 (]: 4 of 12 PASS not_null_dates_day_name ........................................... [[32mPASS[0m in 0.67s]
[0m21:08:16.101940 [debug] [Thread-1 (]: Finished running node test.acap_demo.not_null_dates_day_name.ce89933a76
[0m21:08:16.102413 [debug] [Thread-1 (]: Began running node test.acap_demo.not_null_flyer_impressions_date.b3d886a5d3
[0m21:08:16.102871 [info ] [Thread-1 (]: 5 of 12 START test not_null_flyer_impressions_date ............................. [RUN]
[0m21:08:16.103467 [debug] [Thread-1 (]: Re-using an available connection from the pool (formerly test.acap_demo.not_null_dates_day_name.ce89933a76, now test.acap_demo.not_null_flyer_impressions_date.b3d886a5d3)
[0m21:08:16.103920 [debug] [Thread-1 (]: Databricks adapter: DatabricksDBTConnection(session-id=e5389d85-c1f1-45d9-83bb-9a943ad808a5, name=test.acap_demo.not_null_flyer_impressions_date.b3d886a5d3, idle-time=0.0028450489044189453s, language=sql, compute-name=) - Reusing connection previously named test.acap_demo.not_null_dates_day_name.ce89933a76
[0m21:08:16.104276 [debug] [Thread-1 (]: Began compiling node test.acap_demo.not_null_flyer_impressions_date.b3d886a5d3
[0m21:08:16.111067 [debug] [Thread-1 (]: Writing injected SQL for node "test.acap_demo.not_null_flyer_impressions_date.b3d886a5d3"
[0m21:08:16.112100 [debug] [Thread-1 (]: Began executing node test.acap_demo.not_null_flyer_impressions_date.b3d886a5d3
[0m21:08:16.114789 [debug] [Thread-1 (]: Writing runtime sql for node "test.acap_demo.not_null_flyer_impressions_date.b3d886a5d3"
[0m21:08:16.115626 [debug] [Thread-1 (]: Using databricks connection "test.acap_demo.not_null_flyer_impressions_date.b3d886a5d3"
[0m21:08:16.115940 [debug] [Thread-1 (]: On test.acap_demo.not_null_flyer_impressions_date.b3d886a5d3: /* {"app": "dbt", "dbt_version": "1.10.4", "dbt_databricks_version": "1.10.4", "databricks_sql_connector_version": "4.0.5", "profile_name": "acap_demo", "target_name": "dev", "node_id": "test.acap_demo.not_null_flyer_impressions_date.b3d886a5d3"} */

    select
      count(*) as failures,
      count(*) != 0 as should_warn,
      count(*) != 0 as should_error
    from (
      
    
  
    
    



select date
from `flipp_data_sandbox`.`dbt_demo_dbt_westy`.`flyer_impressions`
where date is null



  
  
      
    ) dbt_internal_test
[0m21:08:17.366341 [debug] [Thread-1 (]: SQL status: OK in 1.250 seconds
[0m21:08:17.369775 [debug] [Thread-1 (]: Databricks adapter: Cursor(session-id=e5389d85-c1f1-45d9-83bb-9a943ad808a5, command-id=d278d426-3b44-4305-ada8-a238eb8158b6) - Closing
[0m21:08:17.371156 [info ] [Thread-1 (]: 5 of 12 PASS not_null_flyer_impressions_date ................................... [[32mPASS[0m in 1.27s]
[0m21:08:17.371876 [debug] [Thread-1 (]: Finished running node test.acap_demo.not_null_flyer_impressions_date.b3d886a5d3
[0m21:08:17.372332 [debug] [Thread-1 (]: Began running node test.acap_demo.not_null_my_first_dbt_model_id.5fb22c2710
[0m21:08:17.372790 [info ] [Thread-1 (]: 6 of 12 START test not_null_my_first_dbt_model_id .............................. [RUN]
[0m21:08:17.373394 [debug] [Thread-1 (]: Re-using an available connection from the pool (formerly test.acap_demo.not_null_flyer_impressions_date.b3d886a5d3, now test.acap_demo.not_null_my_first_dbt_model_id.5fb22c2710)
[0m21:08:17.373838 [debug] [Thread-1 (]: Databricks adapter: DatabricksDBTConnection(session-id=e5389d85-c1f1-45d9-83bb-9a943ad808a5, name=test.acap_demo.not_null_my_first_dbt_model_id.5fb22c2710, idle-time=0.0028328895568847656s, language=sql, compute-name=) - Reusing connection previously named test.acap_demo.not_null_flyer_impressions_date.b3d886a5d3
[0m21:08:17.374218 [debug] [Thread-1 (]: Began compiling node test.acap_demo.not_null_my_first_dbt_model_id.5fb22c2710
[0m21:08:17.381346 [debug] [Thread-1 (]: Writing injected SQL for node "test.acap_demo.not_null_my_first_dbt_model_id.5fb22c2710"
[0m21:08:17.383441 [debug] [Thread-1 (]: Began executing node test.acap_demo.not_null_my_first_dbt_model_id.5fb22c2710
[0m21:08:17.386122 [debug] [Thread-1 (]: Writing runtime sql for node "test.acap_demo.not_null_my_first_dbt_model_id.5fb22c2710"
[0m21:08:17.386936 [debug] [Thread-1 (]: Using databricks connection "test.acap_demo.not_null_my_first_dbt_model_id.5fb22c2710"
[0m21:08:17.387281 [debug] [Thread-1 (]: On test.acap_demo.not_null_my_first_dbt_model_id.5fb22c2710: /* {"app": "dbt", "dbt_version": "1.10.4", "dbt_databricks_version": "1.10.4", "databricks_sql_connector_version": "4.0.5", "profile_name": "acap_demo", "target_name": "dev", "node_id": "test.acap_demo.not_null_my_first_dbt_model_id.5fb22c2710"} */

    select
      count(*) as failures,
      count(*) != 0 as should_warn,
      count(*) != 0 as should_error
    from (
      
    
  
    
    



select id
from `flipp_data_sandbox`.`dbt_demo_dbt_westy`.`my_first_dbt_model`
where id is null



  
  
      
    ) dbt_internal_test
[0m21:08:25.284737 [debug] [Thread-1 (]: SQL status: OK in 7.900 seconds
[0m21:08:25.288151 [debug] [Thread-1 (]: Databricks adapter: Cursor(session-id=e5389d85-c1f1-45d9-83bb-9a943ad808a5, command-id=ad4987af-2384-439b-9bef-aea9cb27bde2) - Closing
[0m21:08:25.415230 [error] [Thread-1 (]: 6 of 12 FAIL 1 not_null_my_first_dbt_model_id .................................. [[31mFAIL 1[0m in 8.04s]
[0m21:08:25.416279 [debug] [Thread-1 (]: Finished running node test.acap_demo.not_null_my_first_dbt_model_id.5fb22c2710
[0m21:08:25.416880 [debug] [Thread-1 (]: Began running node test.acap_demo.not_null_my_second_dbt_model_id.151b76d778
[0m21:08:25.417399 [info ] [Thread-1 (]: 7 of 12 START test not_null_my_second_dbt_model_id ............................. [RUN]
[0m21:08:25.418064 [debug] [Thread-1 (]: Re-using an available connection from the pool (formerly test.acap_demo.not_null_my_first_dbt_model_id.5fb22c2710, now test.acap_demo.not_null_my_second_dbt_model_id.151b76d778)
[0m21:08:25.418597 [debug] [Thread-1 (]: Databricks adapter: DatabricksDBTConnection(session-id=e5389d85-c1f1-45d9-83bb-9a943ad808a5, name=test.acap_demo.not_null_my_second_dbt_model_id.151b76d778, idle-time=0.0036640167236328125s, language=sql, compute-name=) - Reusing connection previously named test.acap_demo.not_null_my_first_dbt_model_id.5fb22c2710
[0m21:08:25.419010 [debug] [Thread-1 (]: Began compiling node test.acap_demo.not_null_my_second_dbt_model_id.151b76d778
[0m21:08:25.426374 [debug] [Thread-1 (]: Writing injected SQL for node "test.acap_demo.not_null_my_second_dbt_model_id.151b76d778"
[0m21:08:25.427909 [debug] [Thread-1 (]: Began executing node test.acap_demo.not_null_my_second_dbt_model_id.151b76d778
[0m21:08:25.431414 [debug] [Thread-1 (]: Writing runtime sql for node "test.acap_demo.not_null_my_second_dbt_model_id.151b76d778"
[0m21:08:25.432114 [debug] [Thread-1 (]: Using databricks connection "test.acap_demo.not_null_my_second_dbt_model_id.151b76d778"
[0m21:08:25.432504 [debug] [Thread-1 (]: On test.acap_demo.not_null_my_second_dbt_model_id.151b76d778: /* {"app": "dbt", "dbt_version": "1.10.4", "dbt_databricks_version": "1.10.4", "databricks_sql_connector_version": "4.0.5", "profile_name": "acap_demo", "target_name": "dev", "node_id": "test.acap_demo.not_null_my_second_dbt_model_id.151b76d778"} */

    select
      count(*) as failures,
      count(*) != 0 as should_warn,
      count(*) != 0 as should_error
    from (
      
    
  
    
    



select id
from `flipp_data_sandbox`.`dbt_demo_dbt_westy`.`my_second_dbt_model`
where id is null



  
  
      
    ) dbt_internal_test
[0m21:08:26.148869 [debug] [Thread-1 (]: SQL status: OK in 0.720 seconds
[0m21:08:26.152408 [debug] [Thread-1 (]: Databricks adapter: Cursor(session-id=e5389d85-c1f1-45d9-83bb-9a943ad808a5, command-id=0ce01d82-ad96-4eba-a11c-89cc1a5053e4) - Closing
[0m21:08:26.153616 [info ] [Thread-1 (]: 7 of 12 PASS not_null_my_second_dbt_model_id ................................... [[32mPASS[0m in 0.74s]
[0m21:08:26.154240 [debug] [Thread-1 (]: Finished running node test.acap_demo.not_null_my_second_dbt_model_id.151b76d778
[0m21:08:26.154641 [debug] [Thread-1 (]: Began running node test.acap_demo.not_null_stg_flyer_impressions_date.989d65da5f
[0m21:08:26.155084 [info ] [Thread-1 (]: 8 of 12 START test not_null_stg_flyer_impressions_date ......................... [RUN]
[0m21:08:26.155580 [debug] [Thread-1 (]: Re-using an available connection from the pool (formerly test.acap_demo.not_null_my_second_dbt_model_id.151b76d778, now test.acap_demo.not_null_stg_flyer_impressions_date.989d65da5f)
[0m21:08:26.156005 [debug] [Thread-1 (]: Databricks adapter: DatabricksDBTConnection(session-id=e5389d85-c1f1-45d9-83bb-9a943ad808a5, name=test.acap_demo.not_null_stg_flyer_impressions_date.989d65da5f, idle-time=0.002490997314453125s, language=sql, compute-name=) - Reusing connection previously named test.acap_demo.not_null_my_second_dbt_model_id.151b76d778
[0m21:08:26.156375 [debug] [Thread-1 (]: Began compiling node test.acap_demo.not_null_stg_flyer_impressions_date.989d65da5f
[0m21:08:26.161569 [debug] [Thread-1 (]: Writing injected SQL for node "test.acap_demo.not_null_stg_flyer_impressions_date.989d65da5f"
[0m21:08:26.162416 [debug] [Thread-1 (]: Began executing node test.acap_demo.not_null_stg_flyer_impressions_date.989d65da5f
[0m21:08:26.165037 [debug] [Thread-1 (]: Writing runtime sql for node "test.acap_demo.not_null_stg_flyer_impressions_date.989d65da5f"
[0m21:08:26.165555 [debug] [Thread-1 (]: Using databricks connection "test.acap_demo.not_null_stg_flyer_impressions_date.989d65da5f"
[0m21:08:26.165866 [debug] [Thread-1 (]: On test.acap_demo.not_null_stg_flyer_impressions_date.989d65da5f: /* {"app": "dbt", "dbt_version": "1.10.4", "dbt_databricks_version": "1.10.4", "databricks_sql_connector_version": "4.0.5", "profile_name": "acap_demo", "target_name": "dev", "node_id": "test.acap_demo.not_null_stg_flyer_impressions_date.989d65da5f"} */

    select
      count(*) as failures,
      count(*) != 0 as should_warn,
      count(*) != 0 as should_error
    from (
      
    
  
    
    



select date
from `flipp_data_sandbox`.`dbt_demo_dbt_westy`.`stg_flyer_impressions`
where date is null



  
  
      
    ) dbt_internal_test
[0m21:08:27.310931 [debug] [Thread-1 (]: SQL status: OK in 1.140 seconds
[0m21:08:27.314440 [debug] [Thread-1 (]: Databricks adapter: Cursor(session-id=e5389d85-c1f1-45d9-83bb-9a943ad808a5, command-id=0bada9fd-050d-41ce-b710-0c94da584ce8) - Closing
[0m21:08:27.315791 [info ] [Thread-1 (]: 8 of 12 PASS not_null_stg_flyer_impressions_date ............................... [[32mPASS[0m in 1.16s]
[0m21:08:27.316484 [debug] [Thread-1 (]: Finished running node test.acap_demo.not_null_stg_flyer_impressions_date.989d65da5f
[0m21:08:27.316948 [debug] [Thread-1 (]: Began running node test.acap_demo.not_null_stg_flyer_impressions_flyer_impressions.d893315914
[0m21:08:27.317395 [info ] [Thread-1 (]: 9 of 12 START test not_null_stg_flyer_impressions_flyer_impressions ............ [RUN]
[0m21:08:27.317951 [debug] [Thread-1 (]: Re-using an available connection from the pool (formerly test.acap_demo.not_null_stg_flyer_impressions_date.989d65da5f, now test.acap_demo.not_null_stg_flyer_impressions_flyer_impressions.d893315914)
[0m21:08:27.318393 [debug] [Thread-1 (]: Databricks adapter: DatabricksDBTConnection(session-id=e5389d85-c1f1-45d9-83bb-9a943ad808a5, name=test.acap_demo.not_null_stg_flyer_impressions_flyer_impressions.d893315914, idle-time=0.0027272701263427734s, language=sql, compute-name=) - Reusing connection previously named test.acap_demo.not_null_stg_flyer_impressions_date.989d65da5f
[0m21:08:27.318794 [debug] [Thread-1 (]: Began compiling node test.acap_demo.not_null_stg_flyer_impressions_flyer_impressions.d893315914
[0m21:08:27.325070 [debug] [Thread-1 (]: Writing injected SQL for node "test.acap_demo.not_null_stg_flyer_impressions_flyer_impressions.d893315914"
[0m21:08:27.326152 [debug] [Thread-1 (]: Began executing node test.acap_demo.not_null_stg_flyer_impressions_flyer_impressions.d893315914
[0m21:08:27.329453 [debug] [Thread-1 (]: Writing runtime sql for node "test.acap_demo.not_null_stg_flyer_impressions_flyer_impressions.d893315914"
[0m21:08:27.330379 [debug] [Thread-1 (]: Using databricks connection "test.acap_demo.not_null_stg_flyer_impressions_flyer_impressions.d893315914"
[0m21:08:27.330853 [debug] [Thread-1 (]: On test.acap_demo.not_null_stg_flyer_impressions_flyer_impressions.d893315914: /* {"app": "dbt", "dbt_version": "1.10.4", "dbt_databricks_version": "1.10.4", "databricks_sql_connector_version": "4.0.5", "profile_name": "acap_demo", "target_name": "dev", "node_id": "test.acap_demo.not_null_stg_flyer_impressions_flyer_impressions.d893315914"} */

    select
      count(*) as failures,
      count(*) != 0 as should_warn,
      count(*) != 0 as should_error
    from (
      
    
  
    
    



select flyer_impressions
from `flipp_data_sandbox`.`dbt_demo_dbt_westy`.`stg_flyer_impressions`
where flyer_impressions is null



  
  
      
    ) dbt_internal_test
[0m21:08:27.823686 [debug] [Thread-1 (]: SQL status: OK in 0.490 seconds
[0m21:08:27.827159 [debug] [Thread-1 (]: Databricks adapter: Cursor(session-id=e5389d85-c1f1-45d9-83bb-9a943ad808a5, command-id=64419259-338a-4a86-9180-45b293c9532a) - Closing
[0m21:08:27.828597 [info ] [Thread-1 (]: 9 of 12 PASS not_null_stg_flyer_impressions_flyer_impressions .................. [[32mPASS[0m in 0.51s]
[0m21:08:27.829356 [debug] [Thread-1 (]: Finished running node test.acap_demo.not_null_stg_flyer_impressions_flyer_impressions.d893315914
[0m21:08:27.829850 [debug] [Thread-1 (]: Began running node test.acap_demo.unique_dates_date.5fc9cba9c0
[0m21:08:27.830312 [info ] [Thread-1 (]: 10 of 12 START test unique_dates_date .......................................... [RUN]
[0m21:08:27.830913 [debug] [Thread-1 (]: Re-using an available connection from the pool (formerly test.acap_demo.not_null_stg_flyer_impressions_flyer_impressions.d893315914, now test.acap_demo.unique_dates_date.5fc9cba9c0)
[0m21:08:27.831365 [debug] [Thread-1 (]: Databricks adapter: DatabricksDBTConnection(session-id=e5389d85-c1f1-45d9-83bb-9a943ad808a5, name=test.acap_demo.unique_dates_date.5fc9cba9c0, idle-time=0.002936840057373047s, language=sql, compute-name=) - Reusing connection previously named test.acap_demo.not_null_stg_flyer_impressions_flyer_impressions.d893315914
[0m21:08:27.831764 [debug] [Thread-1 (]: Began compiling node test.acap_demo.unique_dates_date.5fc9cba9c0
[0m21:08:27.840993 [debug] [Thread-1 (]: Writing injected SQL for node "test.acap_demo.unique_dates_date.5fc9cba9c0"
[0m21:08:27.842084 [debug] [Thread-1 (]: Began executing node test.acap_demo.unique_dates_date.5fc9cba9c0
[0m21:08:27.845265 [debug] [Thread-1 (]: Writing runtime sql for node "test.acap_demo.unique_dates_date.5fc9cba9c0"
[0m21:08:27.845835 [debug] [Thread-1 (]: Using databricks connection "test.acap_demo.unique_dates_date.5fc9cba9c0"
[0m21:08:27.846142 [debug] [Thread-1 (]: On test.acap_demo.unique_dates_date.5fc9cba9c0: /* {"app": "dbt", "dbt_version": "1.10.4", "dbt_databricks_version": "1.10.4", "databricks_sql_connector_version": "4.0.5", "profile_name": "acap_demo", "target_name": "dev", "node_id": "test.acap_demo.unique_dates_date.5fc9cba9c0"} */

    select
      count(*) as failures,
      count(*) != 0 as should_warn,
      count(*) != 0 as should_error
    from (
      
    
  
    
    

select
    date as unique_field,
    count(*) as n_records

from `flipp_data_sandbox`.`dbt_demo_dbt_westy`.`dates`
where date is not null
group by date
having count(*) > 1



  
  
      
    ) dbt_internal_test
[0m21:08:29.802881 [debug] [Thread-1 (]: SQL status: OK in 1.960 seconds
[0m21:08:29.806367 [debug] [Thread-1 (]: Databricks adapter: Cursor(session-id=e5389d85-c1f1-45d9-83bb-9a943ad808a5, command-id=3db37b4d-cc19-4b5d-98cc-cc1c5b0682ce) - Closing
[0m21:08:29.807763 [info ] [Thread-1 (]: 10 of 12 PASS unique_dates_date ................................................ [[32mPASS[0m in 1.98s]
[0m21:08:29.808487 [debug] [Thread-1 (]: Finished running node test.acap_demo.unique_dates_date.5fc9cba9c0
[0m21:08:29.808959 [debug] [Thread-1 (]: Began running node test.acap_demo.unique_my_first_dbt_model_id.16e066b321
[0m21:08:29.809430 [info ] [Thread-1 (]: 11 of 12 START test unique_my_first_dbt_model_id ............................... [RUN]
[0m21:08:29.810053 [debug] [Thread-1 (]: Re-using an available connection from the pool (formerly test.acap_demo.unique_dates_date.5fc9cba9c0, now test.acap_demo.unique_my_first_dbt_model_id.16e066b321)
[0m21:08:29.810519 [debug] [Thread-1 (]: Databricks adapter: DatabricksDBTConnection(session-id=e5389d85-c1f1-45d9-83bb-9a943ad808a5, name=test.acap_demo.unique_my_first_dbt_model_id.16e066b321, idle-time=0.0029027462005615234s, language=sql, compute-name=) - Reusing connection previously named test.acap_demo.unique_dates_date.5fc9cba9c0
[0m21:08:29.810916 [debug] [Thread-1 (]: Began compiling node test.acap_demo.unique_my_first_dbt_model_id.16e066b321
[0m21:08:29.817385 [debug] [Thread-1 (]: Writing injected SQL for node "test.acap_demo.unique_my_first_dbt_model_id.16e066b321"
[0m21:08:29.818409 [debug] [Thread-1 (]: Began executing node test.acap_demo.unique_my_first_dbt_model_id.16e066b321
[0m21:08:29.822191 [debug] [Thread-1 (]: Writing runtime sql for node "test.acap_demo.unique_my_first_dbt_model_id.16e066b321"
[0m21:08:29.823249 [debug] [Thread-1 (]: Using databricks connection "test.acap_demo.unique_my_first_dbt_model_id.16e066b321"
[0m21:08:29.823673 [debug] [Thread-1 (]: On test.acap_demo.unique_my_first_dbt_model_id.16e066b321: /* {"app": "dbt", "dbt_version": "1.10.4", "dbt_databricks_version": "1.10.4", "databricks_sql_connector_version": "4.0.5", "profile_name": "acap_demo", "target_name": "dev", "node_id": "test.acap_demo.unique_my_first_dbt_model_id.16e066b321"} */

    select
      count(*) as failures,
      count(*) != 0 as should_warn,
      count(*) != 0 as should_error
    from (
      
    
  
    
    

select
    id as unique_field,
    count(*) as n_records

from `flipp_data_sandbox`.`dbt_demo_dbt_westy`.`my_first_dbt_model`
where id is not null
group by id
having count(*) > 1



  
  
      
    ) dbt_internal_test
[0m21:08:30.615086 [debug] [Thread-1 (]: SQL status: OK in 0.790 seconds
[0m21:08:30.618152 [debug] [Thread-1 (]: Databricks adapter: Cursor(session-id=e5389d85-c1f1-45d9-83bb-9a943ad808a5, command-id=c53cd3ad-caf4-4f1e-916d-d4a1ff6d4adb) - Closing
[0m21:08:30.618953 [info ] [Thread-1 (]: 11 of 12 PASS unique_my_first_dbt_model_id ..................................... [[32mPASS[0m in 0.81s]
[0m21:08:30.619361 [debug] [Thread-1 (]: Finished running node test.acap_demo.unique_my_first_dbt_model_id.16e066b321
[0m21:08:30.619625 [debug] [Thread-1 (]: Began running node test.acap_demo.unique_my_second_dbt_model_id.57a0f8c493
[0m21:08:30.619922 [info ] [Thread-1 (]: 12 of 12 START test unique_my_second_dbt_model_id .............................. [RUN]
[0m21:08:30.620273 [debug] [Thread-1 (]: Re-using an available connection from the pool (formerly test.acap_demo.unique_my_first_dbt_model_id.16e066b321, now test.acap_demo.unique_my_second_dbt_model_id.57a0f8c493)
[0m21:08:30.620554 [debug] [Thread-1 (]: Databricks adapter: DatabricksDBTConnection(session-id=e5389d85-c1f1-45d9-83bb-9a943ad808a5, name=test.acap_demo.unique_my_second_dbt_model_id.57a0f8c493, idle-time=0.00167083740234375s, language=sql, compute-name=) - Reusing connection previously named test.acap_demo.unique_my_first_dbt_model_id.16e066b321
[0m21:08:30.620777 [debug] [Thread-1 (]: Began compiling node test.acap_demo.unique_my_second_dbt_model_id.57a0f8c493
[0m21:08:30.623940 [debug] [Thread-1 (]: Writing injected SQL for node "test.acap_demo.unique_my_second_dbt_model_id.57a0f8c493"
[0m21:08:30.624494 [debug] [Thread-1 (]: Began executing node test.acap_demo.unique_my_second_dbt_model_id.57a0f8c493
[0m21:08:30.629453 [debug] [Thread-1 (]: Writing runtime sql for node "test.acap_demo.unique_my_second_dbt_model_id.57a0f8c493"
[0m21:08:30.629856 [debug] [Thread-1 (]: Using databricks connection "test.acap_demo.unique_my_second_dbt_model_id.57a0f8c493"
[0m21:08:30.630077 [debug] [Thread-1 (]: On test.acap_demo.unique_my_second_dbt_model_id.57a0f8c493: /* {"app": "dbt", "dbt_version": "1.10.4", "dbt_databricks_version": "1.10.4", "databricks_sql_connector_version": "4.0.5", "profile_name": "acap_demo", "target_name": "dev", "node_id": "test.acap_demo.unique_my_second_dbt_model_id.57a0f8c493"} */

    select
      count(*) as failures,
      count(*) != 0 as should_warn,
      count(*) != 0 as should_error
    from (
      
    
  
    
    

select
    id as unique_field,
    count(*) as n_records

from `flipp_data_sandbox`.`dbt_demo_dbt_westy`.`my_second_dbt_model`
where id is not null
group by id
having count(*) > 1



  
  
      
    ) dbt_internal_test
[0m21:08:31.504100 [debug] [Thread-1 (]: SQL status: OK in 0.870 seconds
[0m21:08:31.505380 [debug] [Thread-1 (]: Databricks adapter: Cursor(session-id=e5389d85-c1f1-45d9-83bb-9a943ad808a5, command-id=fa552eca-8082-4ae6-ade8-6e4f3a0ff2b9) - Closing
[0m21:08:31.505990 [info ] [Thread-1 (]: 12 of 12 PASS unique_my_second_dbt_model_id .................................... [[32mPASS[0m in 0.89s]
[0m21:08:31.506304 [debug] [Thread-1 (]: Finished running node test.acap_demo.unique_my_second_dbt_model_id.57a0f8c493
[0m21:08:31.507579 [debug] [MainThread]: Databricks adapter: DatabricksDBTConnection(session-id=None, name=master, idle-time=30.449474096298218s, language=None, compute-name=) - Reusing connection previously named master
[0m21:08:31.507824 [debug] [MainThread]: Connection 'master' was properly closed.
[0m21:08:31.507965 [debug] [MainThread]: Connection 'test.acap_demo.unique_my_second_dbt_model_id.57a0f8c493' was properly closed.
[0m21:08:31.508104 [debug] [MainThread]: On test.acap_demo.unique_my_second_dbt_model_id.57a0f8c493: Close
[0m21:08:31.508361 [debug] [MainThread]: Databricks adapter: Connection(session-id=e5389d85-c1f1-45d9-83bb-9a943ad808a5) - Closing
[0m21:08:31.814135 [info ] [MainThread]: 
[0m21:08:31.815392 [info ] [MainThread]: Finished running 12 data tests in 0 hours 3 minutes and 44.67 seconds (224.67s).
[0m21:08:31.818107 [debug] [MainThread]: Command end result
[0m21:08:31.846313 [debug] [MainThread]: Wrote artifact WritableManifest to /Users/Westy.Chen/Documents/dbt_poc/acap_demo/target/manifest.json
[0m21:08:31.848636 [debug] [MainThread]: Wrote artifact SemanticManifest to /Users/Westy.Chen/Documents/dbt_poc/acap_demo/target/semantic_manifest.json
[0m21:08:31.853001 [debug] [MainThread]: Wrote artifact RunExecutionResult to /Users/Westy.Chen/Documents/dbt_poc/acap_demo/target/run_results.json
[0m21:08:31.853195 [info ] [MainThread]: 
[0m21:08:31.853393 [info ] [MainThread]: [31mCompleted with 3 errors, 0 partial successes, and 0 warnings:[0m
[0m21:08:31.853543 [info ] [MainThread]: 
[0m21:08:31.853751 [error] [MainThread]: [31mFailure in test dbt_utils_expression_is_true_flyer_impressions_running_total_impressions__running_total_impressions_flyer_impressions (models/schema.yml)[0m
[0m21:08:31.853944 [error] [MainThread]:   Compilation Error in test dbt_utils_expression_is_true_flyer_impressions_running_total_impressions__running_total_impressions_flyer_impressions (models/schema.yml)
  'dbt_utils' is undefined. This can happen when calling a macro that does not exist. Check for typos and/or install package dependencies with "dbt deps".
[0m21:08:31.854095 [info ] [MainThread]: 
[0m21:08:31.854271 [error] [MainThread]: [31mFailure in test dbt_utils_expression_is_true_stg_flyer_impressions_flyer_impressions__flyer_impressions_0 (models/schema.yml)[0m
[0m21:08:31.854452 [error] [MainThread]:   Compilation Error in test dbt_utils_expression_is_true_stg_flyer_impressions_flyer_impressions__flyer_impressions_0 (models/schema.yml)
  'dbt_utils' is undefined. This can happen when calling a macro that does not exist. Check for typos and/or install package dependencies with "dbt deps".
[0m21:08:31.854593 [info ] [MainThread]: 
[0m21:08:31.854758 [error] [MainThread]: [31mFailure in test not_null_my_first_dbt_model_id (models/example/schema.yml)[0m
[0m21:08:31.854920 [error] [MainThread]:   Got 1 result, configured to fail if != 0
[0m21:08:31.855047 [info ] [MainThread]: 
[0m21:08:31.855207 [info ] [MainThread]:   compiled code at target/compiled/acap_demo/models/example/schema.yml/not_null_my_first_dbt_model_id.sql
[0m21:08:31.855350 [info ] [MainThread]: 
[0m21:08:31.855699 [info ] [MainThread]: Done. PASS=9 WARN=0 ERROR=3 SKIP=0 NO-OP=0 TOTAL=12
[0m21:08:31.858743 [debug] [MainThread]: Resource report: {"command_name": "test", "command_success": false, "command_wall_clock_time": 225.7634, "process_in_blocks": "0", "process_kernel_time": 0.295674, "process_mem_max_rss": "232685568", "process_out_blocks": "0", "process_user_time": 1.668046}
[0m21:08:31.859894 [debug] [MainThread]: Command `dbt test` failed at 21:08:31.859846 after 225.76 seconds
[0m21:08:31.860620 [debug] [MainThread]: Sending event: {'category': 'dbt', 'action': 'invocation', 'label': 'end', 'context': [<snowplow_tracker.self_describing_json.SelfDescribingJson object at 0x1069b9fd0>, <snowplow_tracker.self_describing_json.SelfDescribingJson object at 0x10cfdb1d0>, <snowplow_tracker.self_describing_json.SelfDescribingJson object at 0x10cfdb330>]}
[0m21:08:31.860806 [debug] [MainThread]: Flushing usage events
[0m21:08:32.224503 [debug] [MainThread]: An error was encountered while trying to flush usage events
[0m21:11:55.769381 [debug] [MainThread]: Sending event: {'category': 'dbt', 'action': 'invocation', 'label': 'start', 'context': [<snowplow_tracker.self_describing_json.SelfDescribingJson object at 0x105a43380>, <snowplow_tracker.self_describing_json.SelfDescribingJson object at 0x106f17890>, <snowplow_tracker.self_describing_json.SelfDescribingJson object at 0x106f179d0>]}


============================== 21:11:55.772319 | 08c9ea4b-dafe-45a9-a530-9b438e5453a3 ==============================
[0m21:11:55.772319 [info ] [MainThread]: Running with dbt=1.10.4
[0m21:11:55.772594 [debug] [MainThread]: running dbt with arguments {'printer_width': '80', 'indirect_selection': 'eager', 'log_cache_events': 'False', 'write_json': 'True', 'partial_parse': 'True', 'cache_selected_only': 'False', 'warn_error': 'None', 'debug': 'False', 'version_check': 'True', 'log_path': '/Users/Westy.Chen/Documents/dbt_poc/acap_demo/logs', 'fail_fast': 'False', 'profiles_dir': '/Users/Westy.Chen/.dbt', 'use_colors': 'True', 'use_experimental_parser': 'False', 'no_print': 'None', 'quiet': 'False', 'empty': 'None', 'log_format': 'default', 'introspect': 'True', 'static_parser': 'True', 'invocation_command': 'dbt deps', 'target_path': 'None', 'warn_error_options': 'WarnErrorOptionsV2(error=[], warn=[], silence=[])', 'send_anonymous_usage_stats': 'True'}
[0m21:11:55.825609 [debug] [MainThread]: Sending event: {'category': 'dbt', 'action': 'project_id', 'label': '08c9ea4b-dafe-45a9-a530-9b438e5453a3', 'context': [<snowplow_tracker.self_describing_json.SelfDescribingJson object at 0x106237490>]}
[0m21:11:55.836464 [debug] [MainThread]: Set downloads directory='/var/folders/qm/_b29jkx57xd8rmrv6p_4snxc0000gp/T/dbt-downloads-bpgh1u32'
[0m21:11:55.836689 [debug] [MainThread]: Making package index registry request: GET https://hub.getdbt.com/api/v1/index.json
[0m21:11:56.066279 [debug] [MainThread]: Response from registry index: GET https://hub.getdbt.com/api/v1/index.json 200
[0m21:11:56.066976 [debug] [MainThread]: Making package registry request: GET https://hub.getdbt.com/api/v1/dbt-labs/dbt_utils.json
[0m21:11:56.210908 [debug] [MainThread]: Response from registry: GET https://hub.getdbt.com/api/v1/dbt-labs/dbt_utils.json 200
[0m21:11:56.225065 [info ] [MainThread]: Updating lock file in file path: /Users/Westy.Chen/Documents/dbt_poc/acap_demo/package-lock.yml
[0m21:11:56.227271 [debug] [MainThread]: Set downloads directory='/var/folders/qm/_b29jkx57xd8rmrv6p_4snxc0000gp/T/dbt-downloads-6cs8xhxv'
[0m21:11:56.229918 [info ] [MainThread]: Installing dbt-labs/dbt_utils
[0m21:11:56.672832 [info ] [MainThread]: Installed from version 1.1.1
[0m21:11:56.673064 [info ] [MainThread]: Updated version available: 1.3.0
[0m21:11:56.673242 [debug] [MainThread]: Sending event: {'category': 'dbt', 'action': 'package', 'label': '08c9ea4b-dafe-45a9-a530-9b438e5453a3', 'property_': 'install', 'context': [<snowplow_tracker.self_describing_json.SelfDescribingJson object at 0x106dc29c0>, <snowplow_tracker.self_describing_json.SelfDescribingJson object at 0x106dc2030>]}
[0m21:11:56.673424 [info ] [MainThread]: 
[0m21:11:56.673564 [info ] [MainThread]: Updates available for packages: ['dbt-labs/dbt_utils']                 
Update your versions in packages.yml, then run dbt deps
[0m21:11:56.675180 [debug] [MainThread]: Resource report: {"command_name": "deps", "command_success": true, "command_wall_clock_time": 0.93393314, "process_in_blocks": "0", "process_kernel_time": 0.139175, "process_mem_max_rss": "112721920", "process_out_blocks": "0", "process_user_time": 0.601548}
[0m21:11:56.675402 [debug] [MainThread]: Command `dbt deps` succeeded at 21:11:56.675357 after 0.93 seconds
[0m21:11:56.675566 [debug] [MainThread]: Sending event: {'category': 'dbt', 'action': 'invocation', 'label': 'end', 'context': [<snowplow_tracker.self_describing_json.SelfDescribingJson object at 0x1070e9e50>, <snowplow_tracker.self_describing_json.SelfDescribingJson object at 0x106da6120>, <snowplow_tracker.self_describing_json.SelfDescribingJson object at 0x106fe0e60>]}
[0m21:11:56.675720 [debug] [MainThread]: Flushing usage events
[0m21:11:56.985789 [debug] [MainThread]: An error was encountered while trying to flush usage events
[0m21:12:14.572107 [debug] [MainThread]: Sending event: {'category': 'dbt', 'action': 'invocation', 'label': 'start', 'context': [<snowplow_tracker.self_describing_json.SelfDescribingJson object at 0x105fb3380>, <snowplow_tracker.self_describing_json.SelfDescribingJson object at 0x107487890>, <snowplow_tracker.self_describing_json.SelfDescribingJson object at 0x1074879d0>]}


============================== 21:12:14.574761 | 482626ac-fb37-45f3-b1e4-7564b6538818 ==============================
[0m21:12:14.574761 [info ] [MainThread]: Running with dbt=1.10.4
[0m21:12:14.575013 [debug] [MainThread]: running dbt with arguments {'printer_width': '80', 'indirect_selection': 'eager', 'log_cache_events': 'False', 'write_json': 'True', 'partial_parse': 'True', 'cache_selected_only': 'False', 'warn_error': 'None', 'fail_fast': 'False', 'profiles_dir': '/Users/Westy.Chen/.dbt', 'log_path': '/Users/Westy.Chen/Documents/dbt_poc/acap_demo/logs', 'version_check': 'True', 'debug': 'False', 'use_colors': 'True', 'use_experimental_parser': 'False', 'no_print': 'None', 'quiet': 'False', 'empty': 'None', 'log_format': 'default', 'introspect': 'True', 'invocation_command': 'dbt test', 'static_parser': 'True', 'target_path': 'None', 'warn_error_options': 'WarnErrorOptionsV2(error=[], warn=[], silence=[])', 'send_anonymous_usage_stats': 'True'}
[0m21:12:14.940196 [debug] [MainThread]: Spark adapter: Setting pyhive.hive logging to ERROR
[0m21:12:14.940418 [debug] [MainThread]: Spark adapter: Setting thrift.transport logging to ERROR
[0m21:12:14.940539 [debug] [MainThread]: Spark adapter: Setting thrift.protocol logging to ERROR
[0m21:12:15.356904 [debug] [MainThread]: Sending event: {'category': 'dbt', 'action': 'project_id', 'label': '482626ac-fb37-45f3-b1e4-7564b6538818', 'context': [<snowplow_tracker.self_describing_json.SelfDescribingJson object at 0x1067a3490>]}
[0m21:12:15.380575 [debug] [MainThread]: Sending event: {'category': 'dbt', 'action': 'adapter_info', 'label': '482626ac-fb37-45f3-b1e4-7564b6538818', 'context': [<snowplow_tracker.self_describing_json.SelfDescribingJson object at 0x1086db130>]}
[0m21:12:15.380848 [info ] [MainThread]: Registered adapter: databricks=1.10.4
[0m21:12:15.441376 [debug] [MainThread]: checksum: 073cb5a296270136b24f9c040fdebd0642ef9c263903ef463bfe7e190c538da2, vars: {}, profile: , target: , version: 1.10.4
[0m21:12:15.478508 [info ] [MainThread]: Unable to do partial parsing because a project dependency has been added
[0m21:12:15.478734 [debug] [MainThread]: Sending event: {'category': 'dbt', 'action': 'partial_parser', 'label': '482626ac-fb37-45f3-b1e4-7564b6538818', 'context': [<snowplow_tracker.self_describing_json.SelfDescribingJson object at 0x10d0a6950>]}
[0m21:12:16.277160 [debug] [MainThread]: Sending event: {'category': 'dbt', 'action': 'load_project', 'label': '482626ac-fb37-45f3-b1e4-7564b6538818', 'context': [<snowplow_tracker.self_describing_json.SelfDescribingJson object at 0x10d5df890>]}
[0m21:12:16.311654 [debug] [MainThread]: Wrote artifact WritableManifest to /Users/Westy.Chen/Documents/dbt_poc/acap_demo/target/manifest.json
[0m21:12:16.313168 [debug] [MainThread]: Wrote artifact SemanticManifest to /Users/Westy.Chen/Documents/dbt_poc/acap_demo/target/semantic_manifest.json
[0m21:12:16.328450 [debug] [MainThread]: Sending event: {'category': 'dbt', 'action': 'resource_counts', 'label': '482626ac-fb37-45f3-b1e4-7564b6538818', 'context': [<snowplow_tracker.self_describing_json.SelfDescribingJson object at 0x10d75e190>]}
[0m21:12:16.328627 [info ] [MainThread]: Found 5 models, 12 data tests, 796 macros
[0m21:12:16.328757 [debug] [MainThread]: Sending event: {'category': 'dbt', 'action': 'runnable_timing', 'label': '482626ac-fb37-45f3-b1e4-7564b6538818', 'context': [<snowplow_tracker.self_describing_json.SelfDescribingJson object at 0x10d7cf2b0>]}
[0m21:12:16.329616 [info ] [MainThread]: 
[0m21:12:16.329747 [info ] [MainThread]: Concurrency: 1 threads (target='dev')
[0m21:12:16.329854 [info ] [MainThread]: 
[0m21:12:16.330073 [debug] [MainThread]: Databricks adapter: DatabricksDBTConnection(session-id=None, name=master, idle-time=0s, language=None, compute-name=) - Creating connection
[0m21:12:16.330195 [debug] [MainThread]: Acquiring new databricks connection 'master'
[0m21:12:16.332713 [debug] [ThreadPool]: Databricks adapter: DatabricksDBTConnection(session-id=None, name=list_flipp_data_sandbox_dbt_demo_dbt_westy, idle-time=0s, language=None, compute-name=) - Creating connection
[0m21:12:16.332863 [debug] [ThreadPool]: Acquiring new databricks connection 'list_flipp_data_sandbox_dbt_demo_dbt_westy'
[0m21:12:16.337825 [debug] [ThreadPool]: Using databricks connection "list_flipp_data_sandbox_dbt_demo_dbt_westy"
[0m21:12:16.338065 [debug] [ThreadPool]: On list_flipp_data_sandbox_dbt_demo_dbt_westy: /* {"app": "dbt", "dbt_version": "1.10.4", "dbt_databricks_version": "1.10.4", "databricks_sql_connector_version": "4.0.5", "profile_name": "acap_demo", "target_name": "dev", "connection_name": "list_flipp_data_sandbox_dbt_demo_dbt_westy"} */

    
SELECT
  table_name,
  if(table_type IN ('EXTERNAL', 'MANAGED', 'MANAGED_SHALLOW_CLONE', 'EXTERNAL_SHALLOW_CLONE'), 'table', lower(table_type)) AS table_type,
  lower(data_source_format) AS file_format,
  table_owner
FROM `system`.`information_schema`.`tables`
WHERE table_catalog = 'flipp_data_sandbox' 
  AND table_schema = 'dbt_demo_dbt_westy'

  
[0m21:12:16.338203 [debug] [ThreadPool]: Opening a new connection, currently in state init
[0m21:12:16.911220 [debug] [ThreadPool]: Databricks adapter: Connection(session-id=20d7f3cd-aaf2-4051-9e06-f12dbbc294b1) - Created
[0m21:12:17.712283 [debug] [ThreadPool]: SQL status: OK in 1.370 seconds
[0m21:12:17.722417 [debug] [ThreadPool]: Databricks adapter: Cursor(session-id=20d7f3cd-aaf2-4051-9e06-f12dbbc294b1, command-id=a16b4b3d-fe26-486d-bbc4-1b6967d52124) - Closing
[0m21:12:17.724253 [debug] [MainThread]: Sending event: {'category': 'dbt', 'action': 'runnable_timing', 'label': '482626ac-fb37-45f3-b1e4-7564b6538818', 'context': [<snowplow_tracker.self_describing_json.SelfDescribingJson object at 0x10d950dd0>]}
[0m21:12:17.726558 [debug] [Thread-1 (]: Began running node test.acap_demo.dbt_utils_expression_is_true_flyer_impressions_running_total_impressions__running_total_impressions_flyer_impressions.7830c2cac9
[0m21:12:17.726901 [info ] [Thread-1 (]: 1 of 12 START test dbt_utils_expression_is_true_flyer_impressions_running_total_impressions__running_total_impressions_flyer_impressions  [RUN]
[0m21:12:17.727276 [debug] [Thread-1 (]: Re-using an available connection from the pool (formerly list_flipp_data_sandbox_dbt_demo_dbt_westy, now test.acap_demo.dbt_utils_expression_is_true_flyer_impressions_running_total_impressions__running_total_impressions_flyer_impressions.7830c2cac9)
[0m21:12:17.727602 [debug] [Thread-1 (]: Databricks adapter: DatabricksDBTConnection(session-id=20d7f3cd-aaf2-4051-9e06-f12dbbc294b1, name=test.acap_demo.dbt_utils_expression_is_true_flyer_impressions_running_total_impressions__running_total_impressions_flyer_impressions.7830c2cac9, idle-time=0.004364013671875s, language=None, compute-name=) - Reusing connection previously named list_flipp_data_sandbox_dbt_demo_dbt_westy
[0m21:12:17.727886 [debug] [Thread-1 (]: Began compiling node test.acap_demo.dbt_utils_expression_is_true_flyer_impressions_running_total_impressions__running_total_impressions_flyer_impressions.7830c2cac9
[0m21:12:17.737926 [debug] [Thread-1 (]: Writing injected SQL for node "test.acap_demo.dbt_utils_expression_is_true_flyer_impressions_running_total_impressions__running_total_impressions_flyer_impressions.7830c2cac9"
[0m21:12:17.738473 [debug] [Thread-1 (]: Began executing node test.acap_demo.dbt_utils_expression_is_true_flyer_impressions_running_total_impressions__running_total_impressions_flyer_impressions.7830c2cac9
[0m21:12:17.749167 [debug] [Thread-1 (]: Writing runtime sql for node "test.acap_demo.dbt_utils_expression_is_true_flyer_impressions_running_total_impressions__running_total_impressions_flyer_impressions.7830c2cac9"
[0m21:12:17.749597 [debug] [Thread-1 (]: Using databricks connection "test.acap_demo.dbt_utils_expression_is_true_flyer_impressions_running_total_impressions__running_total_impressions_flyer_impressions.7830c2cac9"
[0m21:12:17.749833 [debug] [Thread-1 (]: On test.acap_demo.dbt_utils_expression_is_true_flyer_impressions_running_total_impressions__running_total_impressions_flyer_impressions.7830c2cac9: /* {"app": "dbt", "dbt_version": "1.10.4", "dbt_databricks_version": "1.10.4", "databricks_sql_connector_version": "4.0.5", "profile_name": "acap_demo", "target_name": "dev", "node_id": "test.acap_demo.dbt_utils_expression_is_true_flyer_impressions_running_total_impressions__running_total_impressions_flyer_impressions.7830c2cac9"} */

    select
      count(*) as failures,
      count(*) != 0 as should_warn,
      count(*) != 0 as should_error
    from (
      
    
  



select
    1
from `flipp_data_sandbox`.`dbt_demo_dbt_westy`.`flyer_impressions`

where not(running_total_impressions running_total_impressions >= flyer_impressions)


  
  
      
    ) dbt_internal_test
[0m21:12:18.015015 [debug] [Thread-1 (]: Databricks adapter: Exception while trying to execute query
/* {"app": "dbt", "dbt_version": "1.10.4", "dbt_databricks_version": "1.10.4", "databricks_sql_connector_version": "4.0.5", "profile_name": "acap_demo", "target_name": "dev", "node_id": "test.acap_demo.dbt_utils_expression_is_true_flyer_impressions_running_total_impressions__running_total_impressions_flyer_impressions.7830c2cac9"} */

    select
      count(*) as failures,
      count(*) != 0 as should_warn,
      count(*) != 0 as should_error
    from (
      
    
  



select
    1
from `flipp_data_sandbox`.`dbt_demo_dbt_westy`.`flyer_impressions`

where not(running_total_impressions running_total_impressions >= flyer_impressions)


  
  
      
    ) dbt_internal_test
: 
[PARSE_SYNTAX_ERROR] Syntax error at or near '>='. SQLSTATE: 42601 (line 18, pos 62)

== SQL ==
/* {"app": "dbt", "dbt_version": "1.10.4", "dbt_databricks_version": "1.10.4", "databricks_sql_connector_version": "4.0.5", "profile_name": "acap_demo", "target_name": "dev", "node_id": "test.acap_demo.dbt_utils_expression_is_true_flyer_impressions_running_total_impressions__running_total_impressions_flyer_impressions.7830c2cac9"} */

    select
      count(*) as failures,
      count(*) != 0 as should_warn,
      count(*) != 0 as should_error
    from (
      
    
  



select
    1
from `flipp_data_sandbox`.`dbt_demo_dbt_westy`.`flyer_impressions`

where not(running_total_impressions running_total_impressions >= flyer_impressions)
--------------------------------------------------------------^^^


  
  
      
    ) dbt_internal_test

Error properties: diagnostic-info=org.apache.hive.service.cli.HiveSQLException: Error running query: [PARSE_SYNTAX_ERROR] org.apache.spark.sql.catalyst.parser.ParseException: 
[PARSE_SYNTAX_ERROR] Syntax error at or near '>='. SQLSTATE: 42601 (line 18, pos 62)

== SQL ==
/* {"app": "dbt", "dbt_version": "1.10.4", "dbt_databricks_version": "1.10.4", "databricks_sql_connector_version": "4.0.5", "profile_name": "acap_demo", "target_name": "dev", "node_id": "test.acap_demo.dbt_utils_expression_is_true_flyer_impressions_running_total_impressions__running_total_impressions_flyer_impressions.7830c2cac9"} */

    select
      count(*) as failures,
      count(*) != 0 as should_warn,
      count(*) != 0 as should_error
    from (
      
    
  



select
    1
from `flipp_data_sandbox`.`dbt_demo_dbt_westy`.`flyer_impressions`

where not(running_total_impressions running_total_impressions >= flyer_impressions)
--------------------------------------------------------------^^^


  
  
      
    ) dbt_internal_test

	at org.apache.spark.sql.hive.thriftserver.HiveThriftServerErrors$.runningQueryError(HiveThriftServerErrors.scala:49)
	at org.apache.spark.sql.hive.thriftserver.SparkExecuteStatementOperation.$anonfun$execute$1(SparkExecuteStatementOperation.scala:723)
	at scala.runtime.java8.JFunction0$mcV$sp.apply(JFunction0$mcV$sp.java:23)
	at com.databricks.unity.UCSEphemeralState$Handle.runWith(UCSEphemeralState.scala:45)
	at com.databricks.unity.HandleImpl.runWith(UCSHandle.scala:104)
	at org.apache.spark.sql.hive.thriftserver.SparkExecuteStatementOperation.org$apache$spark$sql$hive$thriftserver$SparkExecuteStatementOperation$$execute(SparkExecuteStatementOperation.scala:567)
	at org.apache.spark.sql.hive.thriftserver.SparkExecuteStatementOperation$$anon$2$$anon$3.$anonfun$run$2(SparkExecuteStatementOperation.scala:411)
	at scala.runtime.java8.JFunction0$mcV$sp.apply(JFunction0$mcV$sp.java:23)
	at com.databricks.logging.UsageLogging.withAttributionContext(UsageLogging.scala:420)
	at com.databricks.logging.UsageLogging.withAttributionContext$(UsageLogging.scala:418)
	at com.databricks.spark.util.PublicDBLogging.withAttributionContext(DatabricksSparkUsageLogger.scala:27)
	at com.databricks.logging.UsageLogging.withAttributionTags(UsageLogging.scala:472)
	at com.databricks.logging.UsageLogging.withAttributionTags$(UsageLogging.scala:455)
	at com.databricks.spark.util.PublicDBLogging.withAttributionTags(DatabricksSparkUsageLogger.scala:27)
	at com.databricks.spark.util.PublicDBLogging.withAttributionTags0(DatabricksSparkUsageLogger.scala:72)
	at com.databricks.spark.util.DatabricksSparkUsageLogger.withAttributionTags(DatabricksSparkUsageLogger.scala:173)
	at com.databricks.spark.util.UsageLogging.$anonfun$withAttributionTags$1(UsageLogger.scala:491)
	at com.databricks.spark.util.UsageLogging$.withAttributionTags(UsageLogger.scala:603)
	at com.databricks.spark.util.UsageLogging$.withAttributionTags(UsageLogger.scala:612)
	at com.databricks.spark.util.UsageLogging.withAttributionTags(UsageLogger.scala:491)
	at com.databricks.spark.util.UsageLogging.withAttributionTags$(UsageLogger.scala:489)
	at org.apache.spark.sql.hive.thriftserver.SparkExecuteStatementOperation.withAttributionTags(SparkExecuteStatementOperation.scala:68)
	at org.apache.spark.sql.hive.thriftserver.ThriftLocalProperties.$anonfun$withLocalProperties$12(ThriftLocalProperties.scala:234)
	at com.databricks.spark.util.IdentityClaim$.withClaim(IdentityClaim.scala:48)
	at org.apache.spark.sql.hive.thriftserver.ThriftLocalProperties.withLocalProperties(ThriftLocalProperties.scala:229)
	at org.apache.spark.sql.hive.thriftserver.ThriftLocalProperties.withLocalProperties$(ThriftLocalProperties.scala:89)
	at org.apache.spark.sql.hive.thriftserver.SparkExecuteStatementOperation.withLocalProperties(SparkExecuteStatementOperation.scala:68)
	at org.apache.spark.sql.hive.thriftserver.SparkExecuteStatementOperation$$anon$2$$anon$3.run(SparkExecuteStatementOperation.scala:389)
	at org.apache.spark.sql.hive.thriftserver.SparkExecuteStatementOperation$$anon$2$$anon$3.run(SparkExecuteStatementOperation.scala:375)
	at java.security.AccessController.doPrivileged(Native Method)
	at javax.security.auth.Subject.doAs(Subject.java:422)
	at org.apache.hadoop.security.UserGroupInformation.doAs(UserGroupInformation.java:1899)
	at org.apache.spark.sql.hive.thriftserver.SparkExecuteStatementOperation$$anon$2.run(SparkExecuteStatementOperation.scala:423)
	at java.util.concurrent.Executors$RunnableAdapter.call(Executors.java:511)
	at java.util.concurrent.FutureTask.run(FutureTask.java:266)
	at java.util.concurrent.ThreadPoolExecutor.runWorker(ThreadPoolExecutor.java:1149)
	at java.util.concurrent.ThreadPoolExecutor$Worker.run(ThreadPoolExecutor.java:624)
	at java.lang.Thread.run(Thread.java:750)
Caused by: org.apache.spark.sql.catalyst.parser.ParseException: 
[PARSE_SYNTAX_ERROR] Syntax error at or near '>='. SQLSTATE: 42601 (line 18, pos 62)

== SQL ==
/* {"app": "dbt", "dbt_version": "1.10.4", "dbt_databricks_version": "1.10.4", "databricks_sql_connector_version": "4.0.5", "profile_name": "acap_demo", "target_name": "dev", "node_id": "test.acap_demo.dbt_utils_expression_is_true_flyer_impressions_running_total_impressions__running_total_impressions_flyer_impressions.7830c2cac9"} */

    select
      count(*) as failures,
      count(*) != 0 as should_warn,
      count(*) != 0 as should_error
    from (
      
    
  



select
    1
from `flipp_data_sandbox`.`dbt_demo_dbt_westy`.`flyer_impressions`

where not(running_total_impressions running_total_impressions >= flyer_impressions)
--------------------------------------------------------------^^^


  
  
      
    ) dbt_internal_test

	at org.apache.spark.sql.catalyst.parser.ParseException.withCommand(parsers.scala:301)
	at org.apache.spark.sql.catalyst.parser.AbstractParser.parse(parsers.scala:114)
	at org.apache.spark.sql.execution.SparkSqlParser.parse(SparkSqlParser.scala:122)
	at org.apache.spark.sql.catalyst.parser.AbstractSqlParser.parsePlan(AbstractSqlParser.scala:87)
	at com.databricks.sql.parser.DatabricksSqlParser.$anonfun$parsePlan$1(DatabricksSqlParser.scala:77)
	at com.databricks.sql.parser.DatabricksSqlParser.parse(DatabricksSqlParser.scala:98)
	at com.databricks.sql.parser.DatabricksSqlParser.parsePlan(DatabricksSqlParser.scala:74)
	at org.apache.spark.sql.hive.thriftserver.SparkExecuteStatementOperation.$anonfun$analyzeQuery$3(SparkExecuteStatementOperation.scala:535)
	at com.databricks.spark.util.FrameProfiler$.record(FrameProfiler.scala:94)
	at org.apache.spark.sql.catalyst.QueryPlanningTracker.measurePhase(QueryPlanningTracker.scala:396)
	at org.apache.spark.sql.hive.thriftserver.SparkExecuteStatementOperation.$anonfun$analyzeQuery$2(SparkExecuteStatementOperation.scala:532)
	at org.apache.spark.sql.SparkSession.withActive(SparkSession.scala:1175)
	at org.apache.spark.sql.hive.thriftserver.SparkExecuteStatementOperation.$anonfun$analyzeQuery$1(SparkExecuteStatementOperation.scala:530)
	at org.apache.spark.sql.hive.thriftserver.SparkExecuteStatementOperation.getOrCreateDF(SparkExecuteStatementOperation.scala:520)
	at org.apache.spark.sql.hive.thriftserver.SparkExecuteStatementOperation.analyzeQuery(SparkExecuteStatementOperation.scala:530)
	at org.apache.spark.sql.hive.thriftserver.SparkExecuteStatementOperation.$anonfun$execute$5(SparkExecuteStatementOperation.scala:603)
	at org.apache.spark.util.Utils$.timeTakenMs(Utils.scala:577)
	at org.apache.spark.sql.hive.thriftserver.SparkExecuteStatementOperation.$anonfun$execute$1(SparkExecuteStatementOperation.scala:603)
	... 36 more
, operation-id=91300391-a25b-45cb-9954-dbe8aceb6d61
[0m21:12:18.032076 [debug] [Thread-1 (]: Database Error in test dbt_utils_expression_is_true_flyer_impressions_running_total_impressions__running_total_impressions_flyer_impressions (models/schema.yml)
  
  [PARSE_SYNTAX_ERROR] Syntax error at or near '>='. SQLSTATE: 42601 (line 18, pos 62)
  
  == SQL ==
  /* {"app": "dbt", "dbt_version": "1.10.4", "dbt_databricks_version": "1.10.4", "databricks_sql_connector_version": "4.0.5", "profile_name": "acap_demo", "target_name": "dev", "node_id": "test.acap_demo.dbt_utils_expression_is_true_flyer_impressions_running_total_impressions__running_total_impressions_flyer_impressions.7830c2cac9"} */
  
      select
        count(*) as failures,
        count(*) != 0 as should_warn,
        count(*) != 0 as should_error
      from (
        
      
    
  
  
  
  select
      1
  from `flipp_data_sandbox`.`dbt_demo_dbt_westy`.`flyer_impressions`
  
  where not(running_total_impressions running_total_impressions >= flyer_impressions)
  --------------------------------------------------------------^^^
  
  
    
    
        
      ) dbt_internal_test
  
  compiled code at target/run/acap_demo/models/schema.yml/dbt_utils_expression_is_true_f_6f056c92af56eccc24145e552f3b1188.sql
[0m21:12:18.032734 [error] [Thread-1 (]: 1 of 12 ERROR dbt_utils_expression_is_true_flyer_impressions_running_total_impressions__running_total_impressions_flyer_impressions  [[31mERROR[0m in 0.31s]
[0m21:12:18.033326 [debug] [Thread-1 (]: Finished running node test.acap_demo.dbt_utils_expression_is_true_flyer_impressions_running_total_impressions__running_total_impressions_flyer_impressions.7830c2cac9
[0m21:12:18.033690 [debug] [Thread-1 (]: Began running node test.acap_demo.dbt_utils_expression_is_true_stg_flyer_impressions_flyer_impressions__flyer_impressions_0.b6f44dcfdb
[0m21:12:18.034207 [debug] [Thread-4 (]: Marking all children of 'test.acap_demo.dbt_utils_expression_is_true_flyer_impressions_running_total_impressions__running_total_impressions_flyer_impressions.7830c2cac9' to be skipped because of status 'error'.  Reason: Database Error in test dbt_utils_expression_is_true_flyer_impressions_running_total_impressions__running_total_impressions_flyer_impressions (models/schema.yml)
  
  [PARSE_SYNTAX_ERROR] Syntax error at or near '>='. SQLSTATE: 42601 (line 18, pos 62)
  
  == SQL ==
  /* {"app": "dbt", "dbt_version": "1.10.4", "dbt_databricks_version": "1.10.4", "databricks_sql_connector_version": "4.0.5", "profile_name": "acap_demo", "target_name": "dev", "node_id": "test.acap_demo.dbt_utils_expression_is_true_flyer_impressions_running_total_impressions__running_total_impressions_flyer_impressions.7830c2cac9"} */
  
      select
        count(*) as failures,
        count(*) != 0 as should_warn,
        count(*) != 0 as should_error
      from (
        
      
    
  
  
  
  select
      1
  from `flipp_data_sandbox`.`dbt_demo_dbt_westy`.`flyer_impressions`
  
  where not(running_total_impressions running_total_impressions >= flyer_impressions)
  --------------------------------------------------------------^^^
  
  
    
    
        
      ) dbt_internal_test
  
  compiled code at target/run/acap_demo/models/schema.yml/dbt_utils_expression_is_true_f_6f056c92af56eccc24145e552f3b1188.sql.
[0m21:12:18.034661 [info ] [Thread-1 (]: 2 of 12 START test dbt_utils_expression_is_true_stg_flyer_impressions_flyer_impressions__flyer_impressions_0  [RUN]
[0m21:12:18.035758 [debug] [Thread-1 (]: Re-using an available connection from the pool (formerly test.acap_demo.dbt_utils_expression_is_true_flyer_impressions_running_total_impressions__running_total_impressions_flyer_impressions.7830c2cac9, now test.acap_demo.dbt_utils_expression_is_true_stg_flyer_impressions_flyer_impressions__flyer_impressions_0.b6f44dcfdb)
[0m21:12:18.036143 [debug] [Thread-1 (]: Databricks adapter: DatabricksDBTConnection(session-id=20d7f3cd-aaf2-4051-9e06-f12dbbc294b1, name=test.acap_demo.dbt_utils_expression_is_true_stg_flyer_impressions_flyer_impressions__flyer_impressions_0.b6f44dcfdb, idle-time=0.0035219192504882812s, language=sql, compute-name=) - Reusing connection previously named test.acap_demo.dbt_utils_expression_is_true_flyer_impressions_running_total_impressions__running_total_impressions_flyer_impressions.7830c2cac9
[0m21:12:18.036426 [debug] [Thread-1 (]: Began compiling node test.acap_demo.dbt_utils_expression_is_true_stg_flyer_impressions_flyer_impressions__flyer_impressions_0.b6f44dcfdb
[0m21:12:18.041410 [debug] [Thread-1 (]: Writing injected SQL for node "test.acap_demo.dbt_utils_expression_is_true_stg_flyer_impressions_flyer_impressions__flyer_impressions_0.b6f44dcfdb"
[0m21:12:18.042157 [debug] [Thread-1 (]: Began executing node test.acap_demo.dbt_utils_expression_is_true_stg_flyer_impressions_flyer_impressions__flyer_impressions_0.b6f44dcfdb
[0m21:12:18.044817 [debug] [Thread-1 (]: Writing runtime sql for node "test.acap_demo.dbt_utils_expression_is_true_stg_flyer_impressions_flyer_impressions__flyer_impressions_0.b6f44dcfdb"
[0m21:12:18.045271 [debug] [Thread-1 (]: Using databricks connection "test.acap_demo.dbt_utils_expression_is_true_stg_flyer_impressions_flyer_impressions__flyer_impressions_0.b6f44dcfdb"
[0m21:12:18.045559 [debug] [Thread-1 (]: On test.acap_demo.dbt_utils_expression_is_true_stg_flyer_impressions_flyer_impressions__flyer_impressions_0.b6f44dcfdb: /* {"app": "dbt", "dbt_version": "1.10.4", "dbt_databricks_version": "1.10.4", "databricks_sql_connector_version": "4.0.5", "profile_name": "acap_demo", "target_name": "dev", "node_id": "test.acap_demo.dbt_utils_expression_is_true_stg_flyer_impressions_flyer_impressions__flyer_impressions_0.b6f44dcfdb"} */

    select
      count(*) as failures,
      count(*) != 0 as should_warn,
      count(*) != 0 as should_error
    from (
      
    
  



select
    1
from `flipp_data_sandbox`.`dbt_demo_dbt_westy`.`stg_flyer_impressions`

where not(flyer_impressions flyer_impressions >= 0)


  
  
      
    ) dbt_internal_test
[0m21:12:18.182598 [debug] [Thread-1 (]: Databricks adapter: Exception while trying to execute query
/* {"app": "dbt", "dbt_version": "1.10.4", "dbt_databricks_version": "1.10.4", "databricks_sql_connector_version": "4.0.5", "profile_name": "acap_demo", "target_name": "dev", "node_id": "test.acap_demo.dbt_utils_expression_is_true_stg_flyer_impressions_flyer_impressions__flyer_impressions_0.b6f44dcfdb"} */

    select
      count(*) as failures,
      count(*) != 0 as should_warn,
      count(*) != 0 as should_error
    from (
      
    
  



select
    1
from `flipp_data_sandbox`.`dbt_demo_dbt_westy`.`stg_flyer_impressions`

where not(flyer_impressions flyer_impressions >= 0)


  
  
      
    ) dbt_internal_test
: 
[PARSE_SYNTAX_ERROR] Syntax error at or near '>='. SQLSTATE: 42601 (line 18, pos 46)

== SQL ==
/* {"app": "dbt", "dbt_version": "1.10.4", "dbt_databricks_version": "1.10.4", "databricks_sql_connector_version": "4.0.5", "profile_name": "acap_demo", "target_name": "dev", "node_id": "test.acap_demo.dbt_utils_expression_is_true_stg_flyer_impressions_flyer_impressions__flyer_impressions_0.b6f44dcfdb"} */

    select
      count(*) as failures,
      count(*) != 0 as should_warn,
      count(*) != 0 as should_error
    from (
      
    
  



select
    1
from `flipp_data_sandbox`.`dbt_demo_dbt_westy`.`stg_flyer_impressions`

where not(flyer_impressions flyer_impressions >= 0)
----------------------------------------------^^^


  
  
      
    ) dbt_internal_test

Error properties: diagnostic-info=org.apache.hive.service.cli.HiveSQLException: Error running query: [PARSE_SYNTAX_ERROR] org.apache.spark.sql.catalyst.parser.ParseException: 
[PARSE_SYNTAX_ERROR] Syntax error at or near '>='. SQLSTATE: 42601 (line 18, pos 46)

== SQL ==
/* {"app": "dbt", "dbt_version": "1.10.4", "dbt_databricks_version": "1.10.4", "databricks_sql_connector_version": "4.0.5", "profile_name": "acap_demo", "target_name": "dev", "node_id": "test.acap_demo.dbt_utils_expression_is_true_stg_flyer_impressions_flyer_impressions__flyer_impressions_0.b6f44dcfdb"} */

    select
      count(*) as failures,
      count(*) != 0 as should_warn,
      count(*) != 0 as should_error
    from (
      
    
  



select
    1
from `flipp_data_sandbox`.`dbt_demo_dbt_westy`.`stg_flyer_impressions`

where not(flyer_impressions flyer_impressions >= 0)
----------------------------------------------^^^


  
  
      
    ) dbt_internal_test

	at org.apache.spark.sql.hive.thriftserver.HiveThriftServerErrors$.runningQueryError(HiveThriftServerErrors.scala:49)
	at org.apache.spark.sql.hive.thriftserver.SparkExecuteStatementOperation.$anonfun$execute$1(SparkExecuteStatementOperation.scala:723)
	at scala.runtime.java8.JFunction0$mcV$sp.apply(JFunction0$mcV$sp.java:23)
	at com.databricks.unity.UCSEphemeralState$Handle.runWith(UCSEphemeralState.scala:45)
	at com.databricks.unity.HandleImpl.runWith(UCSHandle.scala:104)
	at org.apache.spark.sql.hive.thriftserver.SparkExecuteStatementOperation.org$apache$spark$sql$hive$thriftserver$SparkExecuteStatementOperation$$execute(SparkExecuteStatementOperation.scala:567)
	at org.apache.spark.sql.hive.thriftserver.SparkExecuteStatementOperation$$anon$2$$anon$3.$anonfun$run$2(SparkExecuteStatementOperation.scala:411)
	at scala.runtime.java8.JFunction0$mcV$sp.apply(JFunction0$mcV$sp.java:23)
	at com.databricks.logging.UsageLogging.withAttributionContext(UsageLogging.scala:420)
	at com.databricks.logging.UsageLogging.withAttributionContext$(UsageLogging.scala:418)
	at com.databricks.spark.util.PublicDBLogging.withAttributionContext(DatabricksSparkUsageLogger.scala:27)
	at com.databricks.logging.UsageLogging.withAttributionTags(UsageLogging.scala:472)
	at com.databricks.logging.UsageLogging.withAttributionTags$(UsageLogging.scala:455)
	at com.databricks.spark.util.PublicDBLogging.withAttributionTags(DatabricksSparkUsageLogger.scala:27)
	at com.databricks.spark.util.PublicDBLogging.withAttributionTags0(DatabricksSparkUsageLogger.scala:72)
	at com.databricks.spark.util.DatabricksSparkUsageLogger.withAttributionTags(DatabricksSparkUsageLogger.scala:173)
	at com.databricks.spark.util.UsageLogging.$anonfun$withAttributionTags$1(UsageLogger.scala:491)
	at com.databricks.spark.util.UsageLogging$.withAttributionTags(UsageLogger.scala:603)
	at com.databricks.spark.util.UsageLogging$.withAttributionTags(UsageLogger.scala:612)
	at com.databricks.spark.util.UsageLogging.withAttributionTags(UsageLogger.scala:491)
	at com.databricks.spark.util.UsageLogging.withAttributionTags$(UsageLogger.scala:489)
	at org.apache.spark.sql.hive.thriftserver.SparkExecuteStatementOperation.withAttributionTags(SparkExecuteStatementOperation.scala:68)
	at org.apache.spark.sql.hive.thriftserver.ThriftLocalProperties.$anonfun$withLocalProperties$12(ThriftLocalProperties.scala:234)
	at com.databricks.spark.util.IdentityClaim$.withClaim(IdentityClaim.scala:48)
	at org.apache.spark.sql.hive.thriftserver.ThriftLocalProperties.withLocalProperties(ThriftLocalProperties.scala:229)
	at org.apache.spark.sql.hive.thriftserver.ThriftLocalProperties.withLocalProperties$(ThriftLocalProperties.scala:89)
	at org.apache.spark.sql.hive.thriftserver.SparkExecuteStatementOperation.withLocalProperties(SparkExecuteStatementOperation.scala:68)
	at org.apache.spark.sql.hive.thriftserver.SparkExecuteStatementOperation$$anon$2$$anon$3.run(SparkExecuteStatementOperation.scala:389)
	at org.apache.spark.sql.hive.thriftserver.SparkExecuteStatementOperation$$anon$2$$anon$3.run(SparkExecuteStatementOperation.scala:375)
	at java.security.AccessController.doPrivileged(Native Method)
	at javax.security.auth.Subject.doAs(Subject.java:422)
	at org.apache.hadoop.security.UserGroupInformation.doAs(UserGroupInformation.java:1899)
	at org.apache.spark.sql.hive.thriftserver.SparkExecuteStatementOperation$$anon$2.run(SparkExecuteStatementOperation.scala:423)
	at java.util.concurrent.Executors$RunnableAdapter.call(Executors.java:511)
	at java.util.concurrent.FutureTask.run(FutureTask.java:266)
	at java.util.concurrent.ThreadPoolExecutor.runWorker(ThreadPoolExecutor.java:1149)
	at java.util.concurrent.ThreadPoolExecutor$Worker.run(ThreadPoolExecutor.java:624)
	at java.lang.Thread.run(Thread.java:750)
Caused by: org.apache.spark.sql.catalyst.parser.ParseException: 
[PARSE_SYNTAX_ERROR] Syntax error at or near '>='. SQLSTATE: 42601 (line 18, pos 46)

== SQL ==
/* {"app": "dbt", "dbt_version": "1.10.4", "dbt_databricks_version": "1.10.4", "databricks_sql_connector_version": "4.0.5", "profile_name": "acap_demo", "target_name": "dev", "node_id": "test.acap_demo.dbt_utils_expression_is_true_stg_flyer_impressions_flyer_impressions__flyer_impressions_0.b6f44dcfdb"} */

    select
      count(*) as failures,
      count(*) != 0 as should_warn,
      count(*) != 0 as should_error
    from (
      
    
  



select
    1
from `flipp_data_sandbox`.`dbt_demo_dbt_westy`.`stg_flyer_impressions`

where not(flyer_impressions flyer_impressions >= 0)
----------------------------------------------^^^


  
  
      
    ) dbt_internal_test

	at org.apache.spark.sql.catalyst.parser.ParseException.withCommand(parsers.scala:301)
	at org.apache.spark.sql.catalyst.parser.AbstractParser.parse(parsers.scala:114)
	at org.apache.spark.sql.execution.SparkSqlParser.parse(SparkSqlParser.scala:122)
	at org.apache.spark.sql.catalyst.parser.AbstractSqlParser.parsePlan(AbstractSqlParser.scala:87)
	at com.databricks.sql.parser.DatabricksSqlParser.$anonfun$parsePlan$1(DatabricksSqlParser.scala:77)
	at com.databricks.sql.parser.DatabricksSqlParser.parse(DatabricksSqlParser.scala:98)
	at com.databricks.sql.parser.DatabricksSqlParser.parsePlan(DatabricksSqlParser.scala:74)
	at org.apache.spark.sql.hive.thriftserver.SparkExecuteStatementOperation.$anonfun$analyzeQuery$3(SparkExecuteStatementOperation.scala:535)
	at com.databricks.spark.util.FrameProfiler$.record(FrameProfiler.scala:94)
	at org.apache.spark.sql.catalyst.QueryPlanningTracker.measurePhase(QueryPlanningTracker.scala:396)
	at org.apache.spark.sql.hive.thriftserver.SparkExecuteStatementOperation.$anonfun$analyzeQuery$2(SparkExecuteStatementOperation.scala:532)
	at org.apache.spark.sql.SparkSession.withActive(SparkSession.scala:1175)
	at org.apache.spark.sql.hive.thriftserver.SparkExecuteStatementOperation.$anonfun$analyzeQuery$1(SparkExecuteStatementOperation.scala:530)
	at org.apache.spark.sql.hive.thriftserver.SparkExecuteStatementOperation.getOrCreateDF(SparkExecuteStatementOperation.scala:520)
	at org.apache.spark.sql.hive.thriftserver.SparkExecuteStatementOperation.analyzeQuery(SparkExecuteStatementOperation.scala:530)
	at org.apache.spark.sql.hive.thriftserver.SparkExecuteStatementOperation.$anonfun$execute$5(SparkExecuteStatementOperation.scala:603)
	at org.apache.spark.util.Utils$.timeTakenMs(Utils.scala:577)
	at org.apache.spark.sql.hive.thriftserver.SparkExecuteStatementOperation.$anonfun$execute$1(SparkExecuteStatementOperation.scala:603)
	... 36 more
, operation-id=72ea6192-d57e-4102-aa6a-05215e0d9b7d
[0m21:12:18.190685 [debug] [Thread-1 (]: Database Error in test dbt_utils_expression_is_true_stg_flyer_impressions_flyer_impressions__flyer_impressions_0 (models/schema.yml)
  
  [PARSE_SYNTAX_ERROR] Syntax error at or near '>='. SQLSTATE: 42601 (line 18, pos 46)
  
  == SQL ==
  /* {"app": "dbt", "dbt_version": "1.10.4", "dbt_databricks_version": "1.10.4", "databricks_sql_connector_version": "4.0.5", "profile_name": "acap_demo", "target_name": "dev", "node_id": "test.acap_demo.dbt_utils_expression_is_true_stg_flyer_impressions_flyer_impressions__flyer_impressions_0.b6f44dcfdb"} */
  
      select
        count(*) as failures,
        count(*) != 0 as should_warn,
        count(*) != 0 as should_error
      from (
        
      
    
  
  
  
  select
      1
  from `flipp_data_sandbox`.`dbt_demo_dbt_westy`.`stg_flyer_impressions`
  
  where not(flyer_impressions flyer_impressions >= 0)
  ----------------------------------------------^^^
  
  
    
    
        
      ) dbt_internal_test
  
  compiled code at target/run/acap_demo/models/schema.yml/dbt_utils_expression_is_true_s_2de5faa5a76aac709452031eb8d4837e.sql
[0m21:12:18.191242 [error] [Thread-1 (]: 2 of 12 ERROR dbt_utils_expression_is_true_stg_flyer_impressions_flyer_impressions__flyer_impressions_0  [[31mERROR[0m in 0.16s]
[0m21:12:18.191800 [debug] [Thread-1 (]: Finished running node test.acap_demo.dbt_utils_expression_is_true_stg_flyer_impressions_flyer_impressions__flyer_impressions_0.b6f44dcfdb
[0m21:12:18.192136 [debug] [Thread-1 (]: Began running node test.acap_demo.not_null_dates_date.cf7b2f53be
[0m21:12:18.192607 [debug] [Thread-4 (]: Marking all children of 'test.acap_demo.dbt_utils_expression_is_true_stg_flyer_impressions_flyer_impressions__flyer_impressions_0.b6f44dcfdb' to be skipped because of status 'error'.  Reason: Database Error in test dbt_utils_expression_is_true_stg_flyer_impressions_flyer_impressions__flyer_impressions_0 (models/schema.yml)
  
  [PARSE_SYNTAX_ERROR] Syntax error at or near '>='. SQLSTATE: 42601 (line 18, pos 46)
  
  == SQL ==
  /* {"app": "dbt", "dbt_version": "1.10.4", "dbt_databricks_version": "1.10.4", "databricks_sql_connector_version": "4.0.5", "profile_name": "acap_demo", "target_name": "dev", "node_id": "test.acap_demo.dbt_utils_expression_is_true_stg_flyer_impressions_flyer_impressions__flyer_impressions_0.b6f44dcfdb"} */
  
      select
        count(*) as failures,
        count(*) != 0 as should_warn,
        count(*) != 0 as should_error
      from (
        
      
    
  
  
  
  select
      1
  from `flipp_data_sandbox`.`dbt_demo_dbt_westy`.`stg_flyer_impressions`
  
  where not(flyer_impressions flyer_impressions >= 0)
  ----------------------------------------------^^^
  
  
    
    
        
      ) dbt_internal_test
  
  compiled code at target/run/acap_demo/models/schema.yml/dbt_utils_expression_is_true_s_2de5faa5a76aac709452031eb8d4837e.sql.
[0m21:12:18.193016 [info ] [Thread-1 (]: 3 of 12 START test not_null_dates_date ......................................... [RUN]
[0m21:12:18.193520 [debug] [Thread-1 (]: Re-using an available connection from the pool (formerly test.acap_demo.dbt_utils_expression_is_true_stg_flyer_impressions_flyer_impressions__flyer_impressions_0.b6f44dcfdb, now test.acap_demo.not_null_dates_date.cf7b2f53be)
[0m21:12:18.193841 [debug] [Thread-1 (]: Databricks adapter: DatabricksDBTConnection(session-id=20d7f3cd-aaf2-4051-9e06-f12dbbc294b1, name=test.acap_demo.not_null_dates_date.cf7b2f53be, idle-time=0.0026879310607910156s, language=sql, compute-name=) - Reusing connection previously named test.acap_demo.dbt_utils_expression_is_true_stg_flyer_impressions_flyer_impressions__flyer_impressions_0.b6f44dcfdb
[0m21:12:18.194109 [debug] [Thread-1 (]: Began compiling node test.acap_demo.not_null_dates_date.cf7b2f53be
[0m21:12:18.200662 [debug] [Thread-1 (]: Writing injected SQL for node "test.acap_demo.not_null_dates_date.cf7b2f53be"
[0m21:12:18.201753 [debug] [Thread-1 (]: Began executing node test.acap_demo.not_null_dates_date.cf7b2f53be
[0m21:12:18.204191 [debug] [Thread-1 (]: Writing runtime sql for node "test.acap_demo.not_null_dates_date.cf7b2f53be"
[0m21:12:18.204567 [debug] [Thread-1 (]: Using databricks connection "test.acap_demo.not_null_dates_date.cf7b2f53be"
[0m21:12:18.204822 [debug] [Thread-1 (]: On test.acap_demo.not_null_dates_date.cf7b2f53be: /* {"app": "dbt", "dbt_version": "1.10.4", "dbt_databricks_version": "1.10.4", "databricks_sql_connector_version": "4.0.5", "profile_name": "acap_demo", "target_name": "dev", "node_id": "test.acap_demo.not_null_dates_date.cf7b2f53be"} */

    select
      count(*) as failures,
      count(*) != 0 as should_warn,
      count(*) != 0 as should_error
    from (
      
    
  
    
    



select date
from `flipp_data_sandbox`.`dbt_demo_dbt_westy`.`dates`
where date is null



  
  
      
    ) dbt_internal_test
[0m21:12:18.708045 [debug] [Thread-1 (]: SQL status: OK in 0.500 seconds
[0m21:12:18.712643 [debug] [Thread-1 (]: Databricks adapter: Cursor(session-id=20d7f3cd-aaf2-4051-9e06-f12dbbc294b1, command-id=f06f9716-e17b-4c21-82af-19a3c7da5bd5) - Closing
[0m21:12:18.717414 [info ] [Thread-1 (]: 3 of 12 PASS not_null_dates_date ............................................... [[32mPASS[0m in 0.52s]
[0m21:12:18.718125 [debug] [Thread-1 (]: Finished running node test.acap_demo.not_null_dates_date.cf7b2f53be
[0m21:12:18.718566 [debug] [Thread-1 (]: Began running node test.acap_demo.not_null_dates_day_name.ce89933a76
[0m21:12:18.718990 [info ] [Thread-1 (]: 4 of 12 START test not_null_dates_day_name ..................................... [RUN]
[0m21:12:18.719729 [debug] [Thread-1 (]: Re-using an available connection from the pool (formerly test.acap_demo.not_null_dates_date.cf7b2f53be, now test.acap_demo.not_null_dates_day_name.ce89933a76)
[0m21:12:18.720253 [debug] [Thread-1 (]: Databricks adapter: DatabricksDBTConnection(session-id=20d7f3cd-aaf2-4051-9e06-f12dbbc294b1, name=test.acap_demo.not_null_dates_day_name.ce89933a76, idle-time=0.0029358863830566406s, language=sql, compute-name=) - Reusing connection previously named test.acap_demo.not_null_dates_date.cf7b2f53be
[0m21:12:18.720647 [debug] [Thread-1 (]: Began compiling node test.acap_demo.not_null_dates_day_name.ce89933a76
[0m21:12:18.726009 [debug] [Thread-1 (]: Writing injected SQL for node "test.acap_demo.not_null_dates_day_name.ce89933a76"
[0m21:12:18.726925 [debug] [Thread-1 (]: Began executing node test.acap_demo.not_null_dates_day_name.ce89933a76
[0m21:12:18.729939 [debug] [Thread-1 (]: Writing runtime sql for node "test.acap_demo.not_null_dates_day_name.ce89933a76"
[0m21:12:18.730579 [debug] [Thread-1 (]: Using databricks connection "test.acap_demo.not_null_dates_day_name.ce89933a76"
[0m21:12:18.730880 [debug] [Thread-1 (]: On test.acap_demo.not_null_dates_day_name.ce89933a76: /* {"app": "dbt", "dbt_version": "1.10.4", "dbt_databricks_version": "1.10.4", "databricks_sql_connector_version": "4.0.5", "profile_name": "acap_demo", "target_name": "dev", "node_id": "test.acap_demo.not_null_dates_day_name.ce89933a76"} */

    select
      count(*) as failures,
      count(*) != 0 as should_warn,
      count(*) != 0 as should_error
    from (
      
    
  
    
    



select day_name
from `flipp_data_sandbox`.`dbt_demo_dbt_westy`.`dates`
where day_name is null



  
  
      
    ) dbt_internal_test
[0m21:12:19.178743 [debug] [Thread-1 (]: SQL status: OK in 0.450 seconds
[0m21:12:19.182277 [debug] [Thread-1 (]: Databricks adapter: Cursor(session-id=20d7f3cd-aaf2-4051-9e06-f12dbbc294b1, command-id=132c3ff3-896f-416e-b754-99fc264e8553) - Closing
[0m21:12:19.183606 [info ] [Thread-1 (]: 4 of 12 PASS not_null_dates_day_name ........................................... [[32mPASS[0m in 0.46s]
[0m21:12:19.184322 [debug] [Thread-1 (]: Finished running node test.acap_demo.not_null_dates_day_name.ce89933a76
[0m21:12:19.184799 [debug] [Thread-1 (]: Began running node test.acap_demo.not_null_flyer_impressions_date.b3d886a5d3
[0m21:12:19.185276 [info ] [Thread-1 (]: 5 of 12 START test not_null_flyer_impressions_date ............................. [RUN]
[0m21:12:19.185894 [debug] [Thread-1 (]: Re-using an available connection from the pool (formerly test.acap_demo.not_null_dates_day_name.ce89933a76, now test.acap_demo.not_null_flyer_impressions_date.b3d886a5d3)
[0m21:12:19.186360 [debug] [Thread-1 (]: Databricks adapter: DatabricksDBTConnection(session-id=20d7f3cd-aaf2-4051-9e06-f12dbbc294b1, name=test.acap_demo.not_null_flyer_impressions_date.b3d886a5d3, idle-time=0.0028617382049560547s, language=sql, compute-name=) - Reusing connection previously named test.acap_demo.not_null_dates_day_name.ce89933a76
[0m21:12:19.186750 [debug] [Thread-1 (]: Began compiling node test.acap_demo.not_null_flyer_impressions_date.b3d886a5d3
[0m21:12:19.193436 [debug] [Thread-1 (]: Writing injected SQL for node "test.acap_demo.not_null_flyer_impressions_date.b3d886a5d3"
[0m21:12:19.195005 [debug] [Thread-1 (]: Began executing node test.acap_demo.not_null_flyer_impressions_date.b3d886a5d3
[0m21:12:19.198771 [debug] [Thread-1 (]: Writing runtime sql for node "test.acap_demo.not_null_flyer_impressions_date.b3d886a5d3"
[0m21:12:19.199615 [debug] [Thread-1 (]: Using databricks connection "test.acap_demo.not_null_flyer_impressions_date.b3d886a5d3"
[0m21:12:19.199986 [debug] [Thread-1 (]: On test.acap_demo.not_null_flyer_impressions_date.b3d886a5d3: /* {"app": "dbt", "dbt_version": "1.10.4", "dbt_databricks_version": "1.10.4", "databricks_sql_connector_version": "4.0.5", "profile_name": "acap_demo", "target_name": "dev", "node_id": "test.acap_demo.not_null_flyer_impressions_date.b3d886a5d3"} */

    select
      count(*) as failures,
      count(*) != 0 as should_warn,
      count(*) != 0 as should_error
    from (
      
    
  
    
    



select date
from `flipp_data_sandbox`.`dbt_demo_dbt_westy`.`flyer_impressions`
where date is null



  
  
      
    ) dbt_internal_test
[0m21:12:19.594559 [debug] [Thread-1 (]: SQL status: OK in 0.390 seconds
[0m21:12:19.597965 [debug] [Thread-1 (]: Databricks adapter: Cursor(session-id=20d7f3cd-aaf2-4051-9e06-f12dbbc294b1, command-id=e3db20a8-cc96-4f38-8b81-deb6d7425c86) - Closing
[0m21:12:19.599509 [info ] [Thread-1 (]: 5 of 12 PASS not_null_flyer_impressions_date ................................... [[32mPASS[0m in 0.41s]
[0m21:12:19.600415 [debug] [Thread-1 (]: Finished running node test.acap_demo.not_null_flyer_impressions_date.b3d886a5d3
[0m21:12:19.600980 [debug] [Thread-1 (]: Began running node test.acap_demo.not_null_my_first_dbt_model_id.5fb22c2710
[0m21:12:19.601503 [info ] [Thread-1 (]: 6 of 12 START test not_null_my_first_dbt_model_id .............................. [RUN]
[0m21:12:19.602137 [debug] [Thread-1 (]: Re-using an available connection from the pool (formerly test.acap_demo.not_null_flyer_impressions_date.b3d886a5d3, now test.acap_demo.not_null_my_first_dbt_model_id.5fb22c2710)
[0m21:12:19.602601 [debug] [Thread-1 (]: Databricks adapter: DatabricksDBTConnection(session-id=20d7f3cd-aaf2-4051-9e06-f12dbbc294b1, name=test.acap_demo.not_null_my_first_dbt_model_id.5fb22c2710, idle-time=0.003284931182861328s, language=sql, compute-name=) - Reusing connection previously named test.acap_demo.not_null_flyer_impressions_date.b3d886a5d3
[0m21:12:19.603016 [debug] [Thread-1 (]: Began compiling node test.acap_demo.not_null_my_first_dbt_model_id.5fb22c2710
[0m21:12:19.608770 [debug] [Thread-1 (]: Writing injected SQL for node "test.acap_demo.not_null_my_first_dbt_model_id.5fb22c2710"
[0m21:12:19.610464 [debug] [Thread-1 (]: Began executing node test.acap_demo.not_null_my_first_dbt_model_id.5fb22c2710
[0m21:12:19.613860 [debug] [Thread-1 (]: Writing runtime sql for node "test.acap_demo.not_null_my_first_dbt_model_id.5fb22c2710"
[0m21:12:19.614391 [debug] [Thread-1 (]: Using databricks connection "test.acap_demo.not_null_my_first_dbt_model_id.5fb22c2710"
[0m21:12:19.614726 [debug] [Thread-1 (]: On test.acap_demo.not_null_my_first_dbt_model_id.5fb22c2710: /* {"app": "dbt", "dbt_version": "1.10.4", "dbt_databricks_version": "1.10.4", "databricks_sql_connector_version": "4.0.5", "profile_name": "acap_demo", "target_name": "dev", "node_id": "test.acap_demo.not_null_my_first_dbt_model_id.5fb22c2710"} */

    select
      count(*) as failures,
      count(*) != 0 as should_warn,
      count(*) != 0 as should_error
    from (
      
    
  
    
    



select id
from `flipp_data_sandbox`.`dbt_demo_dbt_westy`.`my_first_dbt_model`
where id is null



  
  
      
    ) dbt_internal_test
[0m21:12:20.132520 [debug] [Thread-1 (]: SQL status: OK in 0.520 seconds
[0m21:12:20.136228 [debug] [Thread-1 (]: Databricks adapter: Cursor(session-id=20d7f3cd-aaf2-4051-9e06-f12dbbc294b1, command-id=8ed30bad-efd3-4122-947d-07d2f8140071) - Closing
[0m21:12:20.137657 [error] [Thread-1 (]: 6 of 12 FAIL 1 not_null_my_first_dbt_model_id .................................. [[31mFAIL 1[0m in 0.54s]
[0m21:12:20.138491 [debug] [Thread-1 (]: Finished running node test.acap_demo.not_null_my_first_dbt_model_id.5fb22c2710
[0m21:12:20.139142 [debug] [Thread-1 (]: Began running node test.acap_demo.not_null_my_second_dbt_model_id.151b76d778
[0m21:12:20.139692 [info ] [Thread-1 (]: 7 of 12 START test not_null_my_second_dbt_model_id ............................. [RUN]
[0m21:12:20.140371 [debug] [Thread-1 (]: Re-using an available connection from the pool (formerly test.acap_demo.not_null_my_first_dbt_model_id.5fb22c2710, now test.acap_demo.not_null_my_second_dbt_model_id.151b76d778)
[0m21:12:20.140879 [debug] [Thread-1 (]: Databricks adapter: DatabricksDBTConnection(session-id=20d7f3cd-aaf2-4051-9e06-f12dbbc294b1, name=test.acap_demo.not_null_my_second_dbt_model_id.151b76d778, idle-time=0.0033369064331054688s, language=sql, compute-name=) - Reusing connection previously named test.acap_demo.not_null_my_first_dbt_model_id.5fb22c2710
[0m21:12:20.141279 [debug] [Thread-1 (]: Began compiling node test.acap_demo.not_null_my_second_dbt_model_id.151b76d778
[0m21:12:20.147571 [debug] [Thread-1 (]: Writing injected SQL for node "test.acap_demo.not_null_my_second_dbt_model_id.151b76d778"
[0m21:12:20.148719 [debug] [Thread-1 (]: Began executing node test.acap_demo.not_null_my_second_dbt_model_id.151b76d778
[0m21:12:20.152001 [debug] [Thread-1 (]: Writing runtime sql for node "test.acap_demo.not_null_my_second_dbt_model_id.151b76d778"
[0m21:12:20.152539 [debug] [Thread-1 (]: Using databricks connection "test.acap_demo.not_null_my_second_dbt_model_id.151b76d778"
[0m21:12:20.152841 [debug] [Thread-1 (]: On test.acap_demo.not_null_my_second_dbt_model_id.151b76d778: /* {"app": "dbt", "dbt_version": "1.10.4", "dbt_databricks_version": "1.10.4", "databricks_sql_connector_version": "4.0.5", "profile_name": "acap_demo", "target_name": "dev", "node_id": "test.acap_demo.not_null_my_second_dbt_model_id.151b76d778"} */

    select
      count(*) as failures,
      count(*) != 0 as should_warn,
      count(*) != 0 as should_error
    from (
      
    
  
    
    



select id
from `flipp_data_sandbox`.`dbt_demo_dbt_westy`.`my_second_dbt_model`
where id is null



  
  
      
    ) dbt_internal_test
[0m21:12:20.658013 [debug] [Thread-1 (]: SQL status: OK in 0.500 seconds
[0m21:12:20.661760 [debug] [Thread-1 (]: Databricks adapter: Cursor(session-id=20d7f3cd-aaf2-4051-9e06-f12dbbc294b1, command-id=53fa3dde-5102-41bd-bd64-d788725f4b47) - Closing
[0m21:12:20.663503 [info ] [Thread-1 (]: 7 of 12 PASS not_null_my_second_dbt_model_id ................................... [[32mPASS[0m in 0.52s]
[0m21:12:20.664280 [debug] [Thread-1 (]: Finished running node test.acap_demo.not_null_my_second_dbt_model_id.151b76d778
[0m21:12:20.664783 [debug] [Thread-1 (]: Began running node test.acap_demo.not_null_stg_flyer_impressions_date.989d65da5f
[0m21:12:20.665317 [info ] [Thread-1 (]: 8 of 12 START test not_null_stg_flyer_impressions_date ......................... [RUN]
[0m21:12:20.666025 [debug] [Thread-1 (]: Re-using an available connection from the pool (formerly test.acap_demo.not_null_my_second_dbt_model_id.151b76d778, now test.acap_demo.not_null_stg_flyer_impressions_date.989d65da5f)
[0m21:12:20.666503 [debug] [Thread-1 (]: Databricks adapter: DatabricksDBTConnection(session-id=20d7f3cd-aaf2-4051-9e06-f12dbbc294b1, name=test.acap_demo.not_null_stg_flyer_impressions_date.989d65da5f, idle-time=0.0031609535217285156s, language=sql, compute-name=) - Reusing connection previously named test.acap_demo.not_null_my_second_dbt_model_id.151b76d778
[0m21:12:20.666921 [debug] [Thread-1 (]: Began compiling node test.acap_demo.not_null_stg_flyer_impressions_date.989d65da5f
[0m21:12:20.673313 [debug] [Thread-1 (]: Writing injected SQL for node "test.acap_demo.not_null_stg_flyer_impressions_date.989d65da5f"
[0m21:12:20.674083 [debug] [Thread-1 (]: Began executing node test.acap_demo.not_null_stg_flyer_impressions_date.989d65da5f
[0m21:12:20.676743 [debug] [Thread-1 (]: Writing runtime sql for node "test.acap_demo.not_null_stg_flyer_impressions_date.989d65da5f"
[0m21:12:20.677219 [debug] [Thread-1 (]: Using databricks connection "test.acap_demo.not_null_stg_flyer_impressions_date.989d65da5f"
[0m21:12:20.677519 [debug] [Thread-1 (]: On test.acap_demo.not_null_stg_flyer_impressions_date.989d65da5f: /* {"app": "dbt", "dbt_version": "1.10.4", "dbt_databricks_version": "1.10.4", "databricks_sql_connector_version": "4.0.5", "profile_name": "acap_demo", "target_name": "dev", "node_id": "test.acap_demo.not_null_stg_flyer_impressions_date.989d65da5f"} */

    select
      count(*) as failures,
      count(*) != 0 as should_warn,
      count(*) != 0 as should_error
    from (
      
    
  
    
    



select date
from `flipp_data_sandbox`.`dbt_demo_dbt_westy`.`stg_flyer_impressions`
where date is null



  
  
      
    ) dbt_internal_test
[0m21:12:21.095133 [debug] [Thread-1 (]: SQL status: OK in 0.420 seconds
[0m21:12:21.098427 [debug] [Thread-1 (]: Databricks adapter: Cursor(session-id=20d7f3cd-aaf2-4051-9e06-f12dbbc294b1, command-id=f4ba97b0-3a7a-4d92-9228-011f610916a4) - Closing
[0m21:12:21.099788 [info ] [Thread-1 (]: 8 of 12 PASS not_null_stg_flyer_impressions_date ............................... [[32mPASS[0m in 0.43s]
[0m21:12:21.100515 [debug] [Thread-1 (]: Finished running node test.acap_demo.not_null_stg_flyer_impressions_date.989d65da5f
[0m21:12:21.100984 [debug] [Thread-1 (]: Began running node test.acap_demo.not_null_stg_flyer_impressions_flyer_impressions.d893315914
[0m21:12:21.101473 [info ] [Thread-1 (]: 9 of 12 START test not_null_stg_flyer_impressions_flyer_impressions ............ [RUN]
[0m21:12:21.102062 [debug] [Thread-1 (]: Re-using an available connection from the pool (formerly test.acap_demo.not_null_stg_flyer_impressions_date.989d65da5f, now test.acap_demo.not_null_stg_flyer_impressions_flyer_impressions.d893315914)
[0m21:12:21.102490 [debug] [Thread-1 (]: Databricks adapter: DatabricksDBTConnection(session-id=20d7f3cd-aaf2-4051-9e06-f12dbbc294b1, name=test.acap_demo.not_null_stg_flyer_impressions_flyer_impressions.d893315914, idle-time=0.0028481483459472656s, language=sql, compute-name=) - Reusing connection previously named test.acap_demo.not_null_stg_flyer_impressions_date.989d65da5f
[0m21:12:21.102847 [debug] [Thread-1 (]: Began compiling node test.acap_demo.not_null_stg_flyer_impressions_flyer_impressions.d893315914
[0m21:12:21.110509 [debug] [Thread-1 (]: Writing injected SQL for node "test.acap_demo.not_null_stg_flyer_impressions_flyer_impressions.d893315914"
[0m21:12:21.112256 [debug] [Thread-1 (]: Began executing node test.acap_demo.not_null_stg_flyer_impressions_flyer_impressions.d893315914
[0m21:12:21.115390 [debug] [Thread-1 (]: Writing runtime sql for node "test.acap_demo.not_null_stg_flyer_impressions_flyer_impressions.d893315914"
[0m21:12:21.116282 [debug] [Thread-1 (]: Using databricks connection "test.acap_demo.not_null_stg_flyer_impressions_flyer_impressions.d893315914"
[0m21:12:21.116661 [debug] [Thread-1 (]: On test.acap_demo.not_null_stg_flyer_impressions_flyer_impressions.d893315914: /* {"app": "dbt", "dbt_version": "1.10.4", "dbt_databricks_version": "1.10.4", "databricks_sql_connector_version": "4.0.5", "profile_name": "acap_demo", "target_name": "dev", "node_id": "test.acap_demo.not_null_stg_flyer_impressions_flyer_impressions.d893315914"} */

    select
      count(*) as failures,
      count(*) != 0 as should_warn,
      count(*) != 0 as should_error
    from (
      
    
  
    
    



select flyer_impressions
from `flipp_data_sandbox`.`dbt_demo_dbt_westy`.`stg_flyer_impressions`
where flyer_impressions is null



  
  
      
    ) dbt_internal_test
[0m21:12:21.505232 [debug] [Thread-1 (]: SQL status: OK in 0.390 seconds
[0m21:12:21.509057 [debug] [Thread-1 (]: Databricks adapter: Cursor(session-id=20d7f3cd-aaf2-4051-9e06-f12dbbc294b1, command-id=d25a493e-3373-4f2c-9954-bd9b750315e6) - Closing
[0m21:12:21.510527 [info ] [Thread-1 (]: 9 of 12 PASS not_null_stg_flyer_impressions_flyer_impressions .................. [[32mPASS[0m in 0.41s]
[0m21:12:21.511260 [debug] [Thread-1 (]: Finished running node test.acap_demo.not_null_stg_flyer_impressions_flyer_impressions.d893315914
[0m21:12:21.511736 [debug] [Thread-1 (]: Began running node test.acap_demo.unique_dates_date.5fc9cba9c0
[0m21:12:21.512207 [info ] [Thread-1 (]: 10 of 12 START test unique_dates_date .......................................... [RUN]
[0m21:12:21.512832 [debug] [Thread-1 (]: Re-using an available connection from the pool (formerly test.acap_demo.not_null_stg_flyer_impressions_flyer_impressions.d893315914, now test.acap_demo.unique_dates_date.5fc9cba9c0)
[0m21:12:21.513299 [debug] [Thread-1 (]: Databricks adapter: DatabricksDBTConnection(session-id=20d7f3cd-aaf2-4051-9e06-f12dbbc294b1, name=test.acap_demo.unique_dates_date.5fc9cba9c0, idle-time=0.0029010772705078125s, language=sql, compute-name=) - Reusing connection previously named test.acap_demo.not_null_stg_flyer_impressions_flyer_impressions.d893315914
[0m21:12:21.513694 [debug] [Thread-1 (]: Began compiling node test.acap_demo.unique_dates_date.5fc9cba9c0
[0m21:12:21.522112 [debug] [Thread-1 (]: Writing injected SQL for node "test.acap_demo.unique_dates_date.5fc9cba9c0"
[0m21:12:21.522788 [debug] [Thread-1 (]: Began executing node test.acap_demo.unique_dates_date.5fc9cba9c0
[0m21:12:21.525379 [debug] [Thread-1 (]: Writing runtime sql for node "test.acap_demo.unique_dates_date.5fc9cba9c0"
[0m21:12:21.526233 [debug] [Thread-1 (]: Using databricks connection "test.acap_demo.unique_dates_date.5fc9cba9c0"
[0m21:12:21.526565 [debug] [Thread-1 (]: On test.acap_demo.unique_dates_date.5fc9cba9c0: /* {"app": "dbt", "dbt_version": "1.10.4", "dbt_databricks_version": "1.10.4", "databricks_sql_connector_version": "4.0.5", "profile_name": "acap_demo", "target_name": "dev", "node_id": "test.acap_demo.unique_dates_date.5fc9cba9c0"} */

    select
      count(*) as failures,
      count(*) != 0 as should_warn,
      count(*) != 0 as should_error
    from (
      
    
  
    
    

select
    date as unique_field,
    count(*) as n_records

from `flipp_data_sandbox`.`dbt_demo_dbt_westy`.`dates`
where date is not null
group by date
having count(*) > 1



  
  
      
    ) dbt_internal_test
[0m21:12:22.479605 [debug] [Thread-1 (]: SQL status: OK in 0.950 seconds
[0m21:12:22.482656 [debug] [Thread-1 (]: Databricks adapter: Cursor(session-id=20d7f3cd-aaf2-4051-9e06-f12dbbc294b1, command-id=c06c6646-161e-48f7-9356-0c6899643fb8) - Closing
[0m21:12:22.483752 [info ] [Thread-1 (]: 10 of 12 PASS unique_dates_date ................................................ [[32mPASS[0m in 0.97s]
[0m21:12:22.484367 [debug] [Thread-1 (]: Finished running node test.acap_demo.unique_dates_date.5fc9cba9c0
[0m21:12:22.484751 [debug] [Thread-1 (]: Began running node test.acap_demo.unique_my_first_dbt_model_id.16e066b321
[0m21:12:22.485160 [info ] [Thread-1 (]: 11 of 12 START test unique_my_first_dbt_model_id ............................... [RUN]
[0m21:12:22.485682 [debug] [Thread-1 (]: Re-using an available connection from the pool (formerly test.acap_demo.unique_dates_date.5fc9cba9c0, now test.acap_demo.unique_my_first_dbt_model_id.16e066b321)
[0m21:12:22.486066 [debug] [Thread-1 (]: Databricks adapter: DatabricksDBTConnection(session-id=20d7f3cd-aaf2-4051-9e06-f12dbbc294b1, name=test.acap_demo.unique_my_first_dbt_model_id.16e066b321, idle-time=0.0024149417877197266s, language=sql, compute-name=) - Reusing connection previously named test.acap_demo.unique_dates_date.5fc9cba9c0
[0m21:12:22.486393 [debug] [Thread-1 (]: Began compiling node test.acap_demo.unique_my_first_dbt_model_id.16e066b321
[0m21:12:22.491270 [debug] [Thread-1 (]: Writing injected SQL for node "test.acap_demo.unique_my_first_dbt_model_id.16e066b321"
[0m21:12:22.492900 [debug] [Thread-1 (]: Began executing node test.acap_demo.unique_my_first_dbt_model_id.16e066b321
[0m21:12:22.495264 [debug] [Thread-1 (]: Writing runtime sql for node "test.acap_demo.unique_my_first_dbt_model_id.16e066b321"
[0m21:12:22.495720 [debug] [Thread-1 (]: Using databricks connection "test.acap_demo.unique_my_first_dbt_model_id.16e066b321"
[0m21:12:22.495983 [debug] [Thread-1 (]: On test.acap_demo.unique_my_first_dbt_model_id.16e066b321: /* {"app": "dbt", "dbt_version": "1.10.4", "dbt_databricks_version": "1.10.4", "databricks_sql_connector_version": "4.0.5", "profile_name": "acap_demo", "target_name": "dev", "node_id": "test.acap_demo.unique_my_first_dbt_model_id.16e066b321"} */

    select
      count(*) as failures,
      count(*) != 0 as should_warn,
      count(*) != 0 as should_error
    from (
      
    
  
    
    

select
    id as unique_field,
    count(*) as n_records

from `flipp_data_sandbox`.`dbt_demo_dbt_westy`.`my_first_dbt_model`
where id is not null
group by id
having count(*) > 1



  
  
      
    ) dbt_internal_test
[0m21:12:23.133632 [debug] [Thread-1 (]: SQL status: OK in 0.640 seconds
[0m21:12:23.137571 [debug] [Thread-1 (]: Databricks adapter: Cursor(session-id=20d7f3cd-aaf2-4051-9e06-f12dbbc294b1, command-id=f1548a9d-3575-4dcd-8f89-bd845c38fa97) - Closing
[0m21:12:23.138940 [info ] [Thread-1 (]: 11 of 12 PASS unique_my_first_dbt_model_id ..................................... [[32mPASS[0m in 0.65s]
[0m21:12:23.139858 [debug] [Thread-1 (]: Finished running node test.acap_demo.unique_my_first_dbt_model_id.16e066b321
[0m21:12:23.140404 [debug] [Thread-1 (]: Began running node test.acap_demo.unique_my_second_dbt_model_id.57a0f8c493
[0m21:12:23.141130 [info ] [Thread-1 (]: 12 of 12 START test unique_my_second_dbt_model_id .............................. [RUN]
[0m21:12:23.141932 [debug] [Thread-1 (]: Re-using an available connection from the pool (formerly test.acap_demo.unique_my_first_dbt_model_id.16e066b321, now test.acap_demo.unique_my_second_dbt_model_id.57a0f8c493)
[0m21:12:23.142480 [debug] [Thread-1 (]: Databricks adapter: DatabricksDBTConnection(session-id=20d7f3cd-aaf2-4051-9e06-f12dbbc294b1, name=test.acap_demo.unique_my_second_dbt_model_id.57a0f8c493, idle-time=0.003652811050415039s, language=sql, compute-name=) - Reusing connection previously named test.acap_demo.unique_my_first_dbt_model_id.16e066b321
[0m21:12:23.142917 [debug] [Thread-1 (]: Began compiling node test.acap_demo.unique_my_second_dbt_model_id.57a0f8c493
[0m21:12:23.153990 [debug] [Thread-1 (]: Writing injected SQL for node "test.acap_demo.unique_my_second_dbt_model_id.57a0f8c493"
[0m21:12:23.155101 [debug] [Thread-1 (]: Began executing node test.acap_demo.unique_my_second_dbt_model_id.57a0f8c493
[0m21:12:23.157466 [debug] [Thread-1 (]: Writing runtime sql for node "test.acap_demo.unique_my_second_dbt_model_id.57a0f8c493"
[0m21:12:23.157985 [debug] [Thread-1 (]: Using databricks connection "test.acap_demo.unique_my_second_dbt_model_id.57a0f8c493"
[0m21:12:23.158300 [debug] [Thread-1 (]: On test.acap_demo.unique_my_second_dbt_model_id.57a0f8c493: /* {"app": "dbt", "dbt_version": "1.10.4", "dbt_databricks_version": "1.10.4", "databricks_sql_connector_version": "4.0.5", "profile_name": "acap_demo", "target_name": "dev", "node_id": "test.acap_demo.unique_my_second_dbt_model_id.57a0f8c493"} */

    select
      count(*) as failures,
      count(*) != 0 as should_warn,
      count(*) != 0 as should_error
    from (
      
    
  
    
    

select
    id as unique_field,
    count(*) as n_records

from `flipp_data_sandbox`.`dbt_demo_dbt_westy`.`my_second_dbt_model`
where id is not null
group by id
having count(*) > 1



  
  
      
    ) dbt_internal_test
[0m21:12:23.826041 [debug] [Thread-1 (]: SQL status: OK in 0.670 seconds
[0m21:12:23.828568 [debug] [Thread-1 (]: Databricks adapter: Cursor(session-id=20d7f3cd-aaf2-4051-9e06-f12dbbc294b1, command-id=d1e2ebe0-b745-4f04-8a33-342182960652) - Closing
[0m21:12:23.829543 [info ] [Thread-1 (]: 12 of 12 PASS unique_my_second_dbt_model_id .................................... [[32mPASS[0m in 0.69s]
[0m21:12:23.830084 [debug] [Thread-1 (]: Finished running node test.acap_demo.unique_my_second_dbt_model_id.57a0f8c493
[0m21:12:23.831385 [debug] [MainThread]: Databricks adapter: DatabricksDBTConnection(session-id=None, name=master, idle-time=6.1066179275512695s, language=None, compute-name=) - Reusing connection previously named master
[0m21:12:23.831849 [debug] [MainThread]: Connection 'master' was properly closed.
[0m21:12:23.832130 [debug] [MainThread]: Connection 'test.acap_demo.unique_my_second_dbt_model_id.57a0f8c493' was properly closed.
[0m21:12:23.832382 [debug] [MainThread]: On test.acap_demo.unique_my_second_dbt_model_id.57a0f8c493: Close
[0m21:12:23.832661 [debug] [MainThread]: Databricks adapter: Connection(session-id=20d7f3cd-aaf2-4051-9e06-f12dbbc294b1) - Closing
[0m21:12:23.969317 [info ] [MainThread]: 
[0m21:12:23.970482 [info ] [MainThread]: Finished running 12 data tests in 0 hours 0 minutes and 7.64 seconds (7.64s).
[0m21:12:23.974536 [debug] [MainThread]: Command end result
[0m21:12:24.005547 [debug] [MainThread]: Wrote artifact WritableManifest to /Users/Westy.Chen/Documents/dbt_poc/acap_demo/target/manifest.json
[0m21:12:24.007112 [debug] [MainThread]: Wrote artifact SemanticManifest to /Users/Westy.Chen/Documents/dbt_poc/acap_demo/target/semantic_manifest.json
[0m21:12:24.011510 [debug] [MainThread]: Wrote artifact RunExecutionResult to /Users/Westy.Chen/Documents/dbt_poc/acap_demo/target/run_results.json
[0m21:12:24.011678 [info ] [MainThread]: 
[0m21:12:24.011866 [info ] [MainThread]: [31mCompleted with 3 errors, 0 partial successes, and 0 warnings:[0m
[0m21:12:24.012024 [info ] [MainThread]: 
[0m21:12:24.012225 [error] [MainThread]: [31mFailure in test dbt_utils_expression_is_true_flyer_impressions_running_total_impressions__running_total_impressions_flyer_impressions (models/schema.yml)[0m
[0m21:12:24.012438 [error] [MainThread]:   Database Error in test dbt_utils_expression_is_true_flyer_impressions_running_total_impressions__running_total_impressions_flyer_impressions (models/schema.yml)
  
  [PARSE_SYNTAX_ERROR] Syntax error at or near '>='. SQLSTATE: 42601 (line 18, pos 62)
  
  == SQL ==
  /* {"app": "dbt", "dbt_version": "1.10.4", "dbt_databricks_version": "1.10.4", "databricks_sql_connector_version": "4.0.5", "profile_name": "acap_demo", "target_name": "dev", "node_id": "test.acap_demo.dbt_utils_expression_is_true_flyer_impressions_running_total_impressions__running_total_impressions_flyer_impressions.7830c2cac9"} */
  
      select
        count(*) as failures,
        count(*) != 0 as should_warn,
        count(*) != 0 as should_error
      from (
        
      
    
  
  
  
  select
      1
  from `flipp_data_sandbox`.`dbt_demo_dbt_westy`.`flyer_impressions`
  
  where not(running_total_impressions running_total_impressions >= flyer_impressions)
  --------------------------------------------------------------^^^
  
  
    
    
        
      ) dbt_internal_test
  
  compiled code at target/run/acap_demo/models/schema.yml/dbt_utils_expression_is_true_f_6f056c92af56eccc24145e552f3b1188.sql
[0m21:12:24.012654 [info ] [MainThread]: 
[0m21:12:24.012854 [info ] [MainThread]:   compiled code at target/compiled/acap_demo/models/schema.yml/dbt_utils_expression_is_true_f_6f056c92af56eccc24145e552f3b1188.sql
[0m21:12:24.013007 [info ] [MainThread]: 
[0m21:12:24.013178 [error] [MainThread]: [31mFailure in test dbt_utils_expression_is_true_stg_flyer_impressions_flyer_impressions__flyer_impressions_0 (models/schema.yml)[0m
[0m21:12:24.013372 [error] [MainThread]:   Database Error in test dbt_utils_expression_is_true_stg_flyer_impressions_flyer_impressions__flyer_impressions_0 (models/schema.yml)
  
  [PARSE_SYNTAX_ERROR] Syntax error at or near '>='. SQLSTATE: 42601 (line 18, pos 46)
  
  == SQL ==
  /* {"app": "dbt", "dbt_version": "1.10.4", "dbt_databricks_version": "1.10.4", "databricks_sql_connector_version": "4.0.5", "profile_name": "acap_demo", "target_name": "dev", "node_id": "test.acap_demo.dbt_utils_expression_is_true_stg_flyer_impressions_flyer_impressions__flyer_impressions_0.b6f44dcfdb"} */
  
      select
        count(*) as failures,
        count(*) != 0 as should_warn,
        count(*) != 0 as should_error
      from (
        
      
    
  
  
  
  select
      1
  from `flipp_data_sandbox`.`dbt_demo_dbt_westy`.`stg_flyer_impressions`
  
  where not(flyer_impressions flyer_impressions >= 0)
  ----------------------------------------------^^^
  
  
    
    
        
      ) dbt_internal_test
  
  compiled code at target/run/acap_demo/models/schema.yml/dbt_utils_expression_is_true_s_2de5faa5a76aac709452031eb8d4837e.sql
[0m21:12:24.013537 [info ] [MainThread]: 
[0m21:12:24.013693 [info ] [MainThread]:   compiled code at target/compiled/acap_demo/models/schema.yml/dbt_utils_expression_is_true_s_2de5faa5a76aac709452031eb8d4837e.sql
[0m21:12:24.013816 [info ] [MainThread]: 
[0m21:12:24.013973 [error] [MainThread]: [31mFailure in test not_null_my_first_dbt_model_id (models/example/schema.yml)[0m
[0m21:12:24.014126 [error] [MainThread]:   Got 1 result, configured to fail if != 0
[0m21:12:24.014245 [info ] [MainThread]: 
[0m21:12:24.014392 [info ] [MainThread]:   compiled code at target/compiled/acap_demo/models/example/schema.yml/not_null_my_first_dbt_model_id.sql
[0m21:12:24.014523 [info ] [MainThread]: 
[0m21:12:24.014677 [info ] [MainThread]: Done. PASS=9 WARN=0 ERROR=3 SKIP=0 NO-OP=0 TOTAL=12
[0m21:12:24.016477 [debug] [MainThread]: Resource report: {"command_name": "test", "command_success": false, "command_wall_clock_time": 9.470968, "process_in_blocks": "0", "process_kernel_time": 0.254353, "process_mem_max_rss": "240287744", "process_out_blocks": "0", "process_user_time": 2.297758}
[0m21:12:24.016710 [debug] [MainThread]: Command `dbt test` failed at 21:12:24.016663 after 9.47 seconds
[0m21:12:24.016932 [debug] [MainThread]: Sending event: {'category': 'dbt', 'action': 'invocation', 'label': 'end', 'context': [<snowplow_tracker.self_describing_json.SelfDescribingJson object at 0x10daa8520>, <snowplow_tracker.self_describing_json.SelfDescribingJson object at 0x10db7a7b0>, <snowplow_tracker.self_describing_json.SelfDescribingJson object at 0x10db7ad50>]}
[0m21:12:24.017142 [debug] [MainThread]: Flushing usage events
[0m21:12:24.327875 [debug] [MainThread]: An error was encountered while trying to flush usage events
[0m22:03:38.444832 [debug] [MainThread]: Sending event: {'category': 'dbt', 'action': 'invocation', 'label': 'start', 'context': [<snowplow_tracker.self_describing_json.SelfDescribingJson object at 0x1031b3380>, <snowplow_tracker.self_describing_json.SelfDescribingJson object at 0x104687890>, <snowplow_tracker.self_describing_json.SelfDescribingJson object at 0x1046879d0>]}


============================== 22:03:38.447543 | 0cc65d47-c5d9-480c-a8ab-44dc3705a4b5 ==============================
[0m22:03:38.447543 [info ] [MainThread]: Running with dbt=1.10.4
[0m22:03:38.447795 [debug] [MainThread]: running dbt with arguments {'printer_width': '80', 'indirect_selection': 'eager', 'write_json': 'True', 'log_cache_events': 'False', 'partial_parse': 'True', 'cache_selected_only': 'False', 'warn_error': 'None', 'fail_fast': 'False', 'debug': 'False', 'log_path': '/Users/Westy.Chen/Documents/dbt_poc/acap_demo/logs', 'version_check': 'True', 'profiles_dir': '/Users/Westy.Chen/.dbt', 'use_colors': 'True', 'use_experimental_parser': 'False', 'empty': 'None', 'quiet': 'False', 'no_print': 'None', 'log_format': 'default', 'static_parser': 'True', 'warn_error_options': 'WarnErrorOptionsV2(error=[], warn=[], silence=[])', 'invocation_command': 'dbt test', 'target_path': 'None', 'introspect': 'True', 'send_anonymous_usage_stats': 'True'}
[0m22:03:38.817480 [debug] [MainThread]: Spark adapter: Setting pyhive.hive logging to ERROR
[0m22:03:38.817699 [debug] [MainThread]: Spark adapter: Setting thrift.transport logging to ERROR
[0m22:03:38.817819 [debug] [MainThread]: Spark adapter: Setting thrift.protocol logging to ERROR
[0m22:03:39.257501 [debug] [MainThread]: Sending event: {'category': 'dbt', 'action': 'project_id', 'label': '0cc65d47-c5d9-480c-a8ab-44dc3705a4b5', 'context': [<snowplow_tracker.self_describing_json.SelfDescribingJson object at 0x1039a3490>]}
[0m22:03:39.280765 [debug] [MainThread]: Sending event: {'category': 'dbt', 'action': 'adapter_info', 'label': '0cc65d47-c5d9-480c-a8ab-44dc3705a4b5', 'context': [<snowplow_tracker.self_describing_json.SelfDescribingJson object at 0x1058db130>]}
[0m22:03:39.281025 [info ] [MainThread]: Registered adapter: databricks=1.10.4
[0m22:03:39.341866 [debug] [MainThread]: checksum: 073cb5a296270136b24f9c040fdebd0642ef9c263903ef463bfe7e190c538da2, vars: {}, profile: , target: , version: 1.10.4
[0m22:03:39.429203 [debug] [MainThread]: Partial parsing enabled: 0 files deleted, 1 files added, 1 files changed.
[0m22:03:39.429474 [debug] [MainThread]: Partial parsing: added file: acap_demo://tests/test_flyer_impressions_nonnegative.sql
[0m22:03:39.429741 [debug] [MainThread]: Partial parsing: updated file: acap_demo://models/schema.yml
[0m22:03:39.556274 [error] [MainThread]: Encountered an error:
Parsing Error
  Invalid test config given in models/schema.yml:
  	test arguments must be a dict, got <class 'str'> (value test_flyer_impressions_nonnegative)
  	@: UnparsedModelUpdate(original_file_path='mode...ne)
[0m22:03:39.558665 [debug] [MainThread]: Resource report: {"command_name": "test", "command_success": false, "command_wall_clock_time": 1.1422892, "process_in_blocks": "0", "process_kernel_time": 0.208692, "process_mem_max_rss": "234635264", "process_out_blocks": "0", "process_user_time": 1.242057}
[0m22:03:39.558940 [debug] [MainThread]: Command `dbt test` failed at 22:03:39.558899 after 1.14 seconds
[0m22:03:39.559111 [debug] [MainThread]: Sending event: {'category': 'dbt', 'action': 'invocation', 'label': 'end', 'context': [<snowplow_tracker.self_describing_json.SelfDescribingJson object at 0x10a80ed50>, <snowplow_tracker.self_describing_json.SelfDescribingJson object at 0x10a80ec50>, <snowplow_tracker.self_describing_json.SelfDescribingJson object at 0x10aaaf200>]}
[0m22:03:39.559252 [debug] [MainThread]: Flushing usage events
[0m22:03:39.562483 [debug] [MainThread]: An error was encountered while trying to flush usage events
[0m22:06:22.844676 [debug] [MainThread]: Sending event: {'category': 'dbt', 'action': 'invocation', 'label': 'start', 'context': [<snowplow_tracker.self_describing_json.SelfDescribingJson object at 0x103cdb380>, <snowplow_tracker.self_describing_json.SelfDescribingJson object at 0x1051af890>, <snowplow_tracker.self_describing_json.SelfDescribingJson object at 0x1051af9d0>]}


============================== 22:06:22.847433 | ab7f5f9c-894c-49b4-87a4-226785be27cc ==============================
[0m22:06:22.847433 [info ] [MainThread]: Running with dbt=1.10.4
[0m22:06:22.847699 [debug] [MainThread]: running dbt with arguments {'printer_width': '80', 'indirect_selection': 'eager', 'write_json': 'True', 'log_cache_events': 'False', 'partial_parse': 'True', 'cache_selected_only': 'False', 'profiles_dir': '/Users/Westy.Chen/.dbt', 'version_check': 'True', 'warn_error': 'None', 'log_path': '/Users/Westy.Chen/Documents/dbt_poc/acap_demo/logs', 'debug': 'False', 'fail_fast': 'False', 'use_colors': 'True', 'use_experimental_parser': 'False', 'empty': 'None', 'quiet': 'False', 'no_print': 'None', 'warn_error_options': 'WarnErrorOptionsV2(error=[], warn=[], silence=[])', 'invocation_command': 'dbt test', 'static_parser': 'True', 'introspect': 'True', 'target_path': 'None', 'log_format': 'default', 'send_anonymous_usage_stats': 'True'}
[0m22:06:23.213445 [debug] [MainThread]: Spark adapter: Setting pyhive.hive logging to ERROR
[0m22:06:23.213679 [debug] [MainThread]: Spark adapter: Setting thrift.transport logging to ERROR
[0m22:06:23.213817 [debug] [MainThread]: Spark adapter: Setting thrift.protocol logging to ERROR
[0m22:06:23.642850 [debug] [MainThread]: Sending event: {'category': 'dbt', 'action': 'project_id', 'label': 'ab7f5f9c-894c-49b4-87a4-226785be27cc', 'context': [<snowplow_tracker.self_describing_json.SelfDescribingJson object at 0x1044cb490>]}
[0m22:06:23.665765 [debug] [MainThread]: Sending event: {'category': 'dbt', 'action': 'adapter_info', 'label': 'ab7f5f9c-894c-49b4-87a4-226785be27cc', 'context': [<snowplow_tracker.self_describing_json.SelfDescribingJson object at 0x106407130>]}
[0m22:06:23.666032 [info ] [MainThread]: Registered adapter: databricks=1.10.4
[0m22:06:23.726806 [debug] [MainThread]: checksum: 073cb5a296270136b24f9c040fdebd0642ef9c263903ef463bfe7e190c538da2, vars: {}, profile: , target: , version: 1.10.4
[0m22:06:23.808261 [debug] [MainThread]: Partial parsing enabled: 0 files deleted, 1 files added, 1 files changed.
[0m22:06:23.808511 [debug] [MainThread]: Partial parsing: added file: acap_demo://tests/test_flyer_impressions_nonnegative.sql
[0m22:06:23.808771 [debug] [MainThread]: Partial parsing: updated file: acap_demo://models/schema.yml
[0m22:06:23.937521 [error] [MainThread]: Encountered an error:
Parsing Error
  Invalid test config given in models/schema.yml:
  	test arguments must be a dict, got <class 'str'> (value test_flyer_impressions_nonnegative)
  	@: UnparsedModelUpdate(original_file_path='mode...ne)
[0m22:06:23.939394 [debug] [MainThread]: Resource report: {"command_name": "test", "command_success": false, "command_wall_clock_time": 1.123875, "process_in_blocks": "0", "process_kernel_time": 0.217653, "process_mem_max_rss": "234733568", "process_out_blocks": "0", "process_user_time": 1.253617}
[0m22:06:23.939651 [debug] [MainThread]: Command `dbt test` failed at 22:06:23.939609 after 1.12 seconds
[0m22:06:23.939810 [debug] [MainThread]: Sending event: {'category': 'dbt', 'action': 'invocation', 'label': 'end', 'context': [<snowplow_tracker.self_describing_json.SelfDescribingJson object at 0x10ddfed50>, <snowplow_tracker.self_describing_json.SelfDescribingJson object at 0x10ddfec50>, <snowplow_tracker.self_describing_json.SelfDescribingJson object at 0x10e89b200>]}
[0m22:06:23.939948 [debug] [MainThread]: Flushing usage events
[0m22:06:24.329506 [debug] [MainThread]: An error was encountered while trying to flush usage events
[0m22:09:24.983888 [debug] [MainThread]: Sending event: {'category': 'dbt', 'action': 'invocation', 'label': 'start', 'context': [<snowplow_tracker.self_describing_json.SelfDescribingJson object at 0x10847f380>, <snowplow_tracker.self_describing_json.SelfDescribingJson object at 0x10a10b890>, <snowplow_tracker.self_describing_json.SelfDescribingJson object at 0x10a10b9d0>]}


============================== 22:09:24.986697 | 4700607e-16da-4e5e-8e22-0d222bbc73be ==============================
[0m22:09:24.986697 [info ] [MainThread]: Running with dbt=1.10.4
[0m22:09:24.986971 [debug] [MainThread]: running dbt with arguments {'printer_width': '80', 'indirect_selection': 'eager', 'log_cache_events': 'False', 'write_json': 'True', 'partial_parse': 'True', 'cache_selected_only': 'False', 'profiles_dir': '/Users/Westy.Chen/.dbt', 'debug': 'False', 'warn_error': 'None', 'log_path': '/Users/Westy.Chen/Documents/dbt_poc/acap_demo/logs', 'version_check': 'True', 'fail_fast': 'False', 'use_colors': 'True', 'use_experimental_parser': 'False', 'no_print': 'None', 'quiet': 'False', 'empty': 'None', 'log_format': 'default', 'introspect': 'True', 'warn_error_options': 'WarnErrorOptionsV2(error=[], warn=[], silence=[])', 'invocation_command': 'dbt test', 'target_path': 'None', 'static_parser': 'True', 'send_anonymous_usage_stats': 'True'}
[0m22:09:25.352428 [debug] [MainThread]: Spark adapter: Setting pyhive.hive logging to ERROR
[0m22:09:25.352669 [debug] [MainThread]: Spark adapter: Setting thrift.transport logging to ERROR
[0m22:09:25.352805 [debug] [MainThread]: Spark adapter: Setting thrift.protocol logging to ERROR
[0m22:09:25.787517 [debug] [MainThread]: Sending event: {'category': 'dbt', 'action': 'project_id', 'label': '4700607e-16da-4e5e-8e22-0d222bbc73be', 'context': [<snowplow_tracker.self_describing_json.SelfDescribingJson object at 0x109027490>]}
[0m22:09:25.810754 [debug] [MainThread]: Sending event: {'category': 'dbt', 'action': 'adapter_info', 'label': '4700607e-16da-4e5e-8e22-0d222bbc73be', 'context': [<snowplow_tracker.self_describing_json.SelfDescribingJson object at 0x10c05f130>]}
[0m22:09:25.811031 [info ] [MainThread]: Registered adapter: databricks=1.10.4
[0m22:09:25.873007 [debug] [MainThread]: checksum: 073cb5a296270136b24f9c040fdebd0642ef9c263903ef463bfe7e190c538da2, vars: {}, profile: , target: , version: 1.10.4
[0m22:09:25.957729 [debug] [MainThread]: Partial parsing enabled: 0 files deleted, 1 files added, 1 files changed.
[0m22:09:25.957985 [debug] [MainThread]: Partial parsing: added file: acap_demo://tests/test_flyer_impressions_nonnegative.sql
[0m22:09:25.958242 [debug] [MainThread]: Partial parsing: updated file: acap_demo://models/schema.yml
[0m22:09:26.134293 [debug] [MainThread]: Sending event: {'category': 'dbt', 'action': 'load_project', 'label': '4700607e-16da-4e5e-8e22-0d222bbc73be', 'context': [<snowplow_tracker.self_describing_json.SelfDescribingJson object at 0x11a196a50>]}
[0m22:09:26.173137 [debug] [MainThread]: Wrote artifact WritableManifest to /Users/Westy.Chen/Documents/dbt_poc/acap_demo/target/manifest.json
[0m22:09:26.175168 [debug] [MainThread]: Wrote artifact SemanticManifest to /Users/Westy.Chen/Documents/dbt_poc/acap_demo/target/semantic_manifest.json
[0m22:09:26.190503 [debug] [MainThread]: Sending event: {'category': 'dbt', 'action': 'resource_counts', 'label': '4700607e-16da-4e5e-8e22-0d222bbc73be', 'context': [<snowplow_tracker.self_describing_json.SelfDescribingJson object at 0x11af28f50>]}
[0m22:09:26.190687 [info ] [MainThread]: Found 5 models, 6 data tests, 796 macros
[0m22:09:26.190822 [debug] [MainThread]: Sending event: {'category': 'dbt', 'action': 'runnable_timing', 'label': '4700607e-16da-4e5e-8e22-0d222bbc73be', 'context': [<snowplow_tracker.self_describing_json.SelfDescribingJson object at 0x11af6c830>]}
[0m22:09:26.191765 [info ] [MainThread]: 
[0m22:09:26.191903 [info ] [MainThread]: Concurrency: 1 threads (target='dev')
[0m22:09:26.192011 [info ] [MainThread]: 
[0m22:09:26.192238 [debug] [MainThread]: Databricks adapter: DatabricksDBTConnection(session-id=None, name=master, idle-time=0s, language=None, compute-name=) - Creating connection
[0m22:09:26.192364 [debug] [MainThread]: Acquiring new databricks connection 'master'
[0m22:09:26.194893 [debug] [ThreadPool]: Databricks adapter: DatabricksDBTConnection(session-id=None, name=list_flipp_data_sandbox_dbt_demo_dbt_westy, idle-time=0s, language=None, compute-name=) - Creating connection
[0m22:09:26.195039 [debug] [ThreadPool]: Acquiring new databricks connection 'list_flipp_data_sandbox_dbt_demo_dbt_westy'
[0m22:09:26.200157 [debug] [ThreadPool]: Using databricks connection "list_flipp_data_sandbox_dbt_demo_dbt_westy"
[0m22:09:26.200389 [debug] [ThreadPool]: On list_flipp_data_sandbox_dbt_demo_dbt_westy: /* {"app": "dbt", "dbt_version": "1.10.4", "dbt_databricks_version": "1.10.4", "databricks_sql_connector_version": "4.0.5", "profile_name": "acap_demo", "target_name": "dev", "connection_name": "list_flipp_data_sandbox_dbt_demo_dbt_westy"} */

    
SELECT
  table_name,
  if(table_type IN ('EXTERNAL', 'MANAGED', 'MANAGED_SHALLOW_CLONE', 'EXTERNAL_SHALLOW_CLONE'), 'table', lower(table_type)) AS table_type,
  lower(data_source_format) AS file_format,
  table_owner
FROM `system`.`information_schema`.`tables`
WHERE table_catalog = 'flipp_data_sandbox' 
  AND table_schema = 'dbt_demo_dbt_westy'

  
[0m22:09:26.200517 [debug] [ThreadPool]: Opening a new connection, currently in state init
[0m22:14:28.294084 [debug] [ThreadPool]: Databricks adapter: Connection(session-id=3f0a7861-649d-43b4-ab25-19102e41cdcd) - Created
[0m22:15:46.443823 [debug] [ThreadPool]: SQL status: OK in 380.240 seconds
[0m22:15:46.467317 [debug] [ThreadPool]: Databricks adapter: Cursor(session-id=3f0a7861-649d-43b4-ab25-19102e41cdcd, command-id=dd5346f7-3ec2-49f7-b1f8-053aa4bff8de) - Closing
[0m22:15:46.664412 [debug] [MainThread]: Sending event: {'category': 'dbt', 'action': 'runnable_timing', 'label': '4700607e-16da-4e5e-8e22-0d222bbc73be', 'context': [<snowplow_tracker.self_describing_json.SelfDescribingJson object at 0x1187be0d0>]}
[0m22:15:46.671072 [debug] [Thread-1 (]: Began running node test.acap_demo.not_null_my_first_dbt_model_id.5fb22c2710
[0m22:15:46.671746 [info ] [Thread-1 (]: 1 of 6 START test not_null_my_first_dbt_model_id ............................... [RUN]
[0m22:15:46.672840 [debug] [Thread-1 (]: Re-using an available connection from the pool (formerly list_flipp_data_sandbox_dbt_demo_dbt_westy, now test.acap_demo.not_null_my_first_dbt_model_id.5fb22c2710)
[0m22:15:46.673535 [debug] [Thread-1 (]: Databricks adapter: DatabricksDBTConnection(session-id=3f0a7861-649d-43b4-ab25-19102e41cdcd, name=test.acap_demo.not_null_my_first_dbt_model_id.5fb22c2710, idle-time=0.01171422004699707s, language=None, compute-name=) - Reusing connection previously named list_flipp_data_sandbox_dbt_demo_dbt_westy
[0m22:15:46.674636 [debug] [Thread-1 (]: Began compiling node test.acap_demo.not_null_my_first_dbt_model_id.5fb22c2710
[0m22:15:46.690827 [debug] [Thread-1 (]: Writing injected SQL for node "test.acap_demo.not_null_my_first_dbt_model_id.5fb22c2710"
[0m22:15:46.691655 [debug] [Thread-1 (]: Began executing node test.acap_demo.not_null_my_first_dbt_model_id.5fb22c2710
[0m22:15:46.706082 [debug] [Thread-1 (]: Writing runtime sql for node "test.acap_demo.not_null_my_first_dbt_model_id.5fb22c2710"
[0m22:15:46.706737 [debug] [Thread-1 (]: Using databricks connection "test.acap_demo.not_null_my_first_dbt_model_id.5fb22c2710"
[0m22:15:46.707046 [debug] [Thread-1 (]: On test.acap_demo.not_null_my_first_dbt_model_id.5fb22c2710: /* {"app": "dbt", "dbt_version": "1.10.4", "dbt_databricks_version": "1.10.4", "databricks_sql_connector_version": "4.0.5", "profile_name": "acap_demo", "target_name": "dev", "node_id": "test.acap_demo.not_null_my_first_dbt_model_id.5fb22c2710"} */

    select
      count(*) as failures,
      count(*) != 0 as should_warn,
      count(*) != 0 as should_error
    from (
      
    
  
    
    



select id
from `flipp_data_sandbox`.`dbt_demo_dbt_westy`.`my_first_dbt_model`
where id is null



  
  
      
    ) dbt_internal_test
[0m22:16:11.833282 [debug] [Thread-1 (]: SQL status: OK in 25.130 seconds
[0m22:16:11.841002 [debug] [Thread-1 (]: Databricks adapter: Cursor(session-id=3f0a7861-649d-43b4-ab25-19102e41cdcd, command-id=b9e6122d-9bce-4f8d-be47-202030132cb8) - Closing
[0m22:16:11.960706 [error] [Thread-1 (]: 1 of 6 FAIL 1 not_null_my_first_dbt_model_id ................................... [[31mFAIL 1[0m in 25.29s]
[0m22:16:11.961777 [debug] [Thread-1 (]: Finished running node test.acap_demo.not_null_my_first_dbt_model_id.5fb22c2710
[0m22:16:11.962311 [debug] [Thread-1 (]: Began running node test.acap_demo.not_null_my_second_dbt_model_id.151b76d778
[0m22:16:11.962933 [info ] [Thread-1 (]: 2 of 6 START test not_null_my_second_dbt_model_id .............................. [RUN]
[0m22:16:11.963587 [debug] [Thread-1 (]: Re-using an available connection from the pool (formerly test.acap_demo.not_null_my_first_dbt_model_id.5fb22c2710, now test.acap_demo.not_null_my_second_dbt_model_id.151b76d778)
[0m22:16:11.964081 [debug] [Thread-1 (]: Databricks adapter: DatabricksDBTConnection(session-id=3f0a7861-649d-43b4-ab25-19102e41cdcd, name=test.acap_demo.not_null_my_second_dbt_model_id.151b76d778, idle-time=0.003659963607788086s, language=sql, compute-name=) - Reusing connection previously named test.acap_demo.not_null_my_first_dbt_model_id.5fb22c2710
[0m22:16:11.964485 [debug] [Thread-1 (]: Began compiling node test.acap_demo.not_null_my_second_dbt_model_id.151b76d778
[0m22:16:11.971725 [debug] [Thread-1 (]: Writing injected SQL for node "test.acap_demo.not_null_my_second_dbt_model_id.151b76d778"
[0m22:16:11.973643 [debug] [Thread-1 (]: Began executing node test.acap_demo.not_null_my_second_dbt_model_id.151b76d778
[0m22:16:11.977162 [debug] [Thread-1 (]: Writing runtime sql for node "test.acap_demo.not_null_my_second_dbt_model_id.151b76d778"
[0m22:16:11.978313 [debug] [Thread-1 (]: Using databricks connection "test.acap_demo.not_null_my_second_dbt_model_id.151b76d778"
[0m22:16:11.978723 [debug] [Thread-1 (]: On test.acap_demo.not_null_my_second_dbt_model_id.151b76d778: /* {"app": "dbt", "dbt_version": "1.10.4", "dbt_databricks_version": "1.10.4", "databricks_sql_connector_version": "4.0.5", "profile_name": "acap_demo", "target_name": "dev", "node_id": "test.acap_demo.not_null_my_second_dbt_model_id.151b76d778"} */

    select
      count(*) as failures,
      count(*) != 0 as should_warn,
      count(*) != 0 as should_error
    from (
      
    
  
    
    



select id
from `flipp_data_sandbox`.`dbt_demo_dbt_westy`.`my_second_dbt_model`
where id is null



  
  
      
    ) dbt_internal_test
[0m22:16:13.039826 [debug] [Thread-1 (]: SQL status: OK in 1.060 seconds
[0m22:16:13.041181 [debug] [Thread-1 (]: Databricks adapter: Cursor(session-id=3f0a7861-649d-43b4-ab25-19102e41cdcd, command-id=8f0b704f-eeab-471a-be55-714dd01819c7) - Closing
[0m22:16:13.041772 [info ] [Thread-1 (]: 2 of 6 PASS not_null_my_second_dbt_model_id .................................... [[32mPASS[0m in 1.08s]
[0m22:16:13.042102 [debug] [Thread-1 (]: Finished running node test.acap_demo.not_null_my_second_dbt_model_id.151b76d778
[0m22:16:13.042325 [debug] [Thread-1 (]: Began running node test.acap_demo.test_flyer_impressions_nonnegative
[0m22:16:13.042576 [info ] [Thread-1 (]: 3 of 6 START test test_flyer_impressions_nonnegative ........................... [RUN]
[0m22:16:13.042842 [debug] [Thread-1 (]: Re-using an available connection from the pool (formerly test.acap_demo.not_null_my_second_dbt_model_id.151b76d778, now test.acap_demo.test_flyer_impressions_nonnegative)
[0m22:16:13.043069 [debug] [Thread-1 (]: Databricks adapter: DatabricksDBTConnection(session-id=3f0a7861-649d-43b4-ab25-19102e41cdcd, name=test.acap_demo.test_flyer_impressions_nonnegative, idle-time=0.0013551712036132812s, language=sql, compute-name=) - Reusing connection previously named test.acap_demo.not_null_my_second_dbt_model_id.151b76d778
[0m22:16:13.043264 [debug] [Thread-1 (]: Began compiling node test.acap_demo.test_flyer_impressions_nonnegative
[0m22:16:13.045379 [debug] [Thread-1 (]: Writing injected SQL for node "test.acap_demo.test_flyer_impressions_nonnegative"
[0m22:16:13.045916 [debug] [Thread-1 (]: Began executing node test.acap_demo.test_flyer_impressions_nonnegative
[0m22:16:13.047393 [debug] [Thread-1 (]: Writing runtime sql for node "test.acap_demo.test_flyer_impressions_nonnegative"
[0m22:16:13.047883 [debug] [Thread-1 (]: Using databricks connection "test.acap_demo.test_flyer_impressions_nonnegative"
[0m22:16:13.048091 [debug] [Thread-1 (]: On test.acap_demo.test_flyer_impressions_nonnegative: /* {"app": "dbt", "dbt_version": "1.10.4", "dbt_databricks_version": "1.10.4", "databricks_sql_connector_version": "4.0.5", "profile_name": "acap_demo", "target_name": "dev", "node_id": "test.acap_demo.test_flyer_impressions_nonnegative"} */

    select
      count(*) as failures,
      count(*) != 0 as should_warn,
      count(*) != 0 as should_error
    from (
      
    
  -- tests/test_flyer_impressions_nonnegative.sql

SELECT *
FROM `flipp_data_sandbox`.`dbt_demo_dbt_westy`.`flyer_impressions`
WHERE flyer_impressions < 0
  
  
      
    ) dbt_internal_test
[0m22:16:14.683530 [debug] [Thread-1 (]: SQL status: OK in 1.630 seconds
[0m22:16:14.686887 [debug] [Thread-1 (]: Databricks adapter: Cursor(session-id=3f0a7861-649d-43b4-ab25-19102e41cdcd, command-id=e950a828-7cbf-42eb-ad54-11471d7e788c) - Closing
[0m22:16:14.688014 [info ] [Thread-1 (]: 3 of 6 PASS test_flyer_impressions_nonnegative ................................. [[32mPASS[0m in 1.65s]
[0m22:16:14.688626 [debug] [Thread-1 (]: Finished running node test.acap_demo.test_flyer_impressions_nonnegative
[0m22:16:14.689043 [debug] [Thread-1 (]: Began running node test.acap_demo.test_flyer_impressions_nonnegative_flyer_impressions_.c7b131bcd5
[0m22:16:14.689498 [info ] [Thread-1 (]: 4 of 6 START test test_flyer_impressions_nonnegative_flyer_impressions_ ........ [RUN]
[0m22:16:14.690019 [debug] [Thread-1 (]: Re-using an available connection from the pool (formerly test.acap_demo.test_flyer_impressions_nonnegative, now test.acap_demo.test_flyer_impressions_nonnegative_flyer_impressions_.c7b131bcd5)
[0m22:16:14.690407 [debug] [Thread-1 (]: Databricks adapter: DatabricksDBTConnection(session-id=3f0a7861-649d-43b4-ab25-19102e41cdcd, name=test.acap_demo.test_flyer_impressions_nonnegative_flyer_impressions_.c7b131bcd5, idle-time=0.0024971961975097656s, language=sql, compute-name=) - Reusing connection previously named test.acap_demo.test_flyer_impressions_nonnegative
[0m22:16:14.690731 [debug] [Thread-1 (]: Began compiling node test.acap_demo.test_flyer_impressions_nonnegative_flyer_impressions_.c7b131bcd5
[0m22:16:14.704976 [debug] [Thread-1 (]: Compilation Error in test test_flyer_impressions_nonnegative_flyer_impressions_ (models/schema.yml)
  'test_test_flyer_impressions_nonnegative' is undefined. This can happen when calling a macro that does not exist. Check for typos and/or install package dependencies with "dbt deps".
[0m22:16:14.705398 [error] [Thread-1 (]: 4 of 6 ERROR test_flyer_impressions_nonnegative_flyer_impressions_ ............. [[31mERROR[0m in 0.02s]
[0m22:16:14.705739 [debug] [Thread-1 (]: Finished running node test.acap_demo.test_flyer_impressions_nonnegative_flyer_impressions_.c7b131bcd5
[0m22:16:14.706001 [debug] [Thread-1 (]: Began running node test.acap_demo.unique_my_first_dbt_model_id.16e066b321
[0m22:16:14.706307 [debug] [Thread-4 (]: Marking all children of 'test.acap_demo.test_flyer_impressions_nonnegative_flyer_impressions_.c7b131bcd5' to be skipped because of status 'error'.  Reason: Compilation Error in test test_flyer_impressions_nonnegative_flyer_impressions_ (models/schema.yml)
  'test_test_flyer_impressions_nonnegative' is undefined. This can happen when calling a macro that does not exist. Check for typos and/or install package dependencies with "dbt deps"..
[0m22:16:14.706584 [info ] [Thread-1 (]: 5 of 6 START test unique_my_first_dbt_model_id ................................. [RUN]
[0m22:16:14.707705 [debug] [Thread-1 (]: Re-using an available connection from the pool (formerly test.acap_demo.test_flyer_impressions_nonnegative_flyer_impressions_.c7b131bcd5, now test.acap_demo.unique_my_first_dbt_model_id.16e066b321)
[0m22:16:14.707958 [debug] [Thread-1 (]: Databricks adapter: DatabricksDBTConnection(session-id=3f0a7861-649d-43b4-ab25-19102e41cdcd, name=test.acap_demo.unique_my_first_dbt_model_id.16e066b321, idle-time=0.002622842788696289s, language=sql, compute-name=) - Reusing connection previously named test.acap_demo.test_flyer_impressions_nonnegative_flyer_impressions_.c7b131bcd5
[0m22:16:14.708166 [debug] [Thread-1 (]: Began compiling node test.acap_demo.unique_my_first_dbt_model_id.16e066b321
[0m22:16:14.712574 [debug] [Thread-1 (]: Writing injected SQL for node "test.acap_demo.unique_my_first_dbt_model_id.16e066b321"
[0m22:16:14.713227 [debug] [Thread-1 (]: Began executing node test.acap_demo.unique_my_first_dbt_model_id.16e066b321
[0m22:16:14.715455 [debug] [Thread-1 (]: Writing runtime sql for node "test.acap_demo.unique_my_first_dbt_model_id.16e066b321"
[0m22:16:14.715909 [debug] [Thread-1 (]: Using databricks connection "test.acap_demo.unique_my_first_dbt_model_id.16e066b321"
[0m22:16:14.716163 [debug] [Thread-1 (]: On test.acap_demo.unique_my_first_dbt_model_id.16e066b321: /* {"app": "dbt", "dbt_version": "1.10.4", "dbt_databricks_version": "1.10.4", "databricks_sql_connector_version": "4.0.5", "profile_name": "acap_demo", "target_name": "dev", "node_id": "test.acap_demo.unique_my_first_dbt_model_id.16e066b321"} */

    select
      count(*) as failures,
      count(*) != 0 as should_warn,
      count(*) != 0 as should_error
    from (
      
    
  
    
    

select
    id as unique_field,
    count(*) as n_records

from `flipp_data_sandbox`.`dbt_demo_dbt_westy`.`my_first_dbt_model`
where id is not null
group by id
having count(*) > 1



  
  
      
    ) dbt_internal_test
[0m22:16:16.629915 [debug] [Thread-1 (]: SQL status: OK in 1.910 seconds
[0m22:16:16.633217 [debug] [Thread-1 (]: Databricks adapter: Cursor(session-id=3f0a7861-649d-43b4-ab25-19102e41cdcd, command-id=48183dc3-ec08-4906-8c16-7d772f18d64d) - Closing
[0m22:16:16.634086 [info ] [Thread-1 (]: 5 of 6 PASS unique_my_first_dbt_model_id ....................................... [[32mPASS[0m in 1.93s]
[0m22:16:16.634507 [debug] [Thread-1 (]: Finished running node test.acap_demo.unique_my_first_dbt_model_id.16e066b321
[0m22:16:16.634772 [debug] [Thread-1 (]: Began running node test.acap_demo.unique_my_second_dbt_model_id.57a0f8c493
[0m22:16:16.635067 [info ] [Thread-1 (]: 6 of 6 START test unique_my_second_dbt_model_id ................................ [RUN]
[0m22:16:16.635411 [debug] [Thread-1 (]: Re-using an available connection from the pool (formerly test.acap_demo.unique_my_first_dbt_model_id.16e066b321, now test.acap_demo.unique_my_second_dbt_model_id.57a0f8c493)
[0m22:16:16.635682 [debug] [Thread-1 (]: Databricks adapter: DatabricksDBTConnection(session-id=3f0a7861-649d-43b4-ab25-19102e41cdcd, name=test.acap_demo.unique_my_second_dbt_model_id.57a0f8c493, idle-time=0.0016760826110839844s, language=sql, compute-name=) - Reusing connection previously named test.acap_demo.unique_my_first_dbt_model_id.16e066b321
[0m22:16:16.635916 [debug] [Thread-1 (]: Began compiling node test.acap_demo.unique_my_second_dbt_model_id.57a0f8c493
[0m22:16:16.639416 [debug] [Thread-1 (]: Writing injected SQL for node "test.acap_demo.unique_my_second_dbt_model_id.57a0f8c493"
[0m22:16:16.640905 [debug] [Thread-1 (]: Began executing node test.acap_demo.unique_my_second_dbt_model_id.57a0f8c493
[0m22:16:16.643421 [debug] [Thread-1 (]: Writing runtime sql for node "test.acap_demo.unique_my_second_dbt_model_id.57a0f8c493"
[0m22:16:16.643982 [debug] [Thread-1 (]: Using databricks connection "test.acap_demo.unique_my_second_dbt_model_id.57a0f8c493"
[0m22:16:16.644269 [debug] [Thread-1 (]: On test.acap_demo.unique_my_second_dbt_model_id.57a0f8c493: /* {"app": "dbt", "dbt_version": "1.10.4", "dbt_databricks_version": "1.10.4", "databricks_sql_connector_version": "4.0.5", "profile_name": "acap_demo", "target_name": "dev", "node_id": "test.acap_demo.unique_my_second_dbt_model_id.57a0f8c493"} */

    select
      count(*) as failures,
      count(*) != 0 as should_warn,
      count(*) != 0 as should_error
    from (
      
    
  
    
    

select
    id as unique_field,
    count(*) as n_records

from `flipp_data_sandbox`.`dbt_demo_dbt_westy`.`my_second_dbt_model`
where id is not null
group by id
having count(*) > 1



  
  
      
    ) dbt_internal_test
[0m22:16:17.961616 [debug] [Thread-1 (]: SQL status: OK in 1.320 seconds
[0m22:16:17.965222 [debug] [Thread-1 (]: Databricks adapter: Cursor(session-id=3f0a7861-649d-43b4-ab25-19102e41cdcd, command-id=aabc511a-f13b-45ad-8976-53ad39f0cf6d) - Closing
[0m22:16:17.966690 [info ] [Thread-1 (]: 6 of 6 PASS unique_my_second_dbt_model_id ...................................... [[32mPASS[0m in 1.33s]
[0m22:16:17.967439 [debug] [Thread-1 (]: Finished running node test.acap_demo.unique_my_second_dbt_model_id.57a0f8c493
[0m22:16:17.969607 [debug] [MainThread]: Databricks adapter: DatabricksDBTConnection(session-id=None, name=master, idle-time=31.30391502380371s, language=None, compute-name=) - Reusing connection previously named master
[0m22:16:17.970110 [debug] [MainThread]: Connection 'master' was properly closed.
[0m22:16:17.970459 [debug] [MainThread]: Connection 'test.acap_demo.unique_my_second_dbt_model_id.57a0f8c493' was properly closed.
[0m22:16:17.970763 [debug] [MainThread]: On test.acap_demo.unique_my_second_dbt_model_id.57a0f8c493: Close
[0m22:16:17.971135 [debug] [MainThread]: Databricks adapter: Connection(session-id=3f0a7861-649d-43b4-ab25-19102e41cdcd) - Closing
[0m22:16:18.468259 [info ] [MainThread]: 
[0m22:16:18.469802 [info ] [MainThread]: Finished running 6 data tests in 0 hours 6 minutes and 52.28 seconds (412.28s).
[0m22:16:18.472063 [debug] [MainThread]: Command end result
[0m22:16:18.510072 [debug] [MainThread]: Wrote artifact WritableManifest to /Users/Westy.Chen/Documents/dbt_poc/acap_demo/target/manifest.json
[0m22:16:18.512894 [debug] [MainThread]: Wrote artifact SemanticManifest to /Users/Westy.Chen/Documents/dbt_poc/acap_demo/target/semantic_manifest.json
[0m22:16:18.517089 [debug] [MainThread]: Wrote artifact RunExecutionResult to /Users/Westy.Chen/Documents/dbt_poc/acap_demo/target/run_results.json
[0m22:16:18.517277 [info ] [MainThread]: 
[0m22:16:18.517470 [info ] [MainThread]: [31mCompleted with 2 errors, 0 partial successes, and 0 warnings:[0m
[0m22:16:18.517622 [info ] [MainThread]: 
[0m22:16:18.517820 [error] [MainThread]: [31mFailure in test not_null_my_first_dbt_model_id (models/example/schema.yml)[0m
[0m22:16:18.517994 [error] [MainThread]:   Got 1 result, configured to fail if != 0
[0m22:16:18.518127 [info ] [MainThread]: 
[0m22:16:18.518294 [info ] [MainThread]:   compiled code at target/compiled/acap_demo/models/example/schema.yml/not_null_my_first_dbt_model_id.sql
[0m22:16:18.518434 [info ] [MainThread]: 
[0m22:16:18.518609 [error] [MainThread]: [31mFailure in test test_flyer_impressions_nonnegative_flyer_impressions_ (models/schema.yml)[0m
[0m22:16:18.518787 [error] [MainThread]:   Compilation Error in test test_flyer_impressions_nonnegative_flyer_impressions_ (models/schema.yml)
  'test_test_flyer_impressions_nonnegative' is undefined. This can happen when calling a macro that does not exist. Check for typos and/or install package dependencies with "dbt deps".
[0m22:16:18.518936 [info ] [MainThread]: 
[0m22:16:18.519108 [info ] [MainThread]: Done. PASS=4 WARN=0 ERROR=2 SKIP=0 NO-OP=0 TOTAL=6
[0m22:16:18.521523 [debug] [MainThread]: Resource report: {"command_name": "test", "command_success": false, "command_wall_clock_time": 413.55368, "process_in_blocks": "0", "process_kernel_time": 0.312069, "process_mem_max_rss": "239927296", "process_out_blocks": "0", "process_user_time": 1.618315}
[0m22:16:18.521821 [debug] [MainThread]: Command `dbt test` failed at 22:16:18.521776 after 413.55 seconds
[0m22:16:18.522077 [debug] [MainThread]: Sending event: {'category': 'dbt', 'action': 'invocation', 'label': 'end', 'context': [<snowplow_tracker.self_describing_json.SelfDescribingJson object at 0x109e5dfd0>, <snowplow_tracker.self_describing_json.SelfDescribingJson object at 0x11afc09f0>, <snowplow_tracker.self_describing_json.SelfDescribingJson object at 0x11afc0cb0>]}
[0m22:16:18.522253 [debug] [MainThread]: Flushing usage events
[0m22:16:18.827720 [debug] [MainThread]: An error was encountered while trying to flush usage events
[0m22:18:31.194682 [debug] [MainThread]: Sending event: {'category': 'dbt', 'action': 'invocation', 'label': 'start', 'context': [<snowplow_tracker.self_describing_json.SelfDescribingJson object at 0x106b17380>, <snowplow_tracker.self_describing_json.SelfDescribingJson object at 0x11010b890>, <snowplow_tracker.self_describing_json.SelfDescribingJson object at 0x11010b9d0>]}


============================== 22:18:31.197516 | 13d8642a-1f6a-4eb1-bd2b-d21b5904500a ==============================
[0m22:18:31.197516 [info ] [MainThread]: Running with dbt=1.10.4
[0m22:18:31.197794 [debug] [MainThread]: running dbt with arguments {'printer_width': '80', 'indirect_selection': 'eager', 'write_json': 'True', 'log_cache_events': 'False', 'partial_parse': 'True', 'cache_selected_only': 'False', 'warn_error': 'None', 'version_check': 'True', 'profiles_dir': '/Users/Westy.Chen/.dbt', 'log_path': '/Users/Westy.Chen/Documents/dbt_poc/acap_demo/logs', 'fail_fast': 'False', 'debug': 'False', 'use_colors': 'True', 'use_experimental_parser': 'False', 'empty': 'None', 'quiet': 'False', 'no_print': 'None', 'log_format': 'default', 'static_parser': 'True', 'introspect': 'True', 'warn_error_options': 'WarnErrorOptionsV2(error=[], warn=[], silence=[])', 'target_path': 'None', 'invocation_command': 'dbt test', 'send_anonymous_usage_stats': 'True'}
[0m22:18:31.559980 [debug] [MainThread]: Spark adapter: Setting pyhive.hive logging to ERROR
[0m22:18:31.560198 [debug] [MainThread]: Spark adapter: Setting thrift.transport logging to ERROR
[0m22:18:31.560319 [debug] [MainThread]: Spark adapter: Setting thrift.protocol logging to ERROR
[0m22:18:32.006284 [debug] [MainThread]: Sending event: {'category': 'dbt', 'action': 'project_id', 'label': '13d8642a-1f6a-4eb1-bd2b-d21b5904500a', 'context': [<snowplow_tracker.self_describing_json.SelfDescribingJson object at 0x106f27490>]}
[0m22:18:32.029390 [debug] [MainThread]: Sending event: {'category': 'dbt', 'action': 'adapter_info', 'label': '13d8642a-1f6a-4eb1-bd2b-d21b5904500a', 'context': [<snowplow_tracker.self_describing_json.SelfDescribingJson object at 0x112063130>]}
[0m22:18:32.029654 [info ] [MainThread]: Registered adapter: databricks=1.10.4
[0m22:18:32.094208 [debug] [MainThread]: checksum: 073cb5a296270136b24f9c040fdebd0642ef9c263903ef463bfe7e190c538da2, vars: {}, profile: , target: , version: 1.10.4
[0m22:18:32.182153 [debug] [MainThread]: Partial parsing enabled: 0 files deleted, 0 files added, 0 files changed.
[0m22:18:32.182342 [debug] [MainThread]: Partial parsing enabled, no changes found, skipping parsing
[0m22:18:32.200349 [debug] [MainThread]: Sending event: {'category': 'dbt', 'action': 'load_project', 'label': '13d8642a-1f6a-4eb1-bd2b-d21b5904500a', 'context': [<snowplow_tracker.self_describing_json.SelfDescribingJson object at 0x124ae8950>]}
[0m22:18:32.241238 [debug] [MainThread]: Wrote artifact WritableManifest to /Users/Westy.Chen/Documents/dbt_poc/acap_demo/target/manifest.json
[0m22:18:32.242811 [debug] [MainThread]: Wrote artifact SemanticManifest to /Users/Westy.Chen/Documents/dbt_poc/acap_demo/target/semantic_manifest.json
[0m22:18:32.259276 [debug] [MainThread]: Sending event: {'category': 'dbt', 'action': 'resource_counts', 'label': '13d8642a-1f6a-4eb1-bd2b-d21b5904500a', 'context': [<snowplow_tracker.self_describing_json.SelfDescribingJson object at 0x124cea210>]}
[0m22:18:32.259485 [info ] [MainThread]: Found 5 models, 6 data tests, 796 macros
[0m22:18:32.259623 [debug] [MainThread]: Sending event: {'category': 'dbt', 'action': 'runnable_timing', 'label': '13d8642a-1f6a-4eb1-bd2b-d21b5904500a', 'context': [<snowplow_tracker.self_describing_json.SelfDescribingJson object at 0x124d10f30>]}
[0m22:18:32.260410 [info ] [MainThread]: 
[0m22:18:32.260545 [info ] [MainThread]: Concurrency: 1 threads (target='dev')
[0m22:18:32.260649 [info ] [MainThread]: 
[0m22:18:32.260885 [debug] [MainThread]: Databricks adapter: DatabricksDBTConnection(session-id=None, name=master, idle-time=0s, language=None, compute-name=) - Creating connection
[0m22:18:32.261008 [debug] [MainThread]: Acquiring new databricks connection 'master'
[0m22:18:32.263573 [debug] [ThreadPool]: Databricks adapter: DatabricksDBTConnection(session-id=None, name=list_flipp_data_sandbox_dbt_demo_dbt_westy, idle-time=0s, language=None, compute-name=) - Creating connection
[0m22:18:32.263715 [debug] [ThreadPool]: Acquiring new databricks connection 'list_flipp_data_sandbox_dbt_demo_dbt_westy'
[0m22:18:32.269388 [debug] [ThreadPool]: Using databricks connection "list_flipp_data_sandbox_dbt_demo_dbt_westy"
[0m22:18:32.269666 [debug] [ThreadPool]: On list_flipp_data_sandbox_dbt_demo_dbt_westy: /* {"app": "dbt", "dbt_version": "1.10.4", "dbt_databricks_version": "1.10.4", "databricks_sql_connector_version": "4.0.5", "profile_name": "acap_demo", "target_name": "dev", "connection_name": "list_flipp_data_sandbox_dbt_demo_dbt_westy"} */

    
SELECT
  table_name,
  if(table_type IN ('EXTERNAL', 'MANAGED', 'MANAGED_SHALLOW_CLONE', 'EXTERNAL_SHALLOW_CLONE'), 'table', lower(table_type)) AS table_type,
  lower(data_source_format) AS file_format,
  table_owner
FROM `system`.`information_schema`.`tables`
WHERE table_catalog = 'flipp_data_sandbox' 
  AND table_schema = 'dbt_demo_dbt_westy'

  
[0m22:18:32.269837 [debug] [ThreadPool]: Opening a new connection, currently in state init
[0m22:18:32.737999 [debug] [ThreadPool]: Databricks adapter: Connection(session-id=7123a5e6-5aa2-4399-8229-975a230388e6) - Created
[0m22:18:33.451183 [debug] [ThreadPool]: SQL status: OK in 1.180 seconds
[0m22:18:33.461458 [debug] [ThreadPool]: Databricks adapter: Cursor(session-id=7123a5e6-5aa2-4399-8229-975a230388e6, command-id=4828733d-eb13-4712-914a-3aa9005c8f1b) - Closing
[0m22:18:33.463215 [debug] [MainThread]: Sending event: {'category': 'dbt', 'action': 'runnable_timing', 'label': '13d8642a-1f6a-4eb1-bd2b-d21b5904500a', 'context': [<snowplow_tracker.self_describing_json.SelfDescribingJson object at 0x1161ba0d0>]}
[0m22:18:33.465262 [debug] [Thread-1 (]: Began running node test.acap_demo.not_null_my_first_dbt_model_id.5fb22c2710
[0m22:18:33.465606 [info ] [Thread-1 (]: 1 of 6 START test not_null_my_first_dbt_model_id ............................... [RUN]
[0m22:18:33.465977 [debug] [Thread-1 (]: Re-using an available connection from the pool (formerly list_flipp_data_sandbox_dbt_demo_dbt_westy, now test.acap_demo.not_null_my_first_dbt_model_id.5fb22c2710)
[0m22:18:33.466282 [debug] [Thread-1 (]: Databricks adapter: DatabricksDBTConnection(session-id=7123a5e6-5aa2-4399-8229-975a230388e6, name=test.acap_demo.not_null_my_first_dbt_model_id.5fb22c2710, idle-time=0.003988027572631836s, language=None, compute-name=) - Reusing connection previously named list_flipp_data_sandbox_dbt_demo_dbt_westy
[0m22:18:33.466548 [debug] [Thread-1 (]: Began compiling node test.acap_demo.not_null_my_first_dbt_model_id.5fb22c2710
[0m22:18:33.479846 [debug] [Thread-1 (]: Writing injected SQL for node "test.acap_demo.not_null_my_first_dbt_model_id.5fb22c2710"
[0m22:18:33.480564 [debug] [Thread-1 (]: Began executing node test.acap_demo.not_null_my_first_dbt_model_id.5fb22c2710
[0m22:18:33.490979 [debug] [Thread-1 (]: Writing runtime sql for node "test.acap_demo.not_null_my_first_dbt_model_id.5fb22c2710"
[0m22:18:33.491421 [debug] [Thread-1 (]: Using databricks connection "test.acap_demo.not_null_my_first_dbt_model_id.5fb22c2710"
[0m22:18:33.491641 [debug] [Thread-1 (]: On test.acap_demo.not_null_my_first_dbt_model_id.5fb22c2710: /* {"app": "dbt", "dbt_version": "1.10.4", "dbt_databricks_version": "1.10.4", "databricks_sql_connector_version": "4.0.5", "profile_name": "acap_demo", "target_name": "dev", "node_id": "test.acap_demo.not_null_my_first_dbt_model_id.5fb22c2710"} */

    select
      count(*) as failures,
      count(*) != 0 as should_warn,
      count(*) != 0 as should_error
    from (
      
    
  
    
    



select id
from `flipp_data_sandbox`.`dbt_demo_dbt_westy`.`my_first_dbt_model`
where id is null



  
  
      
    ) dbt_internal_test
[0m22:18:34.983819 [debug] [Thread-1 (]: SQL status: OK in 1.490 seconds
[0m22:18:34.987313 [debug] [Thread-1 (]: Databricks adapter: Cursor(session-id=7123a5e6-5aa2-4399-8229-975a230388e6, command-id=f33e09ea-f891-4b86-b8d8-094ce5758558) - Closing
[0m22:18:34.990698 [error] [Thread-1 (]: 1 of 6 FAIL 1 not_null_my_first_dbt_model_id ................................... [[31mFAIL 1[0m in 1.52s]
[0m22:18:34.991210 [debug] [Thread-1 (]: Finished running node test.acap_demo.not_null_my_first_dbt_model_id.5fb22c2710
[0m22:18:34.991520 [debug] [Thread-1 (]: Began running node test.acap_demo.not_null_my_second_dbt_model_id.151b76d778
[0m22:18:34.991891 [info ] [Thread-1 (]: 2 of 6 START test not_null_my_second_dbt_model_id .............................. [RUN]
[0m22:18:34.992330 [debug] [Thread-1 (]: Re-using an available connection from the pool (formerly test.acap_demo.not_null_my_first_dbt_model_id.5fb22c2710, now test.acap_demo.not_null_my_second_dbt_model_id.151b76d778)
[0m22:18:34.992663 [debug] [Thread-1 (]: Databricks adapter: DatabricksDBTConnection(session-id=7123a5e6-5aa2-4399-8229-975a230388e6, name=test.acap_demo.not_null_my_second_dbt_model_id.151b76d778, idle-time=0.002074003219604492s, language=sql, compute-name=) - Reusing connection previously named test.acap_demo.not_null_my_first_dbt_model_id.5fb22c2710
[0m22:18:34.992944 [debug] [Thread-1 (]: Began compiling node test.acap_demo.not_null_my_second_dbt_model_id.151b76d778
[0m22:18:34.997034 [debug] [Thread-1 (]: Writing injected SQL for node "test.acap_demo.not_null_my_second_dbt_model_id.151b76d778"
[0m22:18:34.997746 [debug] [Thread-1 (]: Began executing node test.acap_demo.not_null_my_second_dbt_model_id.151b76d778
[0m22:18:34.999782 [debug] [Thread-1 (]: Writing runtime sql for node "test.acap_demo.not_null_my_second_dbt_model_id.151b76d778"
[0m22:18:35.000209 [debug] [Thread-1 (]: Using databricks connection "test.acap_demo.not_null_my_second_dbt_model_id.151b76d778"
[0m22:18:35.000475 [debug] [Thread-1 (]: On test.acap_demo.not_null_my_second_dbt_model_id.151b76d778: /* {"app": "dbt", "dbt_version": "1.10.4", "dbt_databricks_version": "1.10.4", "databricks_sql_connector_version": "4.0.5", "profile_name": "acap_demo", "target_name": "dev", "node_id": "test.acap_demo.not_null_my_second_dbt_model_id.151b76d778"} */

    select
      count(*) as failures,
      count(*) != 0 as should_warn,
      count(*) != 0 as should_error
    from (
      
    
  
    
    



select id
from `flipp_data_sandbox`.`dbt_demo_dbt_westy`.`my_second_dbt_model`
where id is null



  
  
      
    ) dbt_internal_test
[0m22:18:35.710771 [debug] [Thread-1 (]: SQL status: OK in 0.710 seconds
[0m22:18:35.714785 [debug] [Thread-1 (]: Databricks adapter: Cursor(session-id=7123a5e6-5aa2-4399-8229-975a230388e6, command-id=c12d4831-776e-41f9-a662-6a0c8faf64a8) - Closing
[0m22:18:35.716408 [info ] [Thread-1 (]: 2 of 6 PASS not_null_my_second_dbt_model_id .................................... [[32mPASS[0m in 0.72s]
[0m22:18:35.717206 [debug] [Thread-1 (]: Finished running node test.acap_demo.not_null_my_second_dbt_model_id.151b76d778
[0m22:18:35.717751 [debug] [Thread-1 (]: Began running node test.acap_demo.test_flyer_impressions_nonnegative
[0m22:18:35.718318 [info ] [Thread-1 (]: 3 of 6 START test test_flyer_impressions_nonnegative ........................... [RUN]
[0m22:18:35.718982 [debug] [Thread-1 (]: Re-using an available connection from the pool (formerly test.acap_demo.not_null_my_second_dbt_model_id.151b76d778, now test.acap_demo.test_flyer_impressions_nonnegative)
[0m22:18:35.719494 [debug] [Thread-1 (]: Databricks adapter: DatabricksDBTConnection(session-id=7123a5e6-5aa2-4399-8229-975a230388e6, name=test.acap_demo.test_flyer_impressions_nonnegative, idle-time=0.0032320022583007812s, language=sql, compute-name=) - Reusing connection previously named test.acap_demo.not_null_my_second_dbt_model_id.151b76d778
[0m22:18:35.719919 [debug] [Thread-1 (]: Began compiling node test.acap_demo.test_flyer_impressions_nonnegative
[0m22:18:35.725123 [debug] [Thread-1 (]: Writing injected SQL for node "test.acap_demo.test_flyer_impressions_nonnegative"
[0m22:18:35.726290 [debug] [Thread-1 (]: Began executing node test.acap_demo.test_flyer_impressions_nonnegative
[0m22:18:35.729149 [debug] [Thread-1 (]: Writing runtime sql for node "test.acap_demo.test_flyer_impressions_nonnegative"
[0m22:18:35.729730 [debug] [Thread-1 (]: Using databricks connection "test.acap_demo.test_flyer_impressions_nonnegative"
[0m22:18:35.730100 [debug] [Thread-1 (]: On test.acap_demo.test_flyer_impressions_nonnegative: /* {"app": "dbt", "dbt_version": "1.10.4", "dbt_databricks_version": "1.10.4", "databricks_sql_connector_version": "4.0.5", "profile_name": "acap_demo", "target_name": "dev", "node_id": "test.acap_demo.test_flyer_impressions_nonnegative"} */

    select
      count(*) as failures,
      count(*) != 0 as should_warn,
      count(*) != 0 as should_error
    from (
      
    
  -- tests/test_flyer_impressions_nonnegative.sql

SELECT *
FROM `flipp_data_sandbox`.`dbt_demo_dbt_westy`.`flyer_impressions`
WHERE flyer_impressions < 0
  
  
      
    ) dbt_internal_test
[0m22:18:36.337028 [debug] [Thread-1 (]: SQL status: OK in 0.610 seconds
[0m22:18:36.341005 [debug] [Thread-1 (]: Databricks adapter: Cursor(session-id=7123a5e6-5aa2-4399-8229-975a230388e6, command-id=ae28d34c-8949-4599-ab55-f1500d4ee3a8) - Closing
[0m22:18:36.342282 [info ] [Thread-1 (]: 3 of 6 PASS test_flyer_impressions_nonnegative ................................. [[32mPASS[0m in 0.62s]
[0m22:18:36.342827 [debug] [Thread-1 (]: Finished running node test.acap_demo.test_flyer_impressions_nonnegative
[0m22:18:36.343220 [debug] [Thread-1 (]: Began running node test.acap_demo.test_flyer_impressions_nonnegative_flyer_impressions_.c7b131bcd5
[0m22:18:36.343614 [info ] [Thread-1 (]: 4 of 6 START test test_flyer_impressions_nonnegative_flyer_impressions_ ........ [RUN]
[0m22:18:36.344122 [debug] [Thread-1 (]: Re-using an available connection from the pool (formerly test.acap_demo.test_flyer_impressions_nonnegative, now test.acap_demo.test_flyer_impressions_nonnegative_flyer_impressions_.c7b131bcd5)
[0m22:18:36.344487 [debug] [Thread-1 (]: Databricks adapter: DatabricksDBTConnection(session-id=7123a5e6-5aa2-4399-8229-975a230388e6, name=test.acap_demo.test_flyer_impressions_nonnegative_flyer_impressions_.c7b131bcd5, idle-time=0.0023407936096191406s, language=sql, compute-name=) - Reusing connection previously named test.acap_demo.test_flyer_impressions_nonnegative
[0m22:18:36.344797 [debug] [Thread-1 (]: Began compiling node test.acap_demo.test_flyer_impressions_nonnegative_flyer_impressions_.c7b131bcd5
[0m22:18:36.358524 [debug] [Thread-1 (]: Compilation Error in test test_flyer_impressions_nonnegative_flyer_impressions_ (models/schema.yml)
  'test_test_flyer_impressions_nonnegative' is undefined. This can happen when calling a macro that does not exist. Check for typos and/or install package dependencies with "dbt deps".
[0m22:18:36.359098 [error] [Thread-1 (]: 4 of 6 ERROR test_flyer_impressions_nonnegative_flyer_impressions_ ............. [[31mERROR[0m in 0.02s]
[0m22:18:36.359506 [debug] [Thread-1 (]: Finished running node test.acap_demo.test_flyer_impressions_nonnegative_flyer_impressions_.c7b131bcd5
[0m22:18:36.359801 [debug] [Thread-1 (]: Began running node test.acap_demo.unique_my_first_dbt_model_id.16e066b321
[0m22:18:36.360182 [debug] [Thread-4 (]: Marking all children of 'test.acap_demo.test_flyer_impressions_nonnegative_flyer_impressions_.c7b131bcd5' to be skipped because of status 'error'.  Reason: Compilation Error in test test_flyer_impressions_nonnegative_flyer_impressions_ (models/schema.yml)
  'test_test_flyer_impressions_nonnegative' is undefined. This can happen when calling a macro that does not exist. Check for typos and/or install package dependencies with "dbt deps"..
[0m22:18:36.360507 [info ] [Thread-1 (]: 5 of 6 START test unique_my_first_dbt_model_id ................................. [RUN]
[0m22:18:36.361516 [debug] [Thread-1 (]: Re-using an available connection from the pool (formerly test.acap_demo.test_flyer_impressions_nonnegative_flyer_impressions_.c7b131bcd5, now test.acap_demo.unique_my_first_dbt_model_id.16e066b321)
[0m22:18:36.361863 [debug] [Thread-1 (]: Databricks adapter: DatabricksDBTConnection(session-id=7123a5e6-5aa2-4399-8229-975a230388e6, name=test.acap_demo.unique_my_first_dbt_model_id.16e066b321, idle-time=0.0028259754180908203s, language=sql, compute-name=) - Reusing connection previously named test.acap_demo.test_flyer_impressions_nonnegative_flyer_impressions_.c7b131bcd5
[0m22:18:36.362141 [debug] [Thread-1 (]: Began compiling node test.acap_demo.unique_my_first_dbt_model_id.16e066b321
[0m22:18:36.370422 [debug] [Thread-1 (]: Writing injected SQL for node "test.acap_demo.unique_my_first_dbt_model_id.16e066b321"
[0m22:18:36.371133 [debug] [Thread-1 (]: Began executing node test.acap_demo.unique_my_first_dbt_model_id.16e066b321
[0m22:18:36.372858 [debug] [Thread-1 (]: Writing runtime sql for node "test.acap_demo.unique_my_first_dbt_model_id.16e066b321"
[0m22:18:36.373223 [debug] [Thread-1 (]: Using databricks connection "test.acap_demo.unique_my_first_dbt_model_id.16e066b321"
[0m22:18:36.373458 [debug] [Thread-1 (]: On test.acap_demo.unique_my_first_dbt_model_id.16e066b321: /* {"app": "dbt", "dbt_version": "1.10.4", "dbt_databricks_version": "1.10.4", "databricks_sql_connector_version": "4.0.5", "profile_name": "acap_demo", "target_name": "dev", "node_id": "test.acap_demo.unique_my_first_dbt_model_id.16e066b321"} */

    select
      count(*) as failures,
      count(*) != 0 as should_warn,
      count(*) != 0 as should_error
    from (
      
    
  
    
    

select
    id as unique_field,
    count(*) as n_records

from `flipp_data_sandbox`.`dbt_demo_dbt_westy`.`my_first_dbt_model`
where id is not null
group by id
having count(*) > 1



  
  
      
    ) dbt_internal_test
[0m22:18:37.233512 [debug] [Thread-1 (]: SQL status: OK in 0.860 seconds
[0m22:18:37.236876 [debug] [Thread-1 (]: Databricks adapter: Cursor(session-id=7123a5e6-5aa2-4399-8229-975a230388e6, command-id=a6d5521b-27cf-4469-a631-f646279f8454) - Closing
[0m22:18:37.238368 [info ] [Thread-1 (]: 5 of 6 PASS unique_my_first_dbt_model_id ....................................... [[32mPASS[0m in 0.88s]
[0m22:18:37.239180 [debug] [Thread-1 (]: Finished running node test.acap_demo.unique_my_first_dbt_model_id.16e066b321
[0m22:18:37.239684 [debug] [Thread-1 (]: Began running node test.acap_demo.unique_my_second_dbt_model_id.57a0f8c493
[0m22:18:37.240322 [info ] [Thread-1 (]: 6 of 6 START test unique_my_second_dbt_model_id ................................ [RUN]
[0m22:18:37.241081 [debug] [Thread-1 (]: Re-using an available connection from the pool (formerly test.acap_demo.unique_my_first_dbt_model_id.16e066b321, now test.acap_demo.unique_my_second_dbt_model_id.57a0f8c493)
[0m22:18:37.241624 [debug] [Thread-1 (]: Databricks adapter: DatabricksDBTConnection(session-id=7123a5e6-5aa2-4399-8229-975a230388e6, name=test.acap_demo.unique_my_second_dbt_model_id.57a0f8c493, idle-time=0.0033991336822509766s, language=sql, compute-name=) - Reusing connection previously named test.acap_demo.unique_my_first_dbt_model_id.16e066b321
[0m22:18:37.242124 [debug] [Thread-1 (]: Began compiling node test.acap_demo.unique_my_second_dbt_model_id.57a0f8c493
[0m22:18:37.249938 [debug] [Thread-1 (]: Writing injected SQL for node "test.acap_demo.unique_my_second_dbt_model_id.57a0f8c493"
[0m22:18:37.250954 [debug] [Thread-1 (]: Began executing node test.acap_demo.unique_my_second_dbt_model_id.57a0f8c493
[0m22:18:37.253782 [debug] [Thread-1 (]: Writing runtime sql for node "test.acap_demo.unique_my_second_dbt_model_id.57a0f8c493"
[0m22:18:37.254373 [debug] [Thread-1 (]: Using databricks connection "test.acap_demo.unique_my_second_dbt_model_id.57a0f8c493"
[0m22:18:37.254739 [debug] [Thread-1 (]: On test.acap_demo.unique_my_second_dbt_model_id.57a0f8c493: /* {"app": "dbt", "dbt_version": "1.10.4", "dbt_databricks_version": "1.10.4", "databricks_sql_connector_version": "4.0.5", "profile_name": "acap_demo", "target_name": "dev", "node_id": "test.acap_demo.unique_my_second_dbt_model_id.57a0f8c493"} */

    select
      count(*) as failures,
      count(*) != 0 as should_warn,
      count(*) != 0 as should_error
    from (
      
    
  
    
    

select
    id as unique_field,
    count(*) as n_records

from `flipp_data_sandbox`.`dbt_demo_dbt_westy`.`my_second_dbt_model`
where id is not null
group by id
having count(*) > 1



  
  
      
    ) dbt_internal_test
[0m22:18:38.360650 [debug] [Thread-1 (]: SQL status: OK in 1.110 seconds
[0m22:18:38.364267 [debug] [Thread-1 (]: Databricks adapter: Cursor(session-id=7123a5e6-5aa2-4399-8229-975a230388e6, command-id=aef1398d-2a14-4701-8b94-df05198c0226) - Closing
[0m22:18:38.365800 [info ] [Thread-1 (]: 6 of 6 PASS unique_my_second_dbt_model_id ...................................... [[32mPASS[0m in 1.12s]
[0m22:18:38.366539 [debug] [Thread-1 (]: Finished running node test.acap_demo.unique_my_second_dbt_model_id.57a0f8c493
[0m22:18:38.367984 [debug] [MainThread]: Databricks adapter: DatabricksDBTConnection(session-id=None, name=master, idle-time=4.904311895370483s, language=None, compute-name=) - Reusing connection previously named master
[0m22:18:38.368474 [debug] [MainThread]: Connection 'master' was properly closed.
[0m22:18:38.368700 [debug] [MainThread]: Connection 'test.acap_demo.unique_my_second_dbt_model_id.57a0f8c493' was properly closed.
[0m22:18:38.368929 [debug] [MainThread]: On test.acap_demo.unique_my_second_dbt_model_id.57a0f8c493: Close
[0m22:18:38.369185 [debug] [MainThread]: Databricks adapter: Connection(session-id=7123a5e6-5aa2-4399-8229-975a230388e6) - Closing
[0m22:18:38.488512 [info ] [MainThread]: 
[0m22:18:38.489383 [info ] [MainThread]: Finished running 6 data tests in 0 hours 0 minutes and 6.23 seconds (6.23s).
[0m22:18:38.490951 [debug] [MainThread]: Command end result
[0m22:18:38.529068 [debug] [MainThread]: Wrote artifact WritableManifest to /Users/Westy.Chen/Documents/dbt_poc/acap_demo/target/manifest.json
[0m22:18:38.530789 [debug] [MainThread]: Wrote artifact SemanticManifest to /Users/Westy.Chen/Documents/dbt_poc/acap_demo/target/semantic_manifest.json
[0m22:18:38.535114 [debug] [MainThread]: Wrote artifact RunExecutionResult to /Users/Westy.Chen/Documents/dbt_poc/acap_demo/target/run_results.json
[0m22:18:38.535298 [info ] [MainThread]: 
[0m22:18:38.535498 [info ] [MainThread]: [31mCompleted with 2 errors, 0 partial successes, and 0 warnings:[0m
[0m22:18:38.535659 [info ] [MainThread]: 
[0m22:18:38.535859 [error] [MainThread]: [31mFailure in test not_null_my_first_dbt_model_id (models/example/schema.yml)[0m
[0m22:18:38.536047 [error] [MainThread]:   Got 1 result, configured to fail if != 0
[0m22:18:38.536185 [info ] [MainThread]: 
[0m22:18:38.536361 [info ] [MainThread]:   compiled code at target/compiled/acap_demo/models/example/schema.yml/not_null_my_first_dbt_model_id.sql
[0m22:18:38.536510 [info ] [MainThread]: 
[0m22:18:38.536692 [error] [MainThread]: [31mFailure in test test_flyer_impressions_nonnegative_flyer_impressions_ (models/schema.yml)[0m
[0m22:18:38.536879 [error] [MainThread]:   Compilation Error in test test_flyer_impressions_nonnegative_flyer_impressions_ (models/schema.yml)
  'test_test_flyer_impressions_nonnegative' is undefined. This can happen when calling a macro that does not exist. Check for typos and/or install package dependencies with "dbt deps".
[0m22:18:38.537032 [info ] [MainThread]: 
[0m22:18:38.537203 [info ] [MainThread]: Done. PASS=4 WARN=0 ERROR=2 SKIP=0 NO-OP=0 TOTAL=6
[0m22:18:38.538749 [debug] [MainThread]: Resource report: {"command_name": "test", "command_success": false, "command_wall_clock_time": 7.371434, "process_in_blocks": "0", "process_kernel_time": 0.239815, "process_mem_max_rss": "236224512", "process_out_blocks": "0", "process_user_time": 1.417224}
[0m22:18:38.538995 [debug] [MainThread]: Command `dbt test` failed at 22:18:38.538951 after 7.37 seconds
[0m22:18:38.539198 [debug] [MainThread]: Sending event: {'category': 'dbt', 'action': 'invocation', 'label': 'end', 'context': [<snowplow_tracker.self_describing_json.SelfDescribingJson object at 0x107f5dfd0>, <snowplow_tracker.self_describing_json.SelfDescribingJson object at 0x124c07280>, <snowplow_tracker.self_describing_json.SelfDescribingJson object at 0x124c073e0>]}
[0m22:18:38.539378 [debug] [MainThread]: Flushing usage events
[0m22:18:38.868577 [debug] [MainThread]: An error was encountered while trying to flush usage events
[0m22:21:11.158302 [debug] [MainThread]: Sending event: {'category': 'dbt', 'action': 'invocation', 'label': 'start', 'context': [<snowplow_tracker.self_describing_json.SelfDescribingJson object at 0x103dbf380>, <snowplow_tracker.self_describing_json.SelfDescribingJson object at 0x105293890>, <snowplow_tracker.self_describing_json.SelfDescribingJson object at 0x1052939d0>]}


============================== 22:21:11.161037 | 5ab73bd8-7ccd-484a-9f0c-4fc8979fa458 ==============================
[0m22:21:11.161037 [info ] [MainThread]: Running with dbt=1.10.4
[0m22:21:11.161291 [debug] [MainThread]: running dbt with arguments {'printer_width': '80', 'indirect_selection': 'eager', 'log_cache_events': 'False', 'write_json': 'True', 'partial_parse': 'True', 'cache_selected_only': 'False', 'profiles_dir': '/Users/Westy.Chen/.dbt', 'fail_fast': 'False', 'warn_error': 'None', 'log_path': '/Users/Westy.Chen/Documents/dbt_poc/acap_demo/logs', 'debug': 'False', 'version_check': 'True', 'use_colors': 'True', 'use_experimental_parser': 'False', 'no_print': 'None', 'quiet': 'False', 'empty': 'None', 'log_format': 'default', 'static_parser': 'True', 'warn_error_options': 'WarnErrorOptionsV2(error=[], warn=[], silence=[])', 'introspect': 'True', 'target_path': 'None', 'invocation_command': 'dbt test', 'send_anonymous_usage_stats': 'True'}
[0m22:21:11.527215 [debug] [MainThread]: Spark adapter: Setting pyhive.hive logging to ERROR
[0m22:21:11.527437 [debug] [MainThread]: Spark adapter: Setting thrift.transport logging to ERROR
[0m22:21:11.527555 [debug] [MainThread]: Spark adapter: Setting thrift.protocol logging to ERROR
[0m22:21:11.945025 [debug] [MainThread]: Sending event: {'category': 'dbt', 'action': 'project_id', 'label': '5ab73bd8-7ccd-484a-9f0c-4fc8979fa458', 'context': [<snowplow_tracker.self_describing_json.SelfDescribingJson object at 0x1045af490>]}
[0m22:21:11.968791 [debug] [MainThread]: Sending event: {'category': 'dbt', 'action': 'adapter_info', 'label': '5ab73bd8-7ccd-484a-9f0c-4fc8979fa458', 'context': [<snowplow_tracker.self_describing_json.SelfDescribingJson object at 0x1064e7130>]}
[0m22:21:11.969068 [info ] [MainThread]: Registered adapter: databricks=1.10.4
[0m22:21:12.031973 [debug] [MainThread]: checksum: 073cb5a296270136b24f9c040fdebd0642ef9c263903ef463bfe7e190c538da2, vars: {}, profile: , target: , version: 1.10.4
[0m22:21:12.117073 [debug] [MainThread]: Partial parsing enabled: 0 files deleted, 0 files added, 1 files changed.
[0m22:21:12.117400 [debug] [MainThread]: Partial parsing: updated file: acap_demo://models/schema.yml
[0m22:21:12.242140 [error] [MainThread]: Encountered an error:
Parsing Error
  Invalid test config given in models/schema.yml:
  	test arguments must be a dict, got <class 'str'> (value test_flyer_impressions_nonnegative)
  	@: UnparsedModelUpdate(original_file_path='mode...ne)
[0m22:21:12.243449 [debug] [MainThread]: Resource report: {"command_name": "test", "command_success": false, "command_wall_clock_time": 1.111962, "process_in_blocks": "0", "process_kernel_time": 0.211449, "process_mem_max_rss": "231669760", "process_out_blocks": "0", "process_user_time": 1.255096}
[0m22:21:12.243719 [debug] [MainThread]: Command `dbt test` failed at 22:21:12.243677 after 1.11 seconds
[0m22:21:12.243880 [debug] [MainThread]: Sending event: {'category': 'dbt', 'action': 'invocation', 'label': 'end', 'context': [<snowplow_tracker.self_describing_json.SelfDescribingJson object at 0x10b42e550>, <snowplow_tracker.self_describing_json.SelfDescribingJson object at 0x10b42e450>, <snowplow_tracker.self_describing_json.SelfDescribingJson object at 0x10b73a210>]}
[0m22:21:12.244014 [debug] [MainThread]: Flushing usage events
[0m22:21:12.584282 [debug] [MainThread]: An error was encountered while trying to flush usage events
[0m22:22:13.008930 [debug] [MainThread]: Sending event: {'category': 'dbt', 'action': 'invocation', 'label': 'start', 'context': [<snowplow_tracker.self_describing_json.SelfDescribingJson object at 0x10636f380>, <snowplow_tracker.self_describing_json.SelfDescribingJson object at 0x107a0b890>, <snowplow_tracker.self_describing_json.SelfDescribingJson object at 0x107a0b9d0>]}


============================== 22:22:13.011577 | 6c6f782a-72a0-4255-8ce0-cc5923991283 ==============================
[0m22:22:13.011577 [info ] [MainThread]: Running with dbt=1.10.4
[0m22:22:13.011826 [debug] [MainThread]: running dbt with arguments {'printer_width': '80', 'indirect_selection': 'eager', 'write_json': 'True', 'log_cache_events': 'False', 'partial_parse': 'True', 'cache_selected_only': 'False', 'profiles_dir': '/Users/Westy.Chen/.dbt', 'debug': 'False', 'fail_fast': 'False', 'log_path': '/Users/Westy.Chen/Documents/dbt_poc/acap_demo/logs', 'warn_error': 'None', 'version_check': 'True', 'use_colors': 'True', 'use_experimental_parser': 'False', 'no_print': 'None', 'quiet': 'False', 'empty': 'None', 'warn_error_options': 'WarnErrorOptionsV2(error=[], warn=[], silence=[])', 'invocation_command': 'dbt test', 'static_parser': 'True', 'log_format': 'default', 'target_path': 'None', 'introspect': 'True', 'send_anonymous_usage_stats': 'True'}
[0m22:22:13.376290 [debug] [MainThread]: Spark adapter: Setting pyhive.hive logging to ERROR
[0m22:22:13.376526 [debug] [MainThread]: Spark adapter: Setting thrift.transport logging to ERROR
[0m22:22:13.376645 [debug] [MainThread]: Spark adapter: Setting thrift.protocol logging to ERROR
[0m22:22:13.800500 [debug] [MainThread]: Sending event: {'category': 'dbt', 'action': 'project_id', 'label': '6c6f782a-72a0-4255-8ce0-cc5923991283', 'context': [<snowplow_tracker.self_describing_json.SelfDescribingJson object at 0x106a27490>]}
[0m22:22:13.824646 [debug] [MainThread]: Sending event: {'category': 'dbt', 'action': 'adapter_info', 'label': '6c6f782a-72a0-4255-8ce0-cc5923991283', 'context': [<snowplow_tracker.self_describing_json.SelfDescribingJson object at 0x111a5f130>]}
[0m22:22:13.824920 [info ] [MainThread]: Registered adapter: databricks=1.10.4
[0m22:22:13.887059 [debug] [MainThread]: checksum: 073cb5a296270136b24f9c040fdebd0642ef9c263903ef463bfe7e190c538da2, vars: {}, profile: , target: , version: 1.10.4
[0m22:22:13.973970 [debug] [MainThread]: Partial parsing enabled: 0 files deleted, 0 files added, 1 files changed.
[0m22:22:13.974315 [debug] [MainThread]: Partial parsing: updated file: acap_demo://models/schema.yml
[0m22:22:14.131664 [debug] [MainThread]: Sending event: {'category': 'dbt', 'action': 'load_project', 'label': '6c6f782a-72a0-4255-8ce0-cc5923991283', 'context': [<snowplow_tracker.self_describing_json.SelfDescribingJson object at 0x117ff4f50>]}
[0m22:22:14.171690 [debug] [MainThread]: Wrote artifact WritableManifest to /Users/Westy.Chen/Documents/dbt_poc/acap_demo/target/manifest.json
[0m22:22:14.173386 [debug] [MainThread]: Wrote artifact SemanticManifest to /Users/Westy.Chen/Documents/dbt_poc/acap_demo/target/semantic_manifest.json
[0m22:22:14.188947 [debug] [MainThread]: Sending event: {'category': 'dbt', 'action': 'resource_counts', 'label': '6c6f782a-72a0-4255-8ce0-cc5923991283', 'context': [<snowplow_tracker.self_describing_json.SelfDescribingJson object at 0x12027ac60>]}
[0m22:22:14.189145 [info ] [MainThread]: Found 5 models, 7 data tests, 796 macros
[0m22:22:14.189282 [debug] [MainThread]: Sending event: {'category': 'dbt', 'action': 'runnable_timing', 'label': '6c6f782a-72a0-4255-8ce0-cc5923991283', 'context': [<snowplow_tracker.self_describing_json.SelfDescribingJson object at 0x1205adef0>]}
[0m22:22:14.190061 [info ] [MainThread]: 
[0m22:22:14.190195 [info ] [MainThread]: Concurrency: 1 threads (target='dev')
[0m22:22:14.190301 [info ] [MainThread]: 
[0m22:22:14.190537 [debug] [MainThread]: Databricks adapter: DatabricksDBTConnection(session-id=None, name=master, idle-time=0s, language=None, compute-name=) - Creating connection
[0m22:22:14.190658 [debug] [MainThread]: Acquiring new databricks connection 'master'
[0m22:22:14.193163 [debug] [ThreadPool]: Databricks adapter: DatabricksDBTConnection(session-id=None, name=list_flipp_data_sandbox_dbt_demo_dbt_westy, idle-time=0s, language=None, compute-name=) - Creating connection
[0m22:22:14.193315 [debug] [ThreadPool]: Acquiring new databricks connection 'list_flipp_data_sandbox_dbt_demo_dbt_westy'
[0m22:22:14.198624 [debug] [ThreadPool]: Using databricks connection "list_flipp_data_sandbox_dbt_demo_dbt_westy"
[0m22:22:14.198862 [debug] [ThreadPool]: On list_flipp_data_sandbox_dbt_demo_dbt_westy: /* {"app": "dbt", "dbt_version": "1.10.4", "dbt_databricks_version": "1.10.4", "databricks_sql_connector_version": "4.0.5", "profile_name": "acap_demo", "target_name": "dev", "connection_name": "list_flipp_data_sandbox_dbt_demo_dbt_westy"} */

    
SELECT
  table_name,
  if(table_type IN ('EXTERNAL', 'MANAGED', 'MANAGED_SHALLOW_CLONE', 'EXTERNAL_SHALLOW_CLONE'), 'table', lower(table_type)) AS table_type,
  lower(data_source_format) AS file_format,
  table_owner
FROM `system`.`information_schema`.`tables`
WHERE table_catalog = 'flipp_data_sandbox' 
  AND table_schema = 'dbt_demo_dbt_westy'

  
[0m22:22:14.199004 [debug] [ThreadPool]: Opening a new connection, currently in state init
[0m22:22:14.766365 [debug] [ThreadPool]: Databricks adapter: Connection(session-id=d761320a-39a6-4d37-b107-d40781b9d06a) - Created
[0m22:22:16.036198 [debug] [ThreadPool]: SQL status: OK in 1.840 seconds
[0m22:22:16.043533 [debug] [ThreadPool]: Databricks adapter: Cursor(session-id=d761320a-39a6-4d37-b107-d40781b9d06a, command-id=423db625-65c8-4b33-b490-198233c22c70) - Closing
[0m22:22:16.044881 [debug] [MainThread]: Sending event: {'category': 'dbt', 'action': 'runnable_timing', 'label': '6c6f782a-72a0-4255-8ce0-cc5923991283', 'context': [<snowplow_tracker.self_describing_json.SelfDescribingJson object at 0x115e220d0>]}
[0m22:22:16.046580 [debug] [Thread-1 (]: Began running node test.acap_demo.not_null_flyer_impressions_flyer_impressions.400c5660aa
[0m22:22:16.046841 [info ] [Thread-1 (]: 1 of 7 START test not_null_flyer_impressions_flyer_impressions ................. [RUN]
[0m22:22:16.047138 [debug] [Thread-1 (]: Re-using an available connection from the pool (formerly list_flipp_data_sandbox_dbt_demo_dbt_westy, now test.acap_demo.not_null_flyer_impressions_flyer_impressions.400c5660aa)
[0m22:22:16.047369 [debug] [Thread-1 (]: Databricks adapter: DatabricksDBTConnection(session-id=d761320a-39a6-4d37-b107-d40781b9d06a, name=test.acap_demo.not_null_flyer_impressions_flyer_impressions.400c5660aa, idle-time=0.003216981887817383s, language=None, compute-name=) - Reusing connection previously named list_flipp_data_sandbox_dbt_demo_dbt_westy
[0m22:22:16.047569 [debug] [Thread-1 (]: Began compiling node test.acap_demo.not_null_flyer_impressions_flyer_impressions.400c5660aa
[0m22:22:16.056320 [debug] [Thread-1 (]: Writing injected SQL for node "test.acap_demo.not_null_flyer_impressions_flyer_impressions.400c5660aa"
[0m22:22:16.056994 [debug] [Thread-1 (]: Began executing node test.acap_demo.not_null_flyer_impressions_flyer_impressions.400c5660aa
[0m22:22:16.066368 [debug] [Thread-1 (]: Writing runtime sql for node "test.acap_demo.not_null_flyer_impressions_flyer_impressions.400c5660aa"
[0m22:22:16.066956 [debug] [Thread-1 (]: Using databricks connection "test.acap_demo.not_null_flyer_impressions_flyer_impressions.400c5660aa"
[0m22:22:16.067149 [debug] [Thread-1 (]: On test.acap_demo.not_null_flyer_impressions_flyer_impressions.400c5660aa: /* {"app": "dbt", "dbt_version": "1.10.4", "dbt_databricks_version": "1.10.4", "databricks_sql_connector_version": "4.0.5", "profile_name": "acap_demo", "target_name": "dev", "node_id": "test.acap_demo.not_null_flyer_impressions_flyer_impressions.400c5660aa"} */

    select
      count(*) as failures,
      count(*) != 0 as should_warn,
      count(*) != 0 as should_error
    from (
      
    
  
    
    



select flyer_impressions
from `flipp_data_sandbox`.`dbt_demo_dbt_westy`.`flyer_impressions`
where flyer_impressions is null



  
  
      
    ) dbt_internal_test
[0m22:22:16.634704 [debug] [Thread-1 (]: SQL status: OK in 0.570 seconds
[0m22:22:16.638107 [debug] [Thread-1 (]: Databricks adapter: Cursor(session-id=d761320a-39a6-4d37-b107-d40781b9d06a, command-id=59d7610f-71fb-4755-86ab-6ba72e8ca79c) - Closing
[0m22:22:16.641432 [info ] [Thread-1 (]: 1 of 7 PASS not_null_flyer_impressions_flyer_impressions ....................... [[32mPASS[0m in 0.59s]
[0m22:22:16.641911 [debug] [Thread-1 (]: Finished running node test.acap_demo.not_null_flyer_impressions_flyer_impressions.400c5660aa
[0m22:22:16.642222 [debug] [Thread-1 (]: Began running node test.acap_demo.not_null_my_first_dbt_model_id.5fb22c2710
[0m22:22:16.642573 [info ] [Thread-1 (]: 2 of 7 START test not_null_my_first_dbt_model_id ............................... [RUN]
[0m22:22:16.642951 [debug] [Thread-1 (]: Re-using an available connection from the pool (formerly test.acap_demo.not_null_flyer_impressions_flyer_impressions.400c5660aa, now test.acap_demo.not_null_my_first_dbt_model_id.5fb22c2710)
[0m22:22:16.643259 [debug] [Thread-1 (]: Databricks adapter: DatabricksDBTConnection(session-id=d761320a-39a6-4d37-b107-d40781b9d06a, name=test.acap_demo.not_null_my_first_dbt_model_id.5fb22c2710, idle-time=0.0019352436065673828s, language=sql, compute-name=) - Reusing connection previously named test.acap_demo.not_null_flyer_impressions_flyer_impressions.400c5660aa
[0m22:22:16.643524 [debug] [Thread-1 (]: Began compiling node test.acap_demo.not_null_my_first_dbt_model_id.5fb22c2710
[0m22:22:16.647036 [debug] [Thread-1 (]: Writing injected SQL for node "test.acap_demo.not_null_my_first_dbt_model_id.5fb22c2710"
[0m22:22:16.647557 [debug] [Thread-1 (]: Began executing node test.acap_demo.not_null_my_first_dbt_model_id.5fb22c2710
[0m22:22:16.650152 [debug] [Thread-1 (]: Writing runtime sql for node "test.acap_demo.not_null_my_first_dbt_model_id.5fb22c2710"
[0m22:22:16.650626 [debug] [Thread-1 (]: Using databricks connection "test.acap_demo.not_null_my_first_dbt_model_id.5fb22c2710"
[0m22:22:16.650887 [debug] [Thread-1 (]: On test.acap_demo.not_null_my_first_dbt_model_id.5fb22c2710: /* {"app": "dbt", "dbt_version": "1.10.4", "dbt_databricks_version": "1.10.4", "databricks_sql_connector_version": "4.0.5", "profile_name": "acap_demo", "target_name": "dev", "node_id": "test.acap_demo.not_null_my_first_dbt_model_id.5fb22c2710"} */

    select
      count(*) as failures,
      count(*) != 0 as should_warn,
      count(*) != 0 as should_error
    from (
      
    
  
    
    



select id
from `flipp_data_sandbox`.`dbt_demo_dbt_westy`.`my_first_dbt_model`
where id is null



  
  
      
    ) dbt_internal_test
[0m22:22:17.253966 [debug] [Thread-1 (]: SQL status: OK in 0.600 seconds
[0m22:22:17.257297 [debug] [Thread-1 (]: Databricks adapter: Cursor(session-id=d761320a-39a6-4d37-b107-d40781b9d06a, command-id=ccf5e506-79ca-426d-9eae-b831568febb7) - Closing
[0m22:22:17.258345 [error] [Thread-1 (]: 2 of 7 FAIL 1 not_null_my_first_dbt_model_id ................................... [[31mFAIL 1[0m in 0.62s]
[0m22:22:17.258901 [debug] [Thread-1 (]: Finished running node test.acap_demo.not_null_my_first_dbt_model_id.5fb22c2710
[0m22:22:17.259247 [debug] [Thread-1 (]: Began running node test.acap_demo.not_null_my_second_dbt_model_id.151b76d778
[0m22:22:17.259629 [info ] [Thread-1 (]: 3 of 7 START test not_null_my_second_dbt_model_id .............................. [RUN]
[0m22:22:17.260048 [debug] [Thread-1 (]: Re-using an available connection from the pool (formerly test.acap_demo.not_null_my_first_dbt_model_id.5fb22c2710, now test.acap_demo.not_null_my_second_dbt_model_id.151b76d778)
[0m22:22:17.260402 [debug] [Thread-1 (]: Databricks adapter: DatabricksDBTConnection(session-id=d761320a-39a6-4d37-b107-d40781b9d06a, name=test.acap_demo.not_null_my_second_dbt_model_id.151b76d778, idle-time=0.002190113067626953s, language=sql, compute-name=) - Reusing connection previously named test.acap_demo.not_null_my_first_dbt_model_id.5fb22c2710
[0m22:22:17.260711 [debug] [Thread-1 (]: Began compiling node test.acap_demo.not_null_my_second_dbt_model_id.151b76d778
[0m22:22:17.265119 [debug] [Thread-1 (]: Writing injected SQL for node "test.acap_demo.not_null_my_second_dbt_model_id.151b76d778"
[0m22:22:17.265785 [debug] [Thread-1 (]: Began executing node test.acap_demo.not_null_my_second_dbt_model_id.151b76d778
[0m22:22:17.272119 [debug] [Thread-1 (]: Writing runtime sql for node "test.acap_demo.not_null_my_second_dbt_model_id.151b76d778"
[0m22:22:17.272606 [debug] [Thread-1 (]: Using databricks connection "test.acap_demo.not_null_my_second_dbt_model_id.151b76d778"
[0m22:22:17.272866 [debug] [Thread-1 (]: On test.acap_demo.not_null_my_second_dbt_model_id.151b76d778: /* {"app": "dbt", "dbt_version": "1.10.4", "dbt_databricks_version": "1.10.4", "databricks_sql_connector_version": "4.0.5", "profile_name": "acap_demo", "target_name": "dev", "node_id": "test.acap_demo.not_null_my_second_dbt_model_id.151b76d778"} */

    select
      count(*) as failures,
      count(*) != 0 as should_warn,
      count(*) != 0 as should_error
    from (
      
    
  
    
    



select id
from `flipp_data_sandbox`.`dbt_demo_dbt_westy`.`my_second_dbt_model`
where id is null



  
  
      
    ) dbt_internal_test
[0m22:22:17.951870 [debug] [Thread-1 (]: SQL status: OK in 0.680 seconds
[0m22:22:17.955316 [debug] [Thread-1 (]: Databricks adapter: Cursor(session-id=d761320a-39a6-4d37-b107-d40781b9d06a, command-id=83bc0174-c63d-4489-b519-2e5b02efd889) - Closing
[0m22:22:17.956689 [info ] [Thread-1 (]: 3 of 7 PASS not_null_my_second_dbt_model_id .................................... [[32mPASS[0m in 0.70s]
[0m22:22:17.957392 [debug] [Thread-1 (]: Finished running node test.acap_demo.not_null_my_second_dbt_model_id.151b76d778
[0m22:22:17.957862 [debug] [Thread-1 (]: Began running node test.acap_demo.test_flyer_impressions_nonnegative
[0m22:22:17.958354 [info ] [Thread-1 (]: 4 of 7 START test test_flyer_impressions_nonnegative ........................... [RUN]
[0m22:22:17.958940 [debug] [Thread-1 (]: Re-using an available connection from the pool (formerly test.acap_demo.not_null_my_second_dbt_model_id.151b76d778, now test.acap_demo.test_flyer_impressions_nonnegative)
[0m22:22:17.959382 [debug] [Thread-1 (]: Databricks adapter: DatabricksDBTConnection(session-id=d761320a-39a6-4d37-b107-d40781b9d06a, name=test.acap_demo.test_flyer_impressions_nonnegative, idle-time=0.002816915512084961s, language=sql, compute-name=) - Reusing connection previously named test.acap_demo.not_null_my_second_dbt_model_id.151b76d778
[0m22:22:17.959762 [debug] [Thread-1 (]: Began compiling node test.acap_demo.test_flyer_impressions_nonnegative
[0m22:22:17.964121 [debug] [Thread-1 (]: Writing injected SQL for node "test.acap_demo.test_flyer_impressions_nonnegative"
[0m22:22:17.965196 [debug] [Thread-1 (]: Began executing node test.acap_demo.test_flyer_impressions_nonnegative
[0m22:22:17.969196 [debug] [Thread-1 (]: Writing runtime sql for node "test.acap_demo.test_flyer_impressions_nonnegative"
[0m22:22:17.970140 [debug] [Thread-1 (]: Using databricks connection "test.acap_demo.test_flyer_impressions_nonnegative"
[0m22:22:17.970582 [debug] [Thread-1 (]: On test.acap_demo.test_flyer_impressions_nonnegative: /* {"app": "dbt", "dbt_version": "1.10.4", "dbt_databricks_version": "1.10.4", "databricks_sql_connector_version": "4.0.5", "profile_name": "acap_demo", "target_name": "dev", "node_id": "test.acap_demo.test_flyer_impressions_nonnegative"} */

    select
      count(*) as failures,
      count(*) != 0 as should_warn,
      count(*) != 0 as should_error
    from (
      
    
  -- tests/test_flyer_impressions_nonnegative.sql

SELECT *
FROM `flipp_data_sandbox`.`dbt_demo_dbt_westy`.`flyer_impressions`
WHERE flyer_impressions < 0
  
  
      
    ) dbt_internal_test
[0m22:22:18.482395 [debug] [Thread-1 (]: SQL status: OK in 0.510 seconds
[0m22:22:18.485767 [debug] [Thread-1 (]: Databricks adapter: Cursor(session-id=d761320a-39a6-4d37-b107-d40781b9d06a, command-id=c26b7cf4-c382-4a61-8759-5cf37399ec13) - Closing
[0m22:22:18.487152 [info ] [Thread-1 (]: 4 of 7 PASS test_flyer_impressions_nonnegative ................................. [[32mPASS[0m in 0.53s]
[0m22:22:18.487868 [debug] [Thread-1 (]: Finished running node test.acap_demo.test_flyer_impressions_nonnegative
[0m22:22:18.488329 [debug] [Thread-1 (]: Began running node test.acap_demo.test_flyer_impressions_nonnegative.b45f340d4b
[0m22:22:18.488793 [info ] [Thread-1 (]: 5 of 7 START test test_flyer_impressions_nonnegative ........................... [RUN]
[0m22:22:18.489397 [debug] [Thread-1 (]: Re-using an available connection from the pool (formerly test.acap_demo.test_flyer_impressions_nonnegative, now test.acap_demo.test_flyer_impressions_nonnegative.b45f340d4b)
[0m22:22:18.489869 [debug] [Thread-1 (]: Databricks adapter: DatabricksDBTConnection(session-id=d761320a-39a6-4d37-b107-d40781b9d06a, name=test.acap_demo.test_flyer_impressions_nonnegative.b45f340d4b, idle-time=0.0028421878814697266s, language=sql, compute-name=) - Reusing connection previously named test.acap_demo.test_flyer_impressions_nonnegative
[0m22:22:18.490264 [debug] [Thread-1 (]: Began compiling node test.acap_demo.test_flyer_impressions_nonnegative.b45f340d4b
[0m22:22:18.504780 [debug] [Thread-1 (]: Compilation Error in test test_flyer_impressions_nonnegative (models/schema.yml)
  'test_test' is undefined. This can happen when calling a macro that does not exist. Check for typos and/or install package dependencies with "dbt deps".
[0m22:22:18.505266 [error] [Thread-1 (]: 5 of 7 ERROR test_flyer_impressions_nonnegative ................................ [[31mERROR[0m in 0.02s]
[0m22:22:18.505667 [debug] [Thread-1 (]: Finished running node test.acap_demo.test_flyer_impressions_nonnegative.b45f340d4b
[0m22:22:18.505957 [debug] [Thread-1 (]: Began running node test.acap_demo.unique_my_first_dbt_model_id.16e066b321
[0m22:22:18.506305 [debug] [Thread-4 (]: Marking all children of 'test.acap_demo.test_flyer_impressions_nonnegative.b45f340d4b' to be skipped because of status 'error'.  Reason: Compilation Error in test test_flyer_impressions_nonnegative (models/schema.yml)
  'test_test' is undefined. This can happen when calling a macro that does not exist. Check for typos and/or install package dependencies with "dbt deps"..
[0m22:22:18.506612 [info ] [Thread-1 (]: 6 of 7 START test unique_my_first_dbt_model_id ................................. [RUN]
[0m22:22:18.507542 [debug] [Thread-1 (]: Re-using an available connection from the pool (formerly test.acap_demo.test_flyer_impressions_nonnegative.b45f340d4b, now test.acap_demo.unique_my_first_dbt_model_id.16e066b321)
[0m22:22:18.507872 [debug] [Thread-1 (]: Databricks adapter: DatabricksDBTConnection(session-id=d761320a-39a6-4d37-b107-d40781b9d06a, name=test.acap_demo.unique_my_first_dbt_model_id.16e066b321, idle-time=0.002663850784301758s, language=sql, compute-name=) - Reusing connection previously named test.acap_demo.test_flyer_impressions_nonnegative.b45f340d4b
[0m22:22:18.508139 [debug] [Thread-1 (]: Began compiling node test.acap_demo.unique_my_first_dbt_model_id.16e066b321
[0m22:22:18.513429 [debug] [Thread-1 (]: Writing injected SQL for node "test.acap_demo.unique_my_first_dbt_model_id.16e066b321"
[0m22:22:18.513933 [debug] [Thread-1 (]: Began executing node test.acap_demo.unique_my_first_dbt_model_id.16e066b321
[0m22:22:18.516204 [debug] [Thread-1 (]: Writing runtime sql for node "test.acap_demo.unique_my_first_dbt_model_id.16e066b321"
[0m22:22:18.516567 [debug] [Thread-1 (]: Using databricks connection "test.acap_demo.unique_my_first_dbt_model_id.16e066b321"
[0m22:22:18.516812 [debug] [Thread-1 (]: On test.acap_demo.unique_my_first_dbt_model_id.16e066b321: /* {"app": "dbt", "dbt_version": "1.10.4", "dbt_databricks_version": "1.10.4", "databricks_sql_connector_version": "4.0.5", "profile_name": "acap_demo", "target_name": "dev", "node_id": "test.acap_demo.unique_my_first_dbt_model_id.16e066b321"} */

    select
      count(*) as failures,
      count(*) != 0 as should_warn,
      count(*) != 0 as should_error
    from (
      
    
  
    
    

select
    id as unique_field,
    count(*) as n_records

from `flipp_data_sandbox`.`dbt_demo_dbt_westy`.`my_first_dbt_model`
where id is not null
group by id
having count(*) > 1



  
  
      
    ) dbt_internal_test
[0m22:22:19.200623 [debug] [Thread-1 (]: SQL status: OK in 0.680 seconds
[0m22:22:19.202971 [debug] [Thread-1 (]: Databricks adapter: Cursor(session-id=d761320a-39a6-4d37-b107-d40781b9d06a, command-id=04fd02a1-475e-41c1-a04f-18b6f3765a53) - Closing
[0m22:22:19.204058 [info ] [Thread-1 (]: 6 of 7 PASS unique_my_first_dbt_model_id ....................................... [[32mPASS[0m in 0.70s]
[0m22:22:19.204518 [debug] [Thread-1 (]: Finished running node test.acap_demo.unique_my_first_dbt_model_id.16e066b321
[0m22:22:19.204824 [debug] [Thread-1 (]: Began running node test.acap_demo.unique_my_second_dbt_model_id.57a0f8c493
[0m22:22:19.205152 [info ] [Thread-1 (]: 7 of 7 START test unique_my_second_dbt_model_id ................................ [RUN]
[0m22:22:19.205525 [debug] [Thread-1 (]: Re-using an available connection from the pool (formerly test.acap_demo.unique_my_first_dbt_model_id.16e066b321, now test.acap_demo.unique_my_second_dbt_model_id.57a0f8c493)
[0m22:22:19.205833 [debug] [Thread-1 (]: Databricks adapter: DatabricksDBTConnection(session-id=d761320a-39a6-4d37-b107-d40781b9d06a, name=test.acap_demo.unique_my_second_dbt_model_id.57a0f8c493, idle-time=0.0018663406372070312s, language=sql, compute-name=) - Reusing connection previously named test.acap_demo.unique_my_first_dbt_model_id.16e066b321
[0m22:22:19.206107 [debug] [Thread-1 (]: Began compiling node test.acap_demo.unique_my_second_dbt_model_id.57a0f8c493
[0m22:22:19.209899 [debug] [Thread-1 (]: Writing injected SQL for node "test.acap_demo.unique_my_second_dbt_model_id.57a0f8c493"
[0m22:22:19.210484 [debug] [Thread-1 (]: Began executing node test.acap_demo.unique_my_second_dbt_model_id.57a0f8c493
[0m22:22:19.213169 [debug] [Thread-1 (]: Writing runtime sql for node "test.acap_demo.unique_my_second_dbt_model_id.57a0f8c493"
[0m22:22:19.213686 [debug] [Thread-1 (]: Using databricks connection "test.acap_demo.unique_my_second_dbt_model_id.57a0f8c493"
[0m22:22:19.213960 [debug] [Thread-1 (]: On test.acap_demo.unique_my_second_dbt_model_id.57a0f8c493: /* {"app": "dbt", "dbt_version": "1.10.4", "dbt_databricks_version": "1.10.4", "databricks_sql_connector_version": "4.0.5", "profile_name": "acap_demo", "target_name": "dev", "node_id": "test.acap_demo.unique_my_second_dbt_model_id.57a0f8c493"} */

    select
      count(*) as failures,
      count(*) != 0 as should_warn,
      count(*) != 0 as should_error
    from (
      
    
  
    
    

select
    id as unique_field,
    count(*) as n_records

from `flipp_data_sandbox`.`dbt_demo_dbt_westy`.`my_second_dbt_model`
where id is not null
group by id
having count(*) > 1



  
  
      
    ) dbt_internal_test
[0m22:22:19.998114 [debug] [Thread-1 (]: SQL status: OK in 0.780 seconds
[0m22:22:20.001166 [debug] [Thread-1 (]: Databricks adapter: Cursor(session-id=d761320a-39a6-4d37-b107-d40781b9d06a, command-id=cbdcb897-453c-4616-a9f1-f3d6093694c6) - Closing
[0m22:22:20.001940 [info ] [Thread-1 (]: 7 of 7 PASS unique_my_second_dbt_model_id ...................................... [[32mPASS[0m in 0.80s]
[0m22:22:20.002332 [debug] [Thread-1 (]: Finished running node test.acap_demo.unique_my_second_dbt_model_id.57a0f8c493
[0m22:22:20.003265 [debug] [MainThread]: Databricks adapter: DatabricksDBTConnection(session-id=None, name=master, idle-time=3.9580090045928955s, language=None, compute-name=) - Reusing connection previously named master
[0m22:22:20.003566 [debug] [MainThread]: Connection 'master' was properly closed.
[0m22:22:20.003748 [debug] [MainThread]: Connection 'test.acap_demo.unique_my_second_dbt_model_id.57a0f8c493' was properly closed.
[0m22:22:20.003933 [debug] [MainThread]: On test.acap_demo.unique_my_second_dbt_model_id.57a0f8c493: Close
[0m22:22:20.004131 [debug] [MainThread]: Databricks adapter: Connection(session-id=d761320a-39a6-4d37-b107-d40781b9d06a) - Closing
[0m22:22:20.117550 [info ] [MainThread]: 
[0m22:22:20.118362 [info ] [MainThread]: Finished running 7 data tests in 0 hours 0 minutes and 5.93 seconds (5.93s).
[0m22:22:20.120277 [debug] [MainThread]: Command end result
[0m22:22:20.157174 [debug] [MainThread]: Wrote artifact WritableManifest to /Users/Westy.Chen/Documents/dbt_poc/acap_demo/target/manifest.json
[0m22:22:20.158670 [debug] [MainThread]: Wrote artifact SemanticManifest to /Users/Westy.Chen/Documents/dbt_poc/acap_demo/target/semantic_manifest.json
[0m22:22:20.162911 [debug] [MainThread]: Wrote artifact RunExecutionResult to /Users/Westy.Chen/Documents/dbt_poc/acap_demo/target/run_results.json
[0m22:22:20.163086 [info ] [MainThread]: 
[0m22:22:20.163301 [info ] [MainThread]: [31mCompleted with 2 errors, 0 partial successes, and 0 warnings:[0m
[0m22:22:20.163464 [info ] [MainThread]: 
[0m22:22:20.163668 [error] [MainThread]: [31mFailure in test not_null_my_first_dbt_model_id (models/example/schema.yml)[0m
[0m22:22:20.163857 [error] [MainThread]:   Got 1 result, configured to fail if != 0
[0m22:22:20.163998 [info ] [MainThread]: 
[0m22:22:20.164174 [info ] [MainThread]:   compiled code at target/compiled/acap_demo/models/example/schema.yml/not_null_my_first_dbt_model_id.sql
[0m22:22:20.164322 [info ] [MainThread]: 
[0m22:22:20.164497 [error] [MainThread]: [31mFailure in test test_flyer_impressions_nonnegative (models/schema.yml)[0m
[0m22:22:20.164682 [error] [MainThread]:   Compilation Error in test test_flyer_impressions_nonnegative (models/schema.yml)
  'test_test' is undefined. This can happen when calling a macro that does not exist. Check for typos and/or install package dependencies with "dbt deps".
[0m22:22:20.164836 [info ] [MainThread]: 
[0m22:22:20.165007 [info ] [MainThread]: Done. PASS=5 WARN=0 ERROR=2 SKIP=0 NO-OP=0 TOTAL=7
[0m22:22:20.166401 [debug] [MainThread]: Resource report: {"command_name": "test", "command_success": false, "command_wall_clock_time": 7.183436, "process_in_blocks": "0", "process_kernel_time": 0.227362, "process_mem_max_rss": "244547584", "process_out_blocks": "0", "process_user_time": 1.576517}
[0m22:22:20.166640 [debug] [MainThread]: Command `dbt test` failed at 22:22:20.166596 after 7.18 seconds
[0m22:22:20.166839 [debug] [MainThread]: Sending event: {'category': 'dbt', 'action': 'invocation', 'label': 'end', 'context': [<snowplow_tracker.self_describing_json.SelfDescribingJson object at 0x10785dfd0>, <snowplow_tracker.self_describing_json.SelfDescribingJson object at 0x1206c50d0>, <snowplow_tracker.self_describing_json.SelfDescribingJson object at 0x1206c5180>]}
[0m22:22:20.167022 [debug] [MainThread]: Flushing usage events
[0m22:22:20.480239 [debug] [MainThread]: An error was encountered while trying to flush usage events
[0m22:23:19.964330 [debug] [MainThread]: Sending event: {'category': 'dbt', 'action': 'invocation', 'label': 'start', 'context': [<snowplow_tracker.self_describing_json.SelfDescribingJson object at 0x103ac7380>, <snowplow_tracker.self_describing_json.SelfDescribingJson object at 0x104f9b890>, <snowplow_tracker.self_describing_json.SelfDescribingJson object at 0x104f9b9d0>]}


============================== 22:23:19.967018 | 2da310d8-12e6-4aa3-a034-2dac83cb39bc ==============================
[0m22:23:19.967018 [info ] [MainThread]: Running with dbt=1.10.4
[0m22:23:19.967284 [debug] [MainThread]: running dbt with arguments {'printer_width': '80', 'indirect_selection': 'eager', 'write_json': 'True', 'log_cache_events': 'False', 'partial_parse': 'True', 'cache_selected_only': 'False', 'profiles_dir': '/Users/Westy.Chen/.dbt', 'fail_fast': 'False', 'warn_error': 'None', 'log_path': '/Users/Westy.Chen/Documents/dbt_poc/acap_demo/logs', 'version_check': 'True', 'debug': 'False', 'use_colors': 'True', 'use_experimental_parser': 'False', 'empty': 'None', 'quiet': 'False', 'no_print': 'None', 'log_format': 'default', 'introspect': 'True', 'static_parser': 'True', 'invocation_command': 'dbt test', 'target_path': 'None', 'warn_error_options': 'WarnErrorOptionsV2(error=[], warn=[], silence=[])', 'send_anonymous_usage_stats': 'True'}
[0m22:23:20.329355 [debug] [MainThread]: Spark adapter: Setting pyhive.hive logging to ERROR
[0m22:23:20.329569 [debug] [MainThread]: Spark adapter: Setting thrift.transport logging to ERROR
[0m22:23:20.329691 [debug] [MainThread]: Spark adapter: Setting thrift.protocol logging to ERROR
[0m22:23:20.766376 [debug] [MainThread]: Sending event: {'category': 'dbt', 'action': 'project_id', 'label': '2da310d8-12e6-4aa3-a034-2dac83cb39bc', 'context': [<snowplow_tracker.self_describing_json.SelfDescribingJson object at 0x1042b7490>]}
[0m22:23:20.791088 [debug] [MainThread]: Sending event: {'category': 'dbt', 'action': 'adapter_info', 'label': '2da310d8-12e6-4aa3-a034-2dac83cb39bc', 'context': [<snowplow_tracker.self_describing_json.SelfDescribingJson object at 0x1061ef130>]}
[0m22:23:20.791396 [info ] [MainThread]: Registered adapter: databricks=1.10.4
[0m22:23:20.854891 [debug] [MainThread]: checksum: 073cb5a296270136b24f9c040fdebd0642ef9c263903ef463bfe7e190c538da2, vars: {}, profile: , target: , version: 1.10.4
[0m22:23:20.941601 [debug] [MainThread]: Partial parsing enabled: 0 files deleted, 0 files added, 1 files changed.
[0m22:23:20.941945 [debug] [MainThread]: Partial parsing: updated file: acap_demo://models/schema.yml
[0m22:23:21.097329 [debug] [MainThread]: Sending event: {'category': 'dbt', 'action': 'load_project', 'label': '2da310d8-12e6-4aa3-a034-2dac83cb39bc', 'context': [<snowplow_tracker.self_describing_json.SelfDescribingJson object at 0x10b11d050>]}
[0m22:23:21.137571 [debug] [MainThread]: Wrote artifact WritableManifest to /Users/Westy.Chen/Documents/dbt_poc/acap_demo/target/manifest.json
[0m22:23:21.138921 [debug] [MainThread]: Wrote artifact SemanticManifest to /Users/Westy.Chen/Documents/dbt_poc/acap_demo/target/semantic_manifest.json
[0m22:23:21.153808 [debug] [MainThread]: Sending event: {'category': 'dbt', 'action': 'resource_counts', 'label': '2da310d8-12e6-4aa3-a034-2dac83cb39bc', 'context': [<snowplow_tracker.self_describing_json.SelfDescribingJson object at 0x10b396b70>]}
[0m22:23:21.154005 [info ] [MainThread]: Found 5 models, 7 data tests, 796 macros
[0m22:23:21.154142 [debug] [MainThread]: Sending event: {'category': 'dbt', 'action': 'runnable_timing', 'label': '2da310d8-12e6-4aa3-a034-2dac83cb39bc', 'context': [<snowplow_tracker.self_describing_json.SelfDescribingJson object at 0x10b4d0bb0>]}
[0m22:23:21.154947 [info ] [MainThread]: 
[0m22:23:21.155083 [info ] [MainThread]: Concurrency: 1 threads (target='dev')
[0m22:23:21.155190 [info ] [MainThread]: 
[0m22:23:21.155420 [debug] [MainThread]: Databricks adapter: DatabricksDBTConnection(session-id=None, name=master, idle-time=0s, language=None, compute-name=) - Creating connection
[0m22:23:21.155537 [debug] [MainThread]: Acquiring new databricks connection 'master'
[0m22:23:21.158203 [debug] [ThreadPool]: Databricks adapter: DatabricksDBTConnection(session-id=None, name=list_flipp_data_sandbox_dbt_demo_dbt_westy, idle-time=0s, language=None, compute-name=) - Creating connection
[0m22:23:21.158356 [debug] [ThreadPool]: Acquiring new databricks connection 'list_flipp_data_sandbox_dbt_demo_dbt_westy'
[0m22:23:21.163671 [debug] [ThreadPool]: Using databricks connection "list_flipp_data_sandbox_dbt_demo_dbt_westy"
[0m22:23:21.163909 [debug] [ThreadPool]: On list_flipp_data_sandbox_dbt_demo_dbt_westy: /* {"app": "dbt", "dbt_version": "1.10.4", "dbt_databricks_version": "1.10.4", "databricks_sql_connector_version": "4.0.5", "profile_name": "acap_demo", "target_name": "dev", "connection_name": "list_flipp_data_sandbox_dbt_demo_dbt_westy"} */

    
SELECT
  table_name,
  if(table_type IN ('EXTERNAL', 'MANAGED', 'MANAGED_SHALLOW_CLONE', 'EXTERNAL_SHALLOW_CLONE'), 'table', lower(table_type)) AS table_type,
  lower(data_source_format) AS file_format,
  table_owner
FROM `system`.`information_schema`.`tables`
WHERE table_catalog = 'flipp_data_sandbox' 
  AND table_schema = 'dbt_demo_dbt_westy'

  
[0m22:23:21.164040 [debug] [ThreadPool]: Opening a new connection, currently in state init
[0m22:23:21.619928 [debug] [ThreadPool]: Databricks adapter: Connection(session-id=ed7402bf-e15f-41de-a056-b333ab1eba64) - Created
[0m22:23:22.291525 [debug] [ThreadPool]: SQL status: OK in 1.130 seconds
[0m22:23:22.301076 [debug] [ThreadPool]: Databricks adapter: Cursor(session-id=ed7402bf-e15f-41de-a056-b333ab1eba64, command-id=55cc041e-58ae-4d4b-b5f1-80a2956c977d) - Closing
[0m22:23:22.302765 [debug] [MainThread]: Sending event: {'category': 'dbt', 'action': 'runnable_timing', 'label': '2da310d8-12e6-4aa3-a034-2dac83cb39bc', 'context': [<snowplow_tracker.self_describing_json.SelfDescribingJson object at 0x1096a60d0>]}
[0m22:23:22.304910 [debug] [Thread-1 (]: Began running node test.acap_demo.not_null_flyer_impressions_flyer_impressions.400c5660aa
[0m22:23:22.305271 [info ] [Thread-1 (]: 1 of 7 START test not_null_flyer_impressions_flyer_impressions ................. [RUN]
[0m22:23:22.305648 [debug] [Thread-1 (]: Re-using an available connection from the pool (formerly list_flipp_data_sandbox_dbt_demo_dbt_westy, now test.acap_demo.not_null_flyer_impressions_flyer_impressions.400c5660aa)
[0m22:23:22.305937 [debug] [Thread-1 (]: Databricks adapter: DatabricksDBTConnection(session-id=ed7402bf-e15f-41de-a056-b333ab1eba64, name=test.acap_demo.not_null_flyer_impressions_flyer_impressions.400c5660aa, idle-time=0.004081010818481445s, language=None, compute-name=) - Reusing connection previously named list_flipp_data_sandbox_dbt_demo_dbt_westy
[0m22:23:22.306174 [debug] [Thread-1 (]: Began compiling node test.acap_demo.not_null_flyer_impressions_flyer_impressions.400c5660aa
[0m22:23:22.316234 [debug] [Thread-1 (]: Writing injected SQL for node "test.acap_demo.not_null_flyer_impressions_flyer_impressions.400c5660aa"
[0m22:23:22.316766 [debug] [Thread-1 (]: Began executing node test.acap_demo.not_null_flyer_impressions_flyer_impressions.400c5660aa
[0m22:23:22.327519 [debug] [Thread-1 (]: Writing runtime sql for node "test.acap_demo.not_null_flyer_impressions_flyer_impressions.400c5660aa"
[0m22:23:22.328006 [debug] [Thread-1 (]: Using databricks connection "test.acap_demo.not_null_flyer_impressions_flyer_impressions.400c5660aa"
[0m22:23:22.328236 [debug] [Thread-1 (]: On test.acap_demo.not_null_flyer_impressions_flyer_impressions.400c5660aa: /* {"app": "dbt", "dbt_version": "1.10.4", "dbt_databricks_version": "1.10.4", "databricks_sql_connector_version": "4.0.5", "profile_name": "acap_demo", "target_name": "dev", "node_id": "test.acap_demo.not_null_flyer_impressions_flyer_impressions.400c5660aa"} */

    select
      count(*) as failures,
      count(*) != 0 as should_warn,
      count(*) != 0 as should_error
    from (
      
    
  
    
    



select flyer_impressions
from `flipp_data_sandbox`.`dbt_demo_dbt_westy`.`flyer_impressions`
where flyer_impressions is null



  
  
      
    ) dbt_internal_test
[0m22:23:22.893341 [debug] [Thread-1 (]: SQL status: OK in 0.560 seconds
[0m22:23:22.897262 [debug] [Thread-1 (]: Databricks adapter: Cursor(session-id=ed7402bf-e15f-41de-a056-b333ab1eba64, command-id=4870b88b-9308-44ea-8f49-5aeec481547c) - Closing
[0m22:23:22.900671 [info ] [Thread-1 (]: 1 of 7 PASS not_null_flyer_impressions_flyer_impressions ....................... [[32mPASS[0m in 0.59s]
[0m22:23:22.901286 [debug] [Thread-1 (]: Finished running node test.acap_demo.not_null_flyer_impressions_flyer_impressions.400c5660aa
[0m22:23:22.901744 [debug] [Thread-1 (]: Began running node test.acap_demo.not_null_my_first_dbt_model_id.5fb22c2710
[0m22:23:22.902125 [info ] [Thread-1 (]: 2 of 7 START test not_null_my_first_dbt_model_id ............................... [RUN]
[0m22:23:22.902511 [debug] [Thread-1 (]: Re-using an available connection from the pool (formerly test.acap_demo.not_null_flyer_impressions_flyer_impressions.400c5660aa, now test.acap_demo.not_null_my_first_dbt_model_id.5fb22c2710)
[0m22:23:22.902829 [debug] [Thread-1 (]: Databricks adapter: DatabricksDBTConnection(session-id=ed7402bf-e15f-41de-a056-b333ab1eba64, name=test.acap_demo.not_null_my_first_dbt_model_id.5fb22c2710, idle-time=0.002270936965942383s, language=sql, compute-name=) - Reusing connection previously named test.acap_demo.not_null_flyer_impressions_flyer_impressions.400c5660aa
[0m22:23:22.903102 [debug] [Thread-1 (]: Began compiling node test.acap_demo.not_null_my_first_dbt_model_id.5fb22c2710
[0m22:23:22.906758 [debug] [Thread-1 (]: Writing injected SQL for node "test.acap_demo.not_null_my_first_dbt_model_id.5fb22c2710"
[0m22:23:22.907416 [debug] [Thread-1 (]: Began executing node test.acap_demo.not_null_my_first_dbt_model_id.5fb22c2710
[0m22:23:22.909795 [debug] [Thread-1 (]: Writing runtime sql for node "test.acap_demo.not_null_my_first_dbt_model_id.5fb22c2710"
[0m22:23:22.910222 [debug] [Thread-1 (]: Using databricks connection "test.acap_demo.not_null_my_first_dbt_model_id.5fb22c2710"
[0m22:23:22.910484 [debug] [Thread-1 (]: On test.acap_demo.not_null_my_first_dbt_model_id.5fb22c2710: /* {"app": "dbt", "dbt_version": "1.10.4", "dbt_databricks_version": "1.10.4", "databricks_sql_connector_version": "4.0.5", "profile_name": "acap_demo", "target_name": "dev", "node_id": "test.acap_demo.not_null_my_first_dbt_model_id.5fb22c2710"} */

    select
      count(*) as failures,
      count(*) != 0 as should_warn,
      count(*) != 0 as should_error
    from (
      
    
  
    
    



select id
from `flipp_data_sandbox`.`dbt_demo_dbt_westy`.`my_first_dbt_model`
where id is null



  
  
      
    ) dbt_internal_test
[0m22:23:23.611588 [debug] [Thread-1 (]: SQL status: OK in 0.700 seconds
[0m22:23:23.615205 [debug] [Thread-1 (]: Databricks adapter: Cursor(session-id=ed7402bf-e15f-41de-a056-b333ab1eba64, command-id=0a539d57-01bb-4ea7-9fdd-796c60894493) - Closing
[0m22:23:23.616632 [error] [Thread-1 (]: 2 of 7 FAIL 1 not_null_my_first_dbt_model_id ................................... [[31mFAIL 1[0m in 0.71s]
[0m22:23:23.617390 [debug] [Thread-1 (]: Finished running node test.acap_demo.not_null_my_first_dbt_model_id.5fb22c2710
[0m22:23:23.617908 [debug] [Thread-1 (]: Began running node test.acap_demo.not_null_my_second_dbt_model_id.151b76d778
[0m22:23:23.618467 [info ] [Thread-1 (]: 3 of 7 START test not_null_my_second_dbt_model_id .............................. [RUN]
[0m22:23:23.619388 [debug] [Thread-1 (]: Re-using an available connection from the pool (formerly test.acap_demo.not_null_my_first_dbt_model_id.5fb22c2710, now test.acap_demo.not_null_my_second_dbt_model_id.151b76d778)
[0m22:23:23.619880 [debug] [Thread-1 (]: Databricks adapter: DatabricksDBTConnection(session-id=ed7402bf-e15f-41de-a056-b333ab1eba64, name=test.acap_demo.not_null_my_second_dbt_model_id.151b76d778, idle-time=0.003409862518310547s, language=sql, compute-name=) - Reusing connection previously named test.acap_demo.not_null_my_first_dbt_model_id.5fb22c2710
[0m22:23:23.620250 [debug] [Thread-1 (]: Began compiling node test.acap_demo.not_null_my_second_dbt_model_id.151b76d778
[0m22:23:23.626263 [debug] [Thread-1 (]: Writing injected SQL for node "test.acap_demo.not_null_my_second_dbt_model_id.151b76d778"
[0m22:23:23.627212 [debug] [Thread-1 (]: Began executing node test.acap_demo.not_null_my_second_dbt_model_id.151b76d778
[0m22:23:23.633479 [debug] [Thread-1 (]: Writing runtime sql for node "test.acap_demo.not_null_my_second_dbt_model_id.151b76d778"
[0m22:23:23.634032 [debug] [Thread-1 (]: Using databricks connection "test.acap_demo.not_null_my_second_dbt_model_id.151b76d778"
[0m22:23:23.634343 [debug] [Thread-1 (]: On test.acap_demo.not_null_my_second_dbt_model_id.151b76d778: /* {"app": "dbt", "dbt_version": "1.10.4", "dbt_databricks_version": "1.10.4", "databricks_sql_connector_version": "4.0.5", "profile_name": "acap_demo", "target_name": "dev", "node_id": "test.acap_demo.not_null_my_second_dbt_model_id.151b76d778"} */

    select
      count(*) as failures,
      count(*) != 0 as should_warn,
      count(*) != 0 as should_error
    from (
      
    
  
    
    



select id
from `flipp_data_sandbox`.`dbt_demo_dbt_westy`.`my_second_dbt_model`
where id is null



  
  
      
    ) dbt_internal_test
[0m22:23:24.221488 [debug] [Thread-1 (]: SQL status: OK in 0.590 seconds
[0m22:23:24.222942 [debug] [Thread-1 (]: Databricks adapter: Cursor(session-id=ed7402bf-e15f-41de-a056-b333ab1eba64, command-id=022385bc-dab4-49e6-a0c8-065117a7109b) - Closing
[0m22:23:24.223571 [info ] [Thread-1 (]: 3 of 7 PASS not_null_my_second_dbt_model_id .................................... [[32mPASS[0m in 0.60s]
[0m22:23:24.223900 [debug] [Thread-1 (]: Finished running node test.acap_demo.not_null_my_second_dbt_model_id.151b76d778
[0m22:23:24.224128 [debug] [Thread-1 (]: Began running node test.acap_demo.test_flyer_impressions_nonnegative
[0m22:23:24.224384 [info ] [Thread-1 (]: 4 of 7 START test test_flyer_impressions_nonnegative ........................... [RUN]
[0m22:23:24.224689 [debug] [Thread-1 (]: Re-using an available connection from the pool (formerly test.acap_demo.not_null_my_second_dbt_model_id.151b76d778, now test.acap_demo.test_flyer_impressions_nonnegative)
[0m22:23:24.224928 [debug] [Thread-1 (]: Databricks adapter: DatabricksDBTConnection(session-id=ed7402bf-e15f-41de-a056-b333ab1eba64, name=test.acap_demo.test_flyer_impressions_nonnegative, idle-time=0.0014100074768066406s, language=sql, compute-name=) - Reusing connection previously named test.acap_demo.not_null_my_second_dbt_model_id.151b76d778
[0m22:23:24.225129 [debug] [Thread-1 (]: Began compiling node test.acap_demo.test_flyer_impressions_nonnegative
[0m22:23:24.227073 [debug] [Thread-1 (]: Writing injected SQL for node "test.acap_demo.test_flyer_impressions_nonnegative"
[0m22:23:24.227565 [debug] [Thread-1 (]: Began executing node test.acap_demo.test_flyer_impressions_nonnegative
[0m22:23:24.229414 [debug] [Thread-1 (]: Writing runtime sql for node "test.acap_demo.test_flyer_impressions_nonnegative"
[0m22:23:24.229725 [debug] [Thread-1 (]: Using databricks connection "test.acap_demo.test_flyer_impressions_nonnegative"
[0m22:23:24.229983 [debug] [Thread-1 (]: On test.acap_demo.test_flyer_impressions_nonnegative: /* {"app": "dbt", "dbt_version": "1.10.4", "dbt_databricks_version": "1.10.4", "databricks_sql_connector_version": "4.0.5", "profile_name": "acap_demo", "target_name": "dev", "node_id": "test.acap_demo.test_flyer_impressions_nonnegative"} */

    select
      count(*) as failures,
      count(*) != 0 as should_warn,
      count(*) != 0 as should_error
    from (
      
    
  -- tests/test_flyer_impressions_nonnegative.sql

SELECT *
FROM `flipp_data_sandbox`.`dbt_demo_dbt_westy`.`flyer_impressions`
WHERE flyer_impressions < 0
  
  
      
    ) dbt_internal_test
[0m22:23:24.839527 [debug] [Thread-1 (]: SQL status: OK in 0.610 seconds
[0m22:23:24.843108 [debug] [Thread-1 (]: Databricks adapter: Cursor(session-id=ed7402bf-e15f-41de-a056-b333ab1eba64, command-id=c1acce48-d5f4-46ac-956f-25a1f2b78ac5) - Closing
[0m22:23:24.844715 [info ] [Thread-1 (]: 4 of 7 PASS test_flyer_impressions_nonnegative ................................. [[32mPASS[0m in 0.62s]
[0m22:23:24.845471 [debug] [Thread-1 (]: Finished running node test.acap_demo.test_flyer_impressions_nonnegative
[0m22:23:24.845973 [debug] [Thread-1 (]: Began running node test.acap_demo.test_flyer_impressions_nonnegative_flyer_impressions_.c7b131bcd5
[0m22:23:24.846482 [info ] [Thread-1 (]: 5 of 7 START test test_flyer_impressions_nonnegative_flyer_impressions_ ........ [RUN]
[0m22:23:24.847107 [debug] [Thread-1 (]: Re-using an available connection from the pool (formerly test.acap_demo.test_flyer_impressions_nonnegative, now test.acap_demo.test_flyer_impressions_nonnegative_flyer_impressions_.c7b131bcd5)
[0m22:23:24.847544 [debug] [Thread-1 (]: Databricks adapter: DatabricksDBTConnection(session-id=ed7402bf-e15f-41de-a056-b333ab1eba64, name=test.acap_demo.test_flyer_impressions_nonnegative_flyer_impressions_.c7b131bcd5, idle-time=0.0030260086059570312s, language=sql, compute-name=) - Reusing connection previously named test.acap_demo.test_flyer_impressions_nonnegative
[0m22:23:24.847902 [debug] [Thread-1 (]: Began compiling node test.acap_demo.test_flyer_impressions_nonnegative_flyer_impressions_.c7b131bcd5
[0m22:23:24.860991 [debug] [Thread-1 (]: Compilation Error in test test_flyer_impressions_nonnegative_flyer_impressions_ (models/schema.yml)
  'test_test_flyer_impressions_nonnegative' is undefined. This can happen when calling a macro that does not exist. Check for typos and/or install package dependencies with "dbt deps".
[0m22:23:24.861520 [error] [Thread-1 (]: 5 of 7 ERROR test_flyer_impressions_nonnegative_flyer_impressions_ ............. [[31mERROR[0m in 0.01s]
[0m22:23:24.861954 [debug] [Thread-1 (]: Finished running node test.acap_demo.test_flyer_impressions_nonnegative_flyer_impressions_.c7b131bcd5
[0m22:23:24.862256 [debug] [Thread-1 (]: Began running node test.acap_demo.unique_my_first_dbt_model_id.16e066b321
[0m22:23:24.862610 [debug] [Thread-4 (]: Marking all children of 'test.acap_demo.test_flyer_impressions_nonnegative_flyer_impressions_.c7b131bcd5' to be skipped because of status 'error'.  Reason: Compilation Error in test test_flyer_impressions_nonnegative_flyer_impressions_ (models/schema.yml)
  'test_test_flyer_impressions_nonnegative' is undefined. This can happen when calling a macro that does not exist. Check for typos and/or install package dependencies with "dbt deps"..
[0m22:23:24.862891 [info ] [Thread-1 (]: 6 of 7 START test unique_my_first_dbt_model_id ................................. [RUN]
[0m22:23:24.863725 [debug] [Thread-1 (]: Re-using an available connection from the pool (formerly test.acap_demo.test_flyer_impressions_nonnegative_flyer_impressions_.c7b131bcd5, now test.acap_demo.unique_my_first_dbt_model_id.16e066b321)
[0m22:23:24.864047 [debug] [Thread-1 (]: Databricks adapter: DatabricksDBTConnection(session-id=ed7402bf-e15f-41de-a056-b333ab1eba64, name=test.acap_demo.unique_my_first_dbt_model_id.16e066b321, idle-time=0.0025920867919921875s, language=sql, compute-name=) - Reusing connection previously named test.acap_demo.test_flyer_impressions_nonnegative_flyer_impressions_.c7b131bcd5
[0m22:23:24.864300 [debug] [Thread-1 (]: Began compiling node test.acap_demo.unique_my_first_dbt_model_id.16e066b321
[0m22:23:24.869200 [debug] [Thread-1 (]: Writing injected SQL for node "test.acap_demo.unique_my_first_dbt_model_id.16e066b321"
[0m22:23:24.869735 [debug] [Thread-1 (]: Began executing node test.acap_demo.unique_my_first_dbt_model_id.16e066b321
[0m22:23:24.872062 [debug] [Thread-1 (]: Writing runtime sql for node "test.acap_demo.unique_my_first_dbt_model_id.16e066b321"
[0m22:23:24.872491 [debug] [Thread-1 (]: Using databricks connection "test.acap_demo.unique_my_first_dbt_model_id.16e066b321"
[0m22:23:24.872735 [debug] [Thread-1 (]: On test.acap_demo.unique_my_first_dbt_model_id.16e066b321: /* {"app": "dbt", "dbt_version": "1.10.4", "dbt_databricks_version": "1.10.4", "databricks_sql_connector_version": "4.0.5", "profile_name": "acap_demo", "target_name": "dev", "node_id": "test.acap_demo.unique_my_first_dbt_model_id.16e066b321"} */

    select
      count(*) as failures,
      count(*) != 0 as should_warn,
      count(*) != 0 as should_error
    from (
      
    
  
    
    

select
    id as unique_field,
    count(*) as n_records

from `flipp_data_sandbox`.`dbt_demo_dbt_westy`.`my_first_dbt_model`
where id is not null
group by id
having count(*) > 1



  
  
      
    ) dbt_internal_test
[0m22:23:25.583577 [debug] [Thread-1 (]: SQL status: OK in 0.710 seconds
[0m22:23:25.586050 [debug] [Thread-1 (]: Databricks adapter: Cursor(session-id=ed7402bf-e15f-41de-a056-b333ab1eba64, command-id=8086acfa-ea96-42f3-9855-20859bce86da) - Closing
[0m22:23:25.587017 [info ] [Thread-1 (]: 6 of 7 PASS unique_my_first_dbt_model_id ....................................... [[32mPASS[0m in 0.72s]
[0m22:23:25.587538 [debug] [Thread-1 (]: Finished running node test.acap_demo.unique_my_first_dbt_model_id.16e066b321
[0m22:23:25.587882 [debug] [Thread-1 (]: Began running node test.acap_demo.unique_my_second_dbt_model_id.57a0f8c493
[0m22:23:25.588274 [info ] [Thread-1 (]: 7 of 7 START test unique_my_second_dbt_model_id ................................ [RUN]
[0m22:23:25.588659 [debug] [Thread-1 (]: Re-using an available connection from the pool (formerly test.acap_demo.unique_my_first_dbt_model_id.16e066b321, now test.acap_demo.unique_my_second_dbt_model_id.57a0f8c493)
[0m22:23:25.588982 [debug] [Thread-1 (]: Databricks adapter: DatabricksDBTConnection(session-id=ed7402bf-e15f-41de-a056-b333ab1eba64, name=test.acap_demo.unique_my_second_dbt_model_id.57a0f8c493, idle-time=0.002062082290649414s, language=sql, compute-name=) - Reusing connection previously named test.acap_demo.unique_my_first_dbt_model_id.16e066b321
[0m22:23:25.589269 [debug] [Thread-1 (]: Began compiling node test.acap_demo.unique_my_second_dbt_model_id.57a0f8c493
[0m22:23:25.593080 [debug] [Thread-1 (]: Writing injected SQL for node "test.acap_demo.unique_my_second_dbt_model_id.57a0f8c493"
[0m22:23:25.593858 [debug] [Thread-1 (]: Began executing node test.acap_demo.unique_my_second_dbt_model_id.57a0f8c493
[0m22:23:25.596389 [debug] [Thread-1 (]: Writing runtime sql for node "test.acap_demo.unique_my_second_dbt_model_id.57a0f8c493"
[0m22:23:25.596819 [debug] [Thread-1 (]: Using databricks connection "test.acap_demo.unique_my_second_dbt_model_id.57a0f8c493"
[0m22:23:25.597085 [debug] [Thread-1 (]: On test.acap_demo.unique_my_second_dbt_model_id.57a0f8c493: /* {"app": "dbt", "dbt_version": "1.10.4", "dbt_databricks_version": "1.10.4", "databricks_sql_connector_version": "4.0.5", "profile_name": "acap_demo", "target_name": "dev", "node_id": "test.acap_demo.unique_my_second_dbt_model_id.57a0f8c493"} */

    select
      count(*) as failures,
      count(*) != 0 as should_warn,
      count(*) != 0 as should_error
    from (
      
    
  
    
    

select
    id as unique_field,
    count(*) as n_records

from `flipp_data_sandbox`.`dbt_demo_dbt_westy`.`my_second_dbt_model`
where id is not null
group by id
having count(*) > 1



  
  
      
    ) dbt_internal_test
[0m22:23:26.376562 [debug] [Thread-1 (]: SQL status: OK in 0.780 seconds
[0m22:23:26.380170 [debug] [Thread-1 (]: Databricks adapter: Cursor(session-id=ed7402bf-e15f-41de-a056-b333ab1eba64, command-id=79a65474-17b1-43b7-9976-2bc93fcac6dc) - Closing
[0m22:23:26.381563 [info ] [Thread-1 (]: 7 of 7 PASS unique_my_second_dbt_model_id ...................................... [[32mPASS[0m in 0.79s]
[0m22:23:26.382278 [debug] [Thread-1 (]: Finished running node test.acap_demo.unique_my_second_dbt_model_id.57a0f8c493
[0m22:23:26.384027 [debug] [MainThread]: Databricks adapter: DatabricksDBTConnection(session-id=None, name=master, idle-time=4.080778121948242s, language=None, compute-name=) - Reusing connection previously named master
[0m22:23:26.384587 [debug] [MainThread]: Connection 'master' was properly closed.
[0m22:23:26.385017 [debug] [MainThread]: Connection 'test.acap_demo.unique_my_second_dbt_model_id.57a0f8c493' was properly closed.
[0m22:23:26.385378 [debug] [MainThread]: On test.acap_demo.unique_my_second_dbt_model_id.57a0f8c493: Close
[0m22:23:26.385727 [debug] [MainThread]: Databricks adapter: Connection(session-id=ed7402bf-e15f-41de-a056-b333ab1eba64) - Closing
[0m22:23:26.542783 [info ] [MainThread]: 
[0m22:23:26.543942 [info ] [MainThread]: Finished running 7 data tests in 0 hours 0 minutes and 5.39 seconds (5.39s).
[0m22:23:26.545984 [debug] [MainThread]: Command end result
[0m22:23:26.583788 [debug] [MainThread]: Wrote artifact WritableManifest to /Users/Westy.Chen/Documents/dbt_poc/acap_demo/target/manifest.json
[0m22:23:26.585129 [debug] [MainThread]: Wrote artifact SemanticManifest to /Users/Westy.Chen/Documents/dbt_poc/acap_demo/target/semantic_manifest.json
[0m22:23:26.589344 [debug] [MainThread]: Wrote artifact RunExecutionResult to /Users/Westy.Chen/Documents/dbt_poc/acap_demo/target/run_results.json
[0m22:23:26.589532 [info ] [MainThread]: 
[0m22:23:26.589741 [info ] [MainThread]: [31mCompleted with 2 errors, 0 partial successes, and 0 warnings:[0m
[0m22:23:26.589908 [info ] [MainThread]: 
[0m22:23:26.590128 [error] [MainThread]: [31mFailure in test not_null_my_first_dbt_model_id (models/example/schema.yml)[0m
[0m22:23:26.590319 [error] [MainThread]:   Got 1 result, configured to fail if != 0
[0m22:23:26.590459 [info ] [MainThread]: 
[0m22:23:26.590633 [info ] [MainThread]:   compiled code at target/compiled/acap_demo/models/example/schema.yml/not_null_my_first_dbt_model_id.sql
[0m22:23:26.590782 [info ] [MainThread]: 
[0m22:23:26.590966 [error] [MainThread]: [31mFailure in test test_flyer_impressions_nonnegative_flyer_impressions_ (models/schema.yml)[0m
[0m22:23:26.591155 [error] [MainThread]:   Compilation Error in test test_flyer_impressions_nonnegative_flyer_impressions_ (models/schema.yml)
  'test_test_flyer_impressions_nonnegative' is undefined. This can happen when calling a macro that does not exist. Check for typos and/or install package dependencies with "dbt deps".
[0m22:23:26.591309 [info ] [MainThread]: 
[0m22:23:26.591480 [info ] [MainThread]: Done. PASS=5 WARN=0 ERROR=2 SKIP=0 NO-OP=0 TOTAL=7
[0m22:23:26.592910 [debug] [MainThread]: Resource report: {"command_name": "test", "command_success": false, "command_wall_clock_time": 6.655232, "process_in_blocks": "0", "process_kernel_time": 0.241821, "process_mem_max_rss": "244596736", "process_out_blocks": "0", "process_user_time": 1.5716}
[0m22:23:26.593150 [debug] [MainThread]: Command `dbt test` failed at 22:23:26.593106 after 6.66 seconds
[0m22:23:26.593347 [debug] [MainThread]: Sending event: {'category': 'dbt', 'action': 'invocation', 'label': 'end', 'context': [<snowplow_tracker.self_describing_json.SelfDescribingJson object at 0x104dedfd0>, <snowplow_tracker.self_describing_json.SelfDescribingJson object at 0x10b5e90d0>, <snowplow_tracker.self_describing_json.SelfDescribingJson object at 0x10b5e9180>]}
[0m22:23:26.593522 [debug] [MainThread]: Flushing usage events
[0m22:23:26.949502 [debug] [MainThread]: An error was encountered while trying to flush usage events
[0m22:25:28.726343 [debug] [MainThread]: Sending event: {'category': 'dbt', 'action': 'invocation', 'label': 'start', 'context': [<snowplow_tracker.self_describing_json.SelfDescribingJson object at 0x10543b380>, <snowplow_tracker.self_describing_json.SelfDescribingJson object at 0x10690f890>, <snowplow_tracker.self_describing_json.SelfDescribingJson object at 0x10690f9d0>]}


============================== 22:25:28.729757 | 9bd3bbf0-c031-4958-ae11-a0093bf4dae5 ==============================
[0m22:25:28.729757 [info ] [MainThread]: Running with dbt=1.10.4
[0m22:25:28.730016 [debug] [MainThread]: running dbt with arguments {'printer_width': '80', 'indirect_selection': 'eager', 'log_cache_events': 'False', 'write_json': 'True', 'partial_parse': 'True', 'cache_selected_only': 'False', 'profiles_dir': '/Users/Westy.Chen/.dbt', 'debug': 'False', 'version_check': 'True', 'log_path': '/Users/Westy.Chen/Documents/dbt_poc/acap_demo/logs', 'fail_fast': 'False', 'warn_error': 'None', 'use_colors': 'True', 'use_experimental_parser': 'False', 'no_print': 'None', 'quiet': 'False', 'empty': 'None', 'warn_error_options': 'WarnErrorOptionsV2(error=[], warn=[], silence=[])', 'introspect': 'True', 'static_parser': 'True', 'invocation_command': 'dbt test', 'target_path': 'None', 'log_format': 'default', 'send_anonymous_usage_stats': 'True'}
[0m22:25:29.121562 [debug] [MainThread]: Spark adapter: Setting pyhive.hive logging to ERROR
[0m22:25:29.121839 [debug] [MainThread]: Spark adapter: Setting thrift.transport logging to ERROR
[0m22:25:29.121975 [debug] [MainThread]: Spark adapter: Setting thrift.protocol logging to ERROR
[0m22:25:29.565585 [debug] [MainThread]: Sending event: {'category': 'dbt', 'action': 'project_id', 'label': '9bd3bbf0-c031-4958-ae11-a0093bf4dae5', 'context': [<snowplow_tracker.self_describing_json.SelfDescribingJson object at 0x105c2b490>]}
[0m22:25:29.589389 [debug] [MainThread]: Sending event: {'category': 'dbt', 'action': 'adapter_info', 'label': '9bd3bbf0-c031-4958-ae11-a0093bf4dae5', 'context': [<snowplow_tracker.self_describing_json.SelfDescribingJson object at 0x107b63130>]}
[0m22:25:29.589660 [info ] [MainThread]: Registered adapter: databricks=1.10.4
[0m22:25:29.650370 [debug] [MainThread]: checksum: 073cb5a296270136b24f9c040fdebd0642ef9c263903ef463bfe7e190c538da2, vars: {}, profile: , target: , version: 1.10.4
[0m22:25:29.740098 [debug] [MainThread]: Partial parsing enabled: 0 files deleted, 0 files added, 1 files changed.
[0m22:25:29.740376 [debug] [MainThread]: Partial parsing: updated file: acap_demo://tests/test_flyer_impressions_nonnegative.sql
[0m22:25:29.809022 [debug] [MainThread]: Sending event: {'category': 'dbt', 'action': 'load_project', 'label': '9bd3bbf0-c031-4958-ae11-a0093bf4dae5', 'context': [<snowplow_tracker.self_describing_json.SelfDescribingJson object at 0x10ca8db50>]}
[0m22:25:29.848567 [debug] [MainThread]: Wrote artifact WritableManifest to /Users/Westy.Chen/Documents/dbt_poc/acap_demo/target/manifest.json
[0m22:25:29.850291 [debug] [MainThread]: Wrote artifact SemanticManifest to /Users/Westy.Chen/Documents/dbt_poc/acap_demo/target/semantic_manifest.json
[0m22:25:29.866066 [debug] [MainThread]: Sending event: {'category': 'dbt', 'action': 'resource_counts', 'label': '9bd3bbf0-c031-4958-ae11-a0093bf4dae5', 'context': [<snowplow_tracker.self_describing_json.SelfDescribingJson object at 0x10cb35b80>]}
[0m22:25:29.866274 [info ] [MainThread]: Found 5 models, 7 data tests, 796 macros
[0m22:25:29.866417 [debug] [MainThread]: Sending event: {'category': 'dbt', 'action': 'runnable_timing', 'label': '9bd3bbf0-c031-4958-ae11-a0093bf4dae5', 'context': [<snowplow_tracker.self_describing_json.SelfDescribingJson object at 0x10cbdbe70>]}
[0m22:25:29.867222 [info ] [MainThread]: 
[0m22:25:29.867360 [info ] [MainThread]: Concurrency: 1 threads (target='dev')
[0m22:25:29.867468 [info ] [MainThread]: 
[0m22:25:29.867704 [debug] [MainThread]: Databricks adapter: DatabricksDBTConnection(session-id=None, name=master, idle-time=0s, language=None, compute-name=) - Creating connection
[0m22:25:29.867829 [debug] [MainThread]: Acquiring new databricks connection 'master'
[0m22:25:29.870389 [debug] [ThreadPool]: Databricks adapter: DatabricksDBTConnection(session-id=None, name=list_flipp_data_sandbox_dbt_demo_dbt_westy, idle-time=0s, language=None, compute-name=) - Creating connection
[0m22:25:29.870535 [debug] [ThreadPool]: Acquiring new databricks connection 'list_flipp_data_sandbox_dbt_demo_dbt_westy'
[0m22:25:29.875605 [debug] [ThreadPool]: Using databricks connection "list_flipp_data_sandbox_dbt_demo_dbt_westy"
[0m22:25:29.875807 [debug] [ThreadPool]: On list_flipp_data_sandbox_dbt_demo_dbt_westy: /* {"app": "dbt", "dbt_version": "1.10.4", "dbt_databricks_version": "1.10.4", "databricks_sql_connector_version": "4.0.5", "profile_name": "acap_demo", "target_name": "dev", "connection_name": "list_flipp_data_sandbox_dbt_demo_dbt_westy"} */

    
SELECT
  table_name,
  if(table_type IN ('EXTERNAL', 'MANAGED', 'MANAGED_SHALLOW_CLONE', 'EXTERNAL_SHALLOW_CLONE'), 'table', lower(table_type)) AS table_type,
  lower(data_source_format) AS file_format,
  table_owner
FROM `system`.`information_schema`.`tables`
WHERE table_catalog = 'flipp_data_sandbox' 
  AND table_schema = 'dbt_demo_dbt_westy'

  
[0m22:25:29.875936 [debug] [ThreadPool]: Opening a new connection, currently in state init
[0m22:25:30.315041 [debug] [ThreadPool]: Databricks adapter: Connection(session-id=b5f55b8d-4c6a-4376-b4eb-c0ed938ad215) - Created
[0m22:25:30.837329 [debug] [ThreadPool]: SQL status: OK in 0.960 seconds
[0m22:25:30.846162 [debug] [ThreadPool]: Databricks adapter: Cursor(session-id=b5f55b8d-4c6a-4376-b4eb-c0ed938ad215, command-id=aa69fc7c-01c4-49da-bec0-8f6e542dd890) - Closing
[0m22:25:30.847542 [debug] [MainThread]: Sending event: {'category': 'dbt', 'action': 'runnable_timing', 'label': '9bd3bbf0-c031-4958-ae11-a0093bf4dae5', 'context': [<snowplow_tracker.self_describing_json.SelfDescribingJson object at 0x10b01e0d0>]}
[0m22:25:30.849390 [debug] [Thread-1 (]: Began running node test.acap_demo.not_null_flyer_impressions_flyer_impressions.400c5660aa
[0m22:25:30.849683 [info ] [Thread-1 (]: 1 of 7 START test not_null_flyer_impressions_flyer_impressions ................. [RUN]
[0m22:25:30.849995 [debug] [Thread-1 (]: Re-using an available connection from the pool (formerly list_flipp_data_sandbox_dbt_demo_dbt_westy, now test.acap_demo.not_null_flyer_impressions_flyer_impressions.400c5660aa)
[0m22:25:30.850263 [debug] [Thread-1 (]: Databricks adapter: DatabricksDBTConnection(session-id=b5f55b8d-4c6a-4376-b4eb-c0ed938ad215, name=test.acap_demo.not_null_flyer_impressions_flyer_impressions.400c5660aa, idle-time=0.003462076187133789s, language=None, compute-name=) - Reusing connection previously named list_flipp_data_sandbox_dbt_demo_dbt_westy
[0m22:25:30.850497 [debug] [Thread-1 (]: Began compiling node test.acap_demo.not_null_flyer_impressions_flyer_impressions.400c5660aa
[0m22:25:30.861738 [debug] [Thread-1 (]: Writing injected SQL for node "test.acap_demo.not_null_flyer_impressions_flyer_impressions.400c5660aa"
[0m22:25:30.862156 [debug] [Thread-1 (]: Began executing node test.acap_demo.not_null_flyer_impressions_flyer_impressions.400c5660aa
[0m22:25:30.871467 [debug] [Thread-1 (]: Writing runtime sql for node "test.acap_demo.not_null_flyer_impressions_flyer_impressions.400c5660aa"
[0m22:25:30.871760 [debug] [Thread-1 (]: Using databricks connection "test.acap_demo.not_null_flyer_impressions_flyer_impressions.400c5660aa"
[0m22:25:30.871958 [debug] [Thread-1 (]: On test.acap_demo.not_null_flyer_impressions_flyer_impressions.400c5660aa: /* {"app": "dbt", "dbt_version": "1.10.4", "dbt_databricks_version": "1.10.4", "databricks_sql_connector_version": "4.0.5", "profile_name": "acap_demo", "target_name": "dev", "node_id": "test.acap_demo.not_null_flyer_impressions_flyer_impressions.400c5660aa"} */

    select
      count(*) as failures,
      count(*) != 0 as should_warn,
      count(*) != 0 as should_error
    from (
      
    
  
    
    



select flyer_impressions
from `flipp_data_sandbox`.`dbt_demo_dbt_westy`.`flyer_impressions`
where flyer_impressions is null



  
  
      
    ) dbt_internal_test
[0m22:25:31.400863 [debug] [Thread-1 (]: SQL status: OK in 0.530 seconds
[0m22:25:31.405995 [debug] [Thread-1 (]: Databricks adapter: Cursor(session-id=b5f55b8d-4c6a-4376-b4eb-c0ed938ad215, command-id=e0a6a7c5-0593-4597-a8d9-f9d7f0e250e7) - Closing
[0m22:25:31.410843 [info ] [Thread-1 (]: 1 of 7 PASS not_null_flyer_impressions_flyer_impressions ....................... [[32mPASS[0m in 0.56s]
[0m22:25:31.411599 [debug] [Thread-1 (]: Finished running node test.acap_demo.not_null_flyer_impressions_flyer_impressions.400c5660aa
[0m22:25:31.412026 [debug] [Thread-1 (]: Began running node test.acap_demo.not_null_my_first_dbt_model_id.5fb22c2710
[0m22:25:31.412526 [info ] [Thread-1 (]: 2 of 7 START test not_null_my_first_dbt_model_id ............................... [RUN]
[0m22:25:31.413073 [debug] [Thread-1 (]: Re-using an available connection from the pool (formerly test.acap_demo.not_null_flyer_impressions_flyer_impressions.400c5660aa, now test.acap_demo.not_null_my_first_dbt_model_id.5fb22c2710)
[0m22:25:31.413505 [debug] [Thread-1 (]: Databricks adapter: DatabricksDBTConnection(session-id=b5f55b8d-4c6a-4376-b4eb-c0ed938ad215, name=test.acap_demo.not_null_my_first_dbt_model_id.5fb22c2710, idle-time=0.0028312206268310547s, language=sql, compute-name=) - Reusing connection previously named test.acap_demo.not_null_flyer_impressions_flyer_impressions.400c5660aa
[0m22:25:31.413872 [debug] [Thread-1 (]: Began compiling node test.acap_demo.not_null_my_first_dbt_model_id.5fb22c2710
[0m22:25:31.418970 [debug] [Thread-1 (]: Writing injected SQL for node "test.acap_demo.not_null_my_first_dbt_model_id.5fb22c2710"
[0m22:25:31.419906 [debug] [Thread-1 (]: Began executing node test.acap_demo.not_null_my_first_dbt_model_id.5fb22c2710
[0m22:25:31.422128 [debug] [Thread-1 (]: Writing runtime sql for node "test.acap_demo.not_null_my_first_dbt_model_id.5fb22c2710"
[0m22:25:31.422591 [debug] [Thread-1 (]: Using databricks connection "test.acap_demo.not_null_my_first_dbt_model_id.5fb22c2710"
[0m22:25:31.422884 [debug] [Thread-1 (]: On test.acap_demo.not_null_my_first_dbt_model_id.5fb22c2710: /* {"app": "dbt", "dbt_version": "1.10.4", "dbt_databricks_version": "1.10.4", "databricks_sql_connector_version": "4.0.5", "profile_name": "acap_demo", "target_name": "dev", "node_id": "test.acap_demo.not_null_my_first_dbt_model_id.5fb22c2710"} */

    select
      count(*) as failures,
      count(*) != 0 as should_warn,
      count(*) != 0 as should_error
    from (
      
    
  
    
    



select id
from `flipp_data_sandbox`.`dbt_demo_dbt_westy`.`my_first_dbt_model`
where id is null



  
  
      
    ) dbt_internal_test
[0m22:25:31.918927 [debug] [Thread-1 (]: SQL status: OK in 0.500 seconds
[0m22:25:31.923191 [debug] [Thread-1 (]: Databricks adapter: Cursor(session-id=b5f55b8d-4c6a-4376-b4eb-c0ed938ad215, command-id=351cb136-b14a-418d-b241-b4aeb2765523) - Closing
[0m22:25:31.924710 [error] [Thread-1 (]: 2 of 7 FAIL 1 not_null_my_first_dbt_model_id ................................... [[31mFAIL 1[0m in 0.51s]
[0m22:25:31.925889 [debug] [Thread-1 (]: Finished running node test.acap_demo.not_null_my_first_dbt_model_id.5fb22c2710
[0m22:25:31.926477 [debug] [Thread-1 (]: Began running node test.acap_demo.not_null_my_second_dbt_model_id.151b76d778
[0m22:25:31.927353 [info ] [Thread-1 (]: 3 of 7 START test not_null_my_second_dbt_model_id .............................. [RUN]
[0m22:25:31.927955 [debug] [Thread-1 (]: Re-using an available connection from the pool (formerly test.acap_demo.not_null_my_first_dbt_model_id.5fb22c2710, now test.acap_demo.not_null_my_second_dbt_model_id.151b76d778)
[0m22:25:31.928383 [debug] [Thread-1 (]: Databricks adapter: DatabricksDBTConnection(session-id=b5f55b8d-4c6a-4376-b4eb-c0ed938ad215, name=test.acap_demo.not_null_my_second_dbt_model_id.151b76d778, idle-time=0.0038518905639648438s, language=sql, compute-name=) - Reusing connection previously named test.acap_demo.not_null_my_first_dbt_model_id.5fb22c2710
[0m22:25:31.928734 [debug] [Thread-1 (]: Began compiling node test.acap_demo.not_null_my_second_dbt_model_id.151b76d778
[0m22:25:31.935748 [debug] [Thread-1 (]: Writing injected SQL for node "test.acap_demo.not_null_my_second_dbt_model_id.151b76d778"
[0m22:25:31.936693 [debug] [Thread-1 (]: Began executing node test.acap_demo.not_null_my_second_dbt_model_id.151b76d778
[0m22:25:31.939457 [debug] [Thread-1 (]: Writing runtime sql for node "test.acap_demo.not_null_my_second_dbt_model_id.151b76d778"
[0m22:25:31.939967 [debug] [Thread-1 (]: Using databricks connection "test.acap_demo.not_null_my_second_dbt_model_id.151b76d778"
[0m22:25:31.940284 [debug] [Thread-1 (]: On test.acap_demo.not_null_my_second_dbt_model_id.151b76d778: /* {"app": "dbt", "dbt_version": "1.10.4", "dbt_databricks_version": "1.10.4", "databricks_sql_connector_version": "4.0.5", "profile_name": "acap_demo", "target_name": "dev", "node_id": "test.acap_demo.not_null_my_second_dbt_model_id.151b76d778"} */

    select
      count(*) as failures,
      count(*) != 0 as should_warn,
      count(*) != 0 as should_error
    from (
      
    
  
    
    



select id
from `flipp_data_sandbox`.`dbt_demo_dbt_westy`.`my_second_dbt_model`
where id is null



  
  
      
    ) dbt_internal_test
[0m22:25:32.504529 [debug] [Thread-1 (]: SQL status: OK in 0.560 seconds
[0m22:25:32.506942 [debug] [Thread-1 (]: Databricks adapter: Cursor(session-id=b5f55b8d-4c6a-4376-b4eb-c0ed938ad215, command-id=522ff31d-dce9-48fd-9280-d926d346ea29) - Closing
[0m22:25:32.507872 [info ] [Thread-1 (]: 3 of 7 PASS not_null_my_second_dbt_model_id .................................... [[32mPASS[0m in 0.58s]
[0m22:25:32.508392 [debug] [Thread-1 (]: Finished running node test.acap_demo.not_null_my_second_dbt_model_id.151b76d778
[0m22:25:32.508746 [debug] [Thread-1 (]: Began running node test.acap_demo.test_flyer_impressions_nonnegative
[0m22:25:32.509131 [info ] [Thread-1 (]: 4 of 7 START test test_flyer_impressions_nonnegative ........................... [RUN]
[0m22:25:32.509561 [debug] [Thread-1 (]: Re-using an available connection from the pool (formerly test.acap_demo.not_null_my_second_dbt_model_id.151b76d778, now test.acap_demo.test_flyer_impressions_nonnegative)
[0m22:25:32.509919 [debug] [Thread-1 (]: Databricks adapter: DatabricksDBTConnection(session-id=b5f55b8d-4c6a-4376-b4eb-c0ed938ad215, name=test.acap_demo.test_flyer_impressions_nonnegative, idle-time=0.002132892608642578s, language=sql, compute-name=) - Reusing connection previously named test.acap_demo.not_null_my_second_dbt_model_id.151b76d778
[0m22:25:32.510195 [debug] [Thread-1 (]: Began compiling node test.acap_demo.test_flyer_impressions_nonnegative
[0m22:25:32.513264 [debug] [Thread-1 (]: Writing injected SQL for node "test.acap_demo.test_flyer_impressions_nonnegative"
[0m22:25:32.513963 [debug] [Thread-1 (]: Began executing node test.acap_demo.test_flyer_impressions_nonnegative
[0m22:25:32.516659 [debug] [Thread-1 (]: Writing runtime sql for node "test.acap_demo.test_flyer_impressions_nonnegative"
[0m22:25:32.517180 [debug] [Thread-1 (]: Using databricks connection "test.acap_demo.test_flyer_impressions_nonnegative"
[0m22:25:32.517473 [debug] [Thread-1 (]: On test.acap_demo.test_flyer_impressions_nonnegative: /* {"app": "dbt", "dbt_version": "1.10.4", "dbt_databricks_version": "1.10.4", "databricks_sql_connector_version": "4.0.5", "profile_name": "acap_demo", "target_name": "dev", "node_id": "test.acap_demo.test_flyer_impressions_nonnegative"} */

    select
      count(*) as failures,
      count(*) != 0 as should_warn,
      count(*) != 0 as should_error
    from (
      
    
  -- tests/test_flyer_impressions_nonnegative.sql

-- SELECT *
-- FROM `flipp_data_sandbox`.`dbt_demo_dbt_westy`.`flyer_impressions`
-- WHERE flyer_impressions < 0

  
  
      
    ) dbt_internal_test
[0m22:25:32.757340 [debug] [Thread-1 (]: Databricks adapter: Exception while trying to execute query
/* {"app": "dbt", "dbt_version": "1.10.4", "dbt_databricks_version": "1.10.4", "databricks_sql_connector_version": "4.0.5", "profile_name": "acap_demo", "target_name": "dev", "node_id": "test.acap_demo.test_flyer_impressions_nonnegative"} */

    select
      count(*) as failures,
      count(*) != 0 as should_warn,
      count(*) != 0 as should_error
    from (
      
    
  -- tests/test_flyer_impressions_nonnegative.sql

-- SELECT *
-- FROM `flipp_data_sandbox`.`dbt_demo_dbt_westy`.`flyer_impressions`
-- WHERE flyer_impressions < 0

  
  
      
    ) dbt_internal_test
: 
[PARSE_SYNTAX_ERROR] Syntax error at or near ')'. SQLSTATE: 42601 (line 19, pos 4)

== SQL ==
/* {"app": "dbt", "dbt_version": "1.10.4", "dbt_databricks_version": "1.10.4", "databricks_sql_connector_version": "4.0.5", "profile_name": "acap_demo", "target_name": "dev", "node_id": "test.acap_demo.test_flyer_impressions_nonnegative"} */

    select
      count(*) as failures,
      count(*) != 0 as should_warn,
      count(*) != 0 as should_error
    from (
      
    
  -- tests/test_flyer_impressions_nonnegative.sql

-- SELECT *
-- FROM `flipp_data_sandbox`.`dbt_demo_dbt_westy`.`flyer_impressions`
-- WHERE flyer_impressions < 0

  
  
      
    ) dbt_internal_test
----^^^

Error properties: diagnostic-info=org.apache.hive.service.cli.HiveSQLException: Error running query: [PARSE_SYNTAX_ERROR] org.apache.spark.sql.catalyst.parser.ParseException: 
[PARSE_SYNTAX_ERROR] Syntax error at or near ')'. SQLSTATE: 42601 (line 19, pos 4)

== SQL ==
/* {"app": "dbt", "dbt_version": "1.10.4", "dbt_databricks_version": "1.10.4", "databricks_sql_connector_version": "4.0.5", "profile_name": "acap_demo", "target_name": "dev", "node_id": "test.acap_demo.test_flyer_impressions_nonnegative"} */

    select
      count(*) as failures,
      count(*) != 0 as should_warn,
      count(*) != 0 as should_error
    from (
      
    
  -- tests/test_flyer_impressions_nonnegative.sql

-- SELECT *
-- FROM `flipp_data_sandbox`.`dbt_demo_dbt_westy`.`flyer_impressions`
-- WHERE flyer_impressions < 0

  
  
      
    ) dbt_internal_test
----^^^

	at org.apache.spark.sql.hive.thriftserver.HiveThriftServerErrors$.runningQueryError(HiveThriftServerErrors.scala:49)
	at org.apache.spark.sql.hive.thriftserver.SparkExecuteStatementOperation.$anonfun$execute$1(SparkExecuteStatementOperation.scala:723)
	at scala.runtime.java8.JFunction0$mcV$sp.apply(JFunction0$mcV$sp.java:23)
	at com.databricks.unity.UCSEphemeralState$Handle.runWith(UCSEphemeralState.scala:45)
	at com.databricks.unity.HandleImpl.runWith(UCSHandle.scala:104)
	at org.apache.spark.sql.hive.thriftserver.SparkExecuteStatementOperation.org$apache$spark$sql$hive$thriftserver$SparkExecuteStatementOperation$$execute(SparkExecuteStatementOperation.scala:567)
	at org.apache.spark.sql.hive.thriftserver.SparkExecuteStatementOperation$$anon$2$$anon$3.$anonfun$run$2(SparkExecuteStatementOperation.scala:411)
	at scala.runtime.java8.JFunction0$mcV$sp.apply(JFunction0$mcV$sp.java:23)
	at com.databricks.logging.UsageLogging.withAttributionContext(UsageLogging.scala:420)
	at com.databricks.logging.UsageLogging.withAttributionContext$(UsageLogging.scala:418)
	at com.databricks.spark.util.PublicDBLogging.withAttributionContext(DatabricksSparkUsageLogger.scala:27)
	at com.databricks.logging.UsageLogging.withAttributionTags(UsageLogging.scala:472)
	at com.databricks.logging.UsageLogging.withAttributionTags$(UsageLogging.scala:455)
	at com.databricks.spark.util.PublicDBLogging.withAttributionTags(DatabricksSparkUsageLogger.scala:27)
	at com.databricks.spark.util.PublicDBLogging.withAttributionTags0(DatabricksSparkUsageLogger.scala:72)
	at com.databricks.spark.util.DatabricksSparkUsageLogger.withAttributionTags(DatabricksSparkUsageLogger.scala:173)
	at com.databricks.spark.util.UsageLogging.$anonfun$withAttributionTags$1(UsageLogger.scala:491)
	at com.databricks.spark.util.UsageLogging$.withAttributionTags(UsageLogger.scala:603)
	at com.databricks.spark.util.UsageLogging$.withAttributionTags(UsageLogger.scala:612)
	at com.databricks.spark.util.UsageLogging.withAttributionTags(UsageLogger.scala:491)
	at com.databricks.spark.util.UsageLogging.withAttributionTags$(UsageLogger.scala:489)
	at org.apache.spark.sql.hive.thriftserver.SparkExecuteStatementOperation.withAttributionTags(SparkExecuteStatementOperation.scala:68)
	at org.apache.spark.sql.hive.thriftserver.ThriftLocalProperties.$anonfun$withLocalProperties$12(ThriftLocalProperties.scala:234)
	at com.databricks.spark.util.IdentityClaim$.withClaim(IdentityClaim.scala:48)
	at org.apache.spark.sql.hive.thriftserver.ThriftLocalProperties.withLocalProperties(ThriftLocalProperties.scala:229)
	at org.apache.spark.sql.hive.thriftserver.ThriftLocalProperties.withLocalProperties$(ThriftLocalProperties.scala:89)
	at org.apache.spark.sql.hive.thriftserver.SparkExecuteStatementOperation.withLocalProperties(SparkExecuteStatementOperation.scala:68)
	at org.apache.spark.sql.hive.thriftserver.SparkExecuteStatementOperation$$anon$2$$anon$3.run(SparkExecuteStatementOperation.scala:389)
	at org.apache.spark.sql.hive.thriftserver.SparkExecuteStatementOperation$$anon$2$$anon$3.run(SparkExecuteStatementOperation.scala:375)
	at java.security.AccessController.doPrivileged(Native Method)
	at javax.security.auth.Subject.doAs(Subject.java:422)
	at org.apache.hadoop.security.UserGroupInformation.doAs(UserGroupInformation.java:1899)
	at org.apache.spark.sql.hive.thriftserver.SparkExecuteStatementOperation$$anon$2.run(SparkExecuteStatementOperation.scala:423)
	at java.util.concurrent.Executors$RunnableAdapter.call(Executors.java:511)
	at java.util.concurrent.FutureTask.run(FutureTask.java:266)
	at java.util.concurrent.ThreadPoolExecutor.runWorker(ThreadPoolExecutor.java:1149)
	at java.util.concurrent.ThreadPoolExecutor$Worker.run(ThreadPoolExecutor.java:624)
	at java.lang.Thread.run(Thread.java:750)
Caused by: org.apache.spark.sql.catalyst.parser.ParseException: 
[PARSE_SYNTAX_ERROR] Syntax error at or near ')'. SQLSTATE: 42601 (line 19, pos 4)

== SQL ==
/* {"app": "dbt", "dbt_version": "1.10.4", "dbt_databricks_version": "1.10.4", "databricks_sql_connector_version": "4.0.5", "profile_name": "acap_demo", "target_name": "dev", "node_id": "test.acap_demo.test_flyer_impressions_nonnegative"} */

    select
      count(*) as failures,
      count(*) != 0 as should_warn,
      count(*) != 0 as should_error
    from (
      
    
  -- tests/test_flyer_impressions_nonnegative.sql

-- SELECT *
-- FROM `flipp_data_sandbox`.`dbt_demo_dbt_westy`.`flyer_impressions`
-- WHERE flyer_impressions < 0

  
  
      
    ) dbt_internal_test
----^^^

	at org.apache.spark.sql.catalyst.parser.ParseException.withCommand(parsers.scala:301)
	at org.apache.spark.sql.catalyst.parser.AbstractParser.parse(parsers.scala:114)
	at org.apache.spark.sql.execution.SparkSqlParser.parse(SparkSqlParser.scala:122)
	at org.apache.spark.sql.catalyst.parser.AbstractSqlParser.parsePlan(AbstractSqlParser.scala:87)
	at com.databricks.sql.parser.DatabricksSqlParser.$anonfun$parsePlan$1(DatabricksSqlParser.scala:77)
	at com.databricks.sql.parser.DatabricksSqlParser.parse(DatabricksSqlParser.scala:98)
	at com.databricks.sql.parser.DatabricksSqlParser.parsePlan(DatabricksSqlParser.scala:74)
	at org.apache.spark.sql.hive.thriftserver.SparkExecuteStatementOperation.$anonfun$analyzeQuery$3(SparkExecuteStatementOperation.scala:535)
	at com.databricks.spark.util.FrameProfiler$.record(FrameProfiler.scala:94)
	at org.apache.spark.sql.catalyst.QueryPlanningTracker.measurePhase(QueryPlanningTracker.scala:396)
	at org.apache.spark.sql.hive.thriftserver.SparkExecuteStatementOperation.$anonfun$analyzeQuery$2(SparkExecuteStatementOperation.scala:532)
	at org.apache.spark.sql.SparkSession.withActive(SparkSession.scala:1175)
	at org.apache.spark.sql.hive.thriftserver.SparkExecuteStatementOperation.$anonfun$analyzeQuery$1(SparkExecuteStatementOperation.scala:530)
	at org.apache.spark.sql.hive.thriftserver.SparkExecuteStatementOperation.getOrCreateDF(SparkExecuteStatementOperation.scala:520)
	at org.apache.spark.sql.hive.thriftserver.SparkExecuteStatementOperation.analyzeQuery(SparkExecuteStatementOperation.scala:530)
	at org.apache.spark.sql.hive.thriftserver.SparkExecuteStatementOperation.$anonfun$execute$5(SparkExecuteStatementOperation.scala:603)
	at org.apache.spark.util.Utils$.timeTakenMs(Utils.scala:577)
	at org.apache.spark.sql.hive.thriftserver.SparkExecuteStatementOperation.$anonfun$execute$1(SparkExecuteStatementOperation.scala:603)
	... 36 more
, operation-id=ee9a7c76-f372-498f-9ae7-b21ce3813c6d
[0m22:25:32.772673 [debug] [Thread-1 (]: Database Error in test test_flyer_impressions_nonnegative (tests/test_flyer_impressions_nonnegative.sql)
  
  [PARSE_SYNTAX_ERROR] Syntax error at or near ')'. SQLSTATE: 42601 (line 19, pos 4)
  
  == SQL ==
  /* {"app": "dbt", "dbt_version": "1.10.4", "dbt_databricks_version": "1.10.4", "databricks_sql_connector_version": "4.0.5", "profile_name": "acap_demo", "target_name": "dev", "node_id": "test.acap_demo.test_flyer_impressions_nonnegative"} */
  
      select
        count(*) as failures,
        count(*) != 0 as should_warn,
        count(*) != 0 as should_error
      from (
        
      
    -- tests/test_flyer_impressions_nonnegative.sql
  
  -- SELECT *
  -- FROM `flipp_data_sandbox`.`dbt_demo_dbt_westy`.`flyer_impressions`
  -- WHERE flyer_impressions < 0
  
    
    
        
      ) dbt_internal_test
  ----^^^
  
  compiled code at target/run/acap_demo/tests/test_flyer_impressions_nonnegative.sql
[0m22:25:32.773298 [error] [Thread-1 (]: 4 of 7 ERROR test_flyer_impressions_nonnegative ................................ [[31mERROR[0m in 0.26s]
[0m22:25:32.773853 [debug] [Thread-1 (]: Finished running node test.acap_demo.test_flyer_impressions_nonnegative
[0m22:25:32.774206 [debug] [Thread-1 (]: Began running node test.acap_demo.test_flyer_impressions_nonnegative_flyer_impressions_.c7b131bcd5
[0m22:25:32.774667 [debug] [Thread-4 (]: Marking all children of 'test.acap_demo.test_flyer_impressions_nonnegative' to be skipped because of status 'error'.  Reason: Database Error in test test_flyer_impressions_nonnegative (tests/test_flyer_impressions_nonnegative.sql)
  
  [PARSE_SYNTAX_ERROR] Syntax error at or near ')'. SQLSTATE: 42601 (line 19, pos 4)
  
  == SQL ==
  /* {"app": "dbt", "dbt_version": "1.10.4", "dbt_databricks_version": "1.10.4", "databricks_sql_connector_version": "4.0.5", "profile_name": "acap_demo", "target_name": "dev", "node_id": "test.acap_demo.test_flyer_impressions_nonnegative"} */
  
      select
        count(*) as failures,
        count(*) != 0 as should_warn,
        count(*) != 0 as should_error
      from (
        
      
    -- tests/test_flyer_impressions_nonnegative.sql
  
  -- SELECT *
  -- FROM `flipp_data_sandbox`.`dbt_demo_dbt_westy`.`flyer_impressions`
  -- WHERE flyer_impressions < 0
  
    
    
        
      ) dbt_internal_test
  ----^^^
  
  compiled code at target/run/acap_demo/tests/test_flyer_impressions_nonnegative.sql.
[0m22:25:32.775061 [info ] [Thread-1 (]: 5 of 7 START test test_flyer_impressions_nonnegative_flyer_impressions_ ........ [RUN]
[0m22:25:32.776229 [debug] [Thread-1 (]: Re-using an available connection from the pool (formerly test.acap_demo.test_flyer_impressions_nonnegative, now test.acap_demo.test_flyer_impressions_nonnegative_flyer_impressions_.c7b131bcd5)
[0m22:25:32.776662 [debug] [Thread-1 (]: Databricks adapter: DatabricksDBTConnection(session-id=b5f55b8d-4c6a-4376-b4eb-c0ed938ad215, name=test.acap_demo.test_flyer_impressions_nonnegative_flyer_impressions_.c7b131bcd5, idle-time=0.0034170150756835938s, language=sql, compute-name=) - Reusing connection previously named test.acap_demo.test_flyer_impressions_nonnegative
[0m22:25:32.777006 [debug] [Thread-1 (]: Began compiling node test.acap_demo.test_flyer_impressions_nonnegative_flyer_impressions_.c7b131bcd5
[0m22:25:32.785285 [debug] [Thread-1 (]: Compilation Error in test test_flyer_impressions_nonnegative_flyer_impressions_ (models/schema.yml)
  'test_test_flyer_impressions_nonnegative' is undefined. This can happen when calling a macro that does not exist. Check for typos and/or install package dependencies with "dbt deps".
[0m22:25:32.785659 [error] [Thread-1 (]: 5 of 7 ERROR test_flyer_impressions_nonnegative_flyer_impressions_ ............. [[31mERROR[0m in 0.01s]
[0m22:25:32.785986 [debug] [Thread-1 (]: Finished running node test.acap_demo.test_flyer_impressions_nonnegative_flyer_impressions_.c7b131bcd5
[0m22:25:32.786229 [debug] [Thread-1 (]: Began running node test.acap_demo.unique_my_first_dbt_model_id.16e066b321
[0m22:25:32.786693 [debug] [Thread-4 (]: Marking all children of 'test.acap_demo.test_flyer_impressions_nonnegative_flyer_impressions_.c7b131bcd5' to be skipped because of status 'error'.  Reason: Compilation Error in test test_flyer_impressions_nonnegative_flyer_impressions_ (models/schema.yml)
  'test_test_flyer_impressions_nonnegative' is undefined. This can happen when calling a macro that does not exist. Check for typos and/or install package dependencies with "dbt deps"..
[0m22:25:32.786450 [info ] [Thread-1 (]: 6 of 7 START test unique_my_first_dbt_model_id ................................. [RUN]
[0m22:25:32.787114 [debug] [Thread-1 (]: Re-using an available connection from the pool (formerly test.acap_demo.test_flyer_impressions_nonnegative_flyer_impressions_.c7b131bcd5, now test.acap_demo.unique_my_first_dbt_model_id.16e066b321)
[0m22:25:32.787375 [debug] [Thread-1 (]: Databricks adapter: DatabricksDBTConnection(session-id=b5f55b8d-4c6a-4376-b4eb-c0ed938ad215, name=test.acap_demo.unique_my_first_dbt_model_id.16e066b321, idle-time=0.0017540454864501953s, language=sql, compute-name=) - Reusing connection previously named test.acap_demo.test_flyer_impressions_nonnegative_flyer_impressions_.c7b131bcd5
[0m22:25:32.787592 [debug] [Thread-1 (]: Began compiling node test.acap_demo.unique_my_first_dbt_model_id.16e066b321
[0m22:25:32.792504 [debug] [Thread-1 (]: Writing injected SQL for node "test.acap_demo.unique_my_first_dbt_model_id.16e066b321"
[0m22:25:32.792980 [debug] [Thread-1 (]: Began executing node test.acap_demo.unique_my_first_dbt_model_id.16e066b321
[0m22:25:32.794695 [debug] [Thread-1 (]: Writing runtime sql for node "test.acap_demo.unique_my_first_dbt_model_id.16e066b321"
[0m22:25:32.795027 [debug] [Thread-1 (]: Using databricks connection "test.acap_demo.unique_my_first_dbt_model_id.16e066b321"
[0m22:25:32.795265 [debug] [Thread-1 (]: On test.acap_demo.unique_my_first_dbt_model_id.16e066b321: /* {"app": "dbt", "dbt_version": "1.10.4", "dbt_databricks_version": "1.10.4", "databricks_sql_connector_version": "4.0.5", "profile_name": "acap_demo", "target_name": "dev", "node_id": "test.acap_demo.unique_my_first_dbt_model_id.16e066b321"} */

    select
      count(*) as failures,
      count(*) != 0 as should_warn,
      count(*) != 0 as should_error
    from (
      
    
  
    
    

select
    id as unique_field,
    count(*) as n_records

from `flipp_data_sandbox`.`dbt_demo_dbt_westy`.`my_first_dbt_model`
where id is not null
group by id
having count(*) > 1



  
  
      
    ) dbt_internal_test
[0m22:25:33.365576 [debug] [Thread-1 (]: SQL status: OK in 0.570 seconds
[0m22:25:33.367403 [debug] [Thread-1 (]: Databricks adapter: Cursor(session-id=b5f55b8d-4c6a-4376-b4eb-c0ed938ad215, command-id=d304aece-7fa7-45db-bcb8-a108d8ae00ad) - Closing
[0m22:25:33.368163 [info ] [Thread-1 (]: 6 of 7 PASS unique_my_first_dbt_model_id ....................................... [[32mPASS[0m in 0.58s]
[0m22:25:33.368601 [debug] [Thread-1 (]: Finished running node test.acap_demo.unique_my_first_dbt_model_id.16e066b321
[0m22:25:33.368900 [debug] [Thread-1 (]: Began running node test.acap_demo.unique_my_second_dbt_model_id.57a0f8c493
[0m22:25:33.369249 [info ] [Thread-1 (]: 7 of 7 START test unique_my_second_dbt_model_id ................................ [RUN]
[0m22:25:33.369649 [debug] [Thread-1 (]: Re-using an available connection from the pool (formerly test.acap_demo.unique_my_first_dbt_model_id.16e066b321, now test.acap_demo.unique_my_second_dbt_model_id.57a0f8c493)
[0m22:25:33.369968 [debug] [Thread-1 (]: Databricks adapter: DatabricksDBTConnection(session-id=b5f55b8d-4c6a-4376-b4eb-c0ed938ad215, name=test.acap_demo.unique_my_second_dbt_model_id.57a0f8c493, idle-time=0.0018780231475830078s, language=sql, compute-name=) - Reusing connection previously named test.acap_demo.unique_my_first_dbt_model_id.16e066b321
[0m22:25:33.370250 [debug] [Thread-1 (]: Began compiling node test.acap_demo.unique_my_second_dbt_model_id.57a0f8c493
[0m22:25:33.374211 [debug] [Thread-1 (]: Writing injected SQL for node "test.acap_demo.unique_my_second_dbt_model_id.57a0f8c493"
[0m22:25:33.374789 [debug] [Thread-1 (]: Began executing node test.acap_demo.unique_my_second_dbt_model_id.57a0f8c493
[0m22:25:33.376667 [debug] [Thread-1 (]: Writing runtime sql for node "test.acap_demo.unique_my_second_dbt_model_id.57a0f8c493"
[0m22:25:33.377062 [debug] [Thread-1 (]: Using databricks connection "test.acap_demo.unique_my_second_dbt_model_id.57a0f8c493"
[0m22:25:33.377319 [debug] [Thread-1 (]: On test.acap_demo.unique_my_second_dbt_model_id.57a0f8c493: /* {"app": "dbt", "dbt_version": "1.10.4", "dbt_databricks_version": "1.10.4", "databricks_sql_connector_version": "4.0.5", "profile_name": "acap_demo", "target_name": "dev", "node_id": "test.acap_demo.unique_my_second_dbt_model_id.57a0f8c493"} */

    select
      count(*) as failures,
      count(*) != 0 as should_warn,
      count(*) != 0 as should_error
    from (
      
    
  
    
    

select
    id as unique_field,
    count(*) as n_records

from `flipp_data_sandbox`.`dbt_demo_dbt_westy`.`my_second_dbt_model`
where id is not null
group by id
having count(*) > 1



  
  
      
    ) dbt_internal_test
[0m22:25:34.094733 [debug] [Thread-1 (]: SQL status: OK in 0.720 seconds
[0m22:25:34.098468 [debug] [Thread-1 (]: Databricks adapter: Cursor(session-id=b5f55b8d-4c6a-4376-b4eb-c0ed938ad215, command-id=7b4999a0-e399-434e-ac99-d40089caefdd) - Closing
[0m22:25:34.099881 [info ] [Thread-1 (]: 7 of 7 PASS unique_my_second_dbt_model_id ...................................... [[32mPASS[0m in 0.73s]
[0m22:25:34.100623 [debug] [Thread-1 (]: Finished running node test.acap_demo.unique_my_second_dbt_model_id.57a0f8c493
[0m22:25:34.102614 [debug] [MainThread]: Databricks adapter: DatabricksDBTConnection(session-id=None, name=master, idle-time=3.2546639442443848s, language=None, compute-name=) - Reusing connection previously named master
[0m22:25:34.103106 [debug] [MainThread]: Connection 'master' was properly closed.
[0m22:25:34.103397 [debug] [MainThread]: Connection 'test.acap_demo.unique_my_second_dbt_model_id.57a0f8c493' was properly closed.
[0m22:25:34.103682 [debug] [MainThread]: On test.acap_demo.unique_my_second_dbt_model_id.57a0f8c493: Close
[0m22:25:34.104114 [debug] [MainThread]: Databricks adapter: Connection(session-id=b5f55b8d-4c6a-4376-b4eb-c0ed938ad215) - Closing
[0m22:25:34.260876 [info ] [MainThread]: 
[0m22:25:34.262088 [info ] [MainThread]: Finished running 7 data tests in 0 hours 0 minutes and 4.39 seconds (4.39s).
[0m22:25:34.264836 [debug] [MainThread]: Command end result
[0m22:25:34.304111 [debug] [MainThread]: Wrote artifact WritableManifest to /Users/Westy.Chen/Documents/dbt_poc/acap_demo/target/manifest.json
[0m22:25:34.305170 [debug] [MainThread]: Wrote artifact SemanticManifest to /Users/Westy.Chen/Documents/dbt_poc/acap_demo/target/semantic_manifest.json
[0m22:25:34.308988 [debug] [MainThread]: Wrote artifact RunExecutionResult to /Users/Westy.Chen/Documents/dbt_poc/acap_demo/target/run_results.json
[0m22:25:34.309161 [info ] [MainThread]: 
[0m22:25:34.309346 [info ] [MainThread]: [31mCompleted with 3 errors, 0 partial successes, and 0 warnings:[0m
[0m22:25:34.309498 [info ] [MainThread]: 
[0m22:25:34.309680 [error] [MainThread]: [31mFailure in test not_null_my_first_dbt_model_id (models/example/schema.yml)[0m
[0m22:25:34.309847 [error] [MainThread]:   Got 1 result, configured to fail if != 0
[0m22:25:34.309971 [info ] [MainThread]: 
[0m22:25:34.310124 [info ] [MainThread]:   compiled code at target/compiled/acap_demo/models/example/schema.yml/not_null_my_first_dbt_model_id.sql
[0m22:25:34.310258 [info ] [MainThread]: 
[0m22:25:34.310423 [error] [MainThread]: [31mFailure in test test_flyer_impressions_nonnegative (tests/test_flyer_impressions_nonnegative.sql)[0m
[0m22:25:34.310607 [error] [MainThread]:   Database Error in test test_flyer_impressions_nonnegative (tests/test_flyer_impressions_nonnegative.sql)
  
  [PARSE_SYNTAX_ERROR] Syntax error at or near ')'. SQLSTATE: 42601 (line 19, pos 4)
  
  == SQL ==
  /* {"app": "dbt", "dbt_version": "1.10.4", "dbt_databricks_version": "1.10.4", "databricks_sql_connector_version": "4.0.5", "profile_name": "acap_demo", "target_name": "dev", "node_id": "test.acap_demo.test_flyer_impressions_nonnegative"} */
  
      select
        count(*) as failures,
        count(*) != 0 as should_warn,
        count(*) != 0 as should_error
      from (
        
      
    -- tests/test_flyer_impressions_nonnegative.sql
  
  -- SELECT *
  -- FROM `flipp_data_sandbox`.`dbt_demo_dbt_westy`.`flyer_impressions`
  -- WHERE flyer_impressions < 0
  
    
    
        
      ) dbt_internal_test
  ----^^^
  
  compiled code at target/run/acap_demo/tests/test_flyer_impressions_nonnegative.sql
[0m22:25:34.310757 [info ] [MainThread]: 
[0m22:25:34.310906 [info ] [MainThread]:   compiled code at target/compiled/acap_demo/tests/test_flyer_impressions_nonnegative.sql
[0m22:25:34.311032 [info ] [MainThread]: 
[0m22:25:34.311192 [error] [MainThread]: [31mFailure in test test_flyer_impressions_nonnegative_flyer_impressions_ (models/schema.yml)[0m
[0m22:25:34.311355 [error] [MainThread]:   Compilation Error in test test_flyer_impressions_nonnegative_flyer_impressions_ (models/schema.yml)
  'test_test_flyer_impressions_nonnegative' is undefined. This can happen when calling a macro that does not exist. Check for typos and/or install package dependencies with "dbt deps".
[0m22:25:34.311488 [info ] [MainThread]: 
[0m22:25:34.311634 [info ] [MainThread]: Done. PASS=4 WARN=0 ERROR=3 SKIP=0 NO-OP=0 TOTAL=7
[0m22:25:34.313111 [debug] [MainThread]: Resource report: {"command_name": "test", "command_success": false, "command_wall_clock_time": 5.6165285, "process_in_blocks": "0", "process_kernel_time": 0.252417, "process_mem_max_rss": "240795648", "process_out_blocks": "0", "process_user_time": 1.495252}
[0m22:25:34.313344 [debug] [MainThread]: Command `dbt test` failed at 22:25:34.313299 after 5.62 seconds
[0m22:25:34.313531 [debug] [MainThread]: Sending event: {'category': 'dbt', 'action': 'invocation', 'label': 'end', 'context': [<snowplow_tracker.self_describing_json.SelfDescribingJson object at 0x106761fd0>, <snowplow_tracker.self_describing_json.SelfDescribingJson object at 0x10cd17490>, <snowplow_tracker.self_describing_json.SelfDescribingJson object at 0x10cd16a40>]}
[0m22:25:34.313699 [debug] [MainThread]: Flushing usage events
[0m22:25:34.604910 [debug] [MainThread]: An error was encountered while trying to flush usage events
[0m22:25:48.448075 [debug] [MainThread]: Sending event: {'category': 'dbt', 'action': 'invocation', 'label': 'start', 'context': [<snowplow_tracker.self_describing_json.SelfDescribingJson object at 0x107ac7380>, <snowplow_tracker.self_describing_json.SelfDescribingJson object at 0x10930b890>, <snowplow_tracker.self_describing_json.SelfDescribingJson object at 0x10930b9d0>]}


============================== 22:25:48.450665 | 7dd5a8d4-8f0a-45b5-a9c2-f09c6b45f4eb ==============================
[0m22:25:48.450665 [info ] [MainThread]: Running with dbt=1.10.4
[0m22:25:48.450916 [debug] [MainThread]: running dbt with arguments {'printer_width': '80', 'indirect_selection': 'eager', 'log_cache_events': 'False', 'write_json': 'True', 'partial_parse': 'True', 'cache_selected_only': 'False', 'profiles_dir': '/Users/Westy.Chen/.dbt', 'fail_fast': 'False', 'debug': 'False', 'log_path': '/Users/Westy.Chen/Documents/dbt_poc/acap_demo/logs', 'warn_error': 'None', 'version_check': 'True', 'use_colors': 'True', 'use_experimental_parser': 'False', 'empty': 'None', 'quiet': 'False', 'no_print': 'None', 'log_format': 'default', 'static_parser': 'True', 'invocation_command': 'dbt deps', 'warn_error_options': 'WarnErrorOptionsV2(error=[], warn=[], silence=[])', 'target_path': 'None', 'introspect': 'True', 'send_anonymous_usage_stats': 'True'}
[0m22:25:48.502013 [debug] [MainThread]: Sending event: {'category': 'dbt', 'action': 'project_id', 'label': '7dd5a8d4-8f0a-45b5-a9c2-f09c6b45f4eb', 'context': [<snowplow_tracker.self_describing_json.SelfDescribingJson object at 0x108227490>]}
[0m22:25:48.530794 [debug] [MainThread]: Set downloads directory='/var/folders/qm/_b29jkx57xd8rmrv6p_4snxc0000gp/T/dbt-downloads-qbx6_q_s'
[0m22:25:48.530990 [debug] [MainThread]: Making package index registry request: GET https://hub.getdbt.com/api/v1/index.json
[0m22:25:48.730081 [debug] [MainThread]: Response from registry index: GET https://hub.getdbt.com/api/v1/index.json 200
[0m22:25:48.731684 [debug] [MainThread]: Making package registry request: GET https://hub.getdbt.com/api/v1/dbt-labs/dbt_utils.json
[0m22:25:48.901207 [debug] [MainThread]: Response from registry: GET https://hub.getdbt.com/api/v1/dbt-labs/dbt_utils.json 200
[0m22:25:48.908012 [info ] [MainThread]: Installing dbt-labs/dbt_utils
[0m22:25:49.309875 [info ] [MainThread]: Installed from version 1.1.1
[0m22:25:49.310131 [info ] [MainThread]: Updated version available: 1.3.0
[0m22:25:49.310333 [debug] [MainThread]: Sending event: {'category': 'dbt', 'action': 'package', 'label': '7dd5a8d4-8f0a-45b5-a9c2-f09c6b45f4eb', 'property_': 'install', 'context': [<snowplow_tracker.self_describing_json.SelfDescribingJson object at 0x1090b69c0>, <snowplow_tracker.self_describing_json.SelfDescribingJson object at 0x1090b6030>]}
[0m22:25:49.310544 [info ] [MainThread]: 
[0m22:25:49.310693 [info ] [MainThread]: Updates available for packages: ['dbt-labs/dbt_utils']                 
Update your versions in packages.yml, then run dbt deps
[0m22:25:49.312084 [debug] [MainThread]: Resource report: {"command_name": "deps", "command_success": true, "command_wall_clock_time": 0.8906253, "process_in_blocks": "0", "process_kernel_time": 0.150248, "process_mem_max_rss": "111558656", "process_out_blocks": "0", "process_user_time": 0.608965}
[0m22:25:49.312316 [debug] [MainThread]: Command `dbt deps` succeeded at 22:25:49.312269 after 0.89 seconds
[0m22:25:49.312489 [debug] [MainThread]: Sending event: {'category': 'dbt', 'action': 'invocation', 'label': 'end', 'context': [<snowplow_tracker.self_describing_json.SelfDescribingJson object at 0x1094dde50>, <snowplow_tracker.self_describing_json.SelfDescribingJson object at 0x109096120>, <snowplow_tracker.self_describing_json.SelfDescribingJson object at 0x1093d74d0>]}
[0m22:25:49.312646 [debug] [MainThread]: Flushing usage events
[0m22:25:49.592854 [debug] [MainThread]: An error was encountered while trying to flush usage events
[0m22:26:05.981563 [debug] [MainThread]: Sending event: {'category': 'dbt', 'action': 'invocation', 'label': 'start', 'context': [<snowplow_tracker.self_describing_json.SelfDescribingJson object at 0x105fbf380>, <snowplow_tracker.self_describing_json.SelfDescribingJson object at 0x107497890>, <snowplow_tracker.self_describing_json.SelfDescribingJson object at 0x1074979d0>]}


============================== 22:26:05.984360 | dde4535b-34d5-4e60-8b31-a690e814b459 ==============================
[0m22:26:05.984360 [info ] [MainThread]: Running with dbt=1.10.4
[0m22:26:05.984614 [debug] [MainThread]: running dbt with arguments {'printer_width': '80', 'indirect_selection': 'eager', 'log_cache_events': 'False', 'write_json': 'True', 'partial_parse': 'True', 'cache_selected_only': 'False', 'profiles_dir': '/Users/Westy.Chen/.dbt', 'fail_fast': 'False', 'warn_error': 'None', 'log_path': '/Users/Westy.Chen/Documents/dbt_poc/acap_demo/logs', 'debug': 'False', 'version_check': 'True', 'use_colors': 'True', 'use_experimental_parser': 'False', 'empty': 'None', 'quiet': 'False', 'no_print': 'None', 'warn_error_options': 'WarnErrorOptionsV2(error=[], warn=[], silence=[])', 'introspect': 'True', 'log_format': 'default', 'invocation_command': 'dbt ls --resource-type test', 'target_path': 'None', 'static_parser': 'True', 'send_anonymous_usage_stats': 'True'}
[0m22:26:06.350719 [debug] [MainThread]: Spark adapter: Setting pyhive.hive logging to ERROR
[0m22:26:06.350957 [debug] [MainThread]: Spark adapter: Setting thrift.transport logging to ERROR
[0m22:26:06.351100 [debug] [MainThread]: Spark adapter: Setting thrift.protocol logging to ERROR
[0m22:26:06.828554 [debug] [MainThread]: Sending event: {'category': 'dbt', 'action': 'project_id', 'label': 'dde4535b-34d5-4e60-8b31-a690e814b459', 'context': [<snowplow_tracker.self_describing_json.SelfDescribingJson object at 0x1067af490>]}
[0m22:26:06.852873 [debug] [MainThread]: Sending event: {'category': 'dbt', 'action': 'adapter_info', 'label': 'dde4535b-34d5-4e60-8b31-a690e814b459', 'context': [<snowplow_tracker.self_describing_json.SelfDescribingJson object at 0x1086e3240>]}
[0m22:26:06.853157 [info ] [MainThread]: Registered adapter: databricks=1.10.4
[0m22:26:06.913512 [debug] [MainThread]: checksum: 073cb5a296270136b24f9c040fdebd0642ef9c263903ef463bfe7e190c538da2, vars: {}, profile: , target: , version: 1.10.4
[0m22:26:07.004352 [debug] [MainThread]: Partial parsing enabled: 0 files deleted, 0 files added, 0 files changed.
[0m22:26:07.004547 [debug] [MainThread]: Partial parsing enabled, no changes found, skipping parsing
[0m22:26:07.023234 [debug] [MainThread]: Sending event: {'category': 'dbt', 'action': 'load_project', 'label': 'dde4535b-34d5-4e60-8b31-a690e814b459', 'context': [<snowplow_tracker.self_describing_json.SelfDescribingJson object at 0x10d61ca50>]}
[0m22:26:07.064503 [debug] [MainThread]: Wrote artifact WritableManifest to /Users/Westy.Chen/Documents/dbt_poc/acap_demo/target/manifest.json
[0m22:26:07.065632 [debug] [MainThread]: Wrote artifact SemanticManifest to /Users/Westy.Chen/Documents/dbt_poc/acap_demo/target/semantic_manifest.json
[0m22:26:07.075117 [debug] [MainThread]: Sending event: {'category': 'dbt', 'action': 'resource_counts', 'label': 'dde4535b-34d5-4e60-8b31-a690e814b459', 'context': [<snowplow_tracker.self_describing_json.SelfDescribingJson object at 0x10d189f40>]}
[0m22:26:07.075295 [info ] [MainThread]: Found 5 models, 7 data tests, 796 macros
[0m22:26:07.075435 [debug] [MainThread]: Sending event: {'category': 'dbt', 'action': 'runnable_timing', 'label': 'dde4535b-34d5-4e60-8b31-a690e814b459', 'context': [<snowplow_tracker.self_describing_json.SelfDescribingJson object at 0x10d617d90>]}
[0m22:26:07.075815 [info ] [MainThread]: acap_demo.not_null_flyer_impressions_flyer_impressions
[0m22:26:07.075939 [info ] [MainThread]: acap_demo.example.not_null_my_first_dbt_model_id
[0m22:26:07.076042 [info ] [MainThread]: acap_demo.example.not_null_my_second_dbt_model_id
[0m22:26:07.076140 [info ] [MainThread]: acap_demo.test_flyer_impressions_nonnegative
[0m22:26:07.076238 [info ] [MainThread]: acap_demo.test_flyer_impressions_nonnegative_flyer_impressions_
[0m22:26:07.076334 [info ] [MainThread]: acap_demo.example.unique_my_first_dbt_model_id
[0m22:26:07.076428 [info ] [MainThread]: acap_demo.example.unique_my_second_dbt_model_id
[0m22:26:07.077490 [debug] [MainThread]: Resource report: {"command_name": "list", "command_success": true, "command_wall_clock_time": 1.1228219, "process_in_blocks": "0", "process_kernel_time": 0.211402, "process_mem_max_rss": "227295232", "process_out_blocks": "0", "process_user_time": 1.200741}
[0m22:26:07.077775 [debug] [MainThread]: Command `dbt ls` succeeded at 22:26:07.077726 after 1.12 seconds
[0m22:26:07.077938 [debug] [MainThread]: Sending event: {'category': 'dbt', 'action': 'invocation', 'label': 'end', 'context': [<snowplow_tracker.self_describing_json.SelfDescribingJson object at 0x10d6a7d40>, <snowplow_tracker.self_describing_json.SelfDescribingJson object at 0x1072e5fd0>, <snowplow_tracker.self_describing_json.SelfDescribingJson object at 0x10d778f50>]}
[0m22:26:07.078080 [debug] [MainThread]: Flushing usage events
[0m22:26:07.419641 [debug] [MainThread]: An error was encountered while trying to flush usage events
[0m22:26:45.931954 [debug] [MainThread]: Sending event: {'category': 'dbt', 'action': 'invocation', 'label': 'start', 'context': [<snowplow_tracker.self_describing_json.SelfDescribingJson object at 0x103743380>, <snowplow_tracker.self_describing_json.SelfDescribingJson object at 0x104c1b890>, <snowplow_tracker.self_describing_json.SelfDescribingJson object at 0x104c1b9d0>]}


============================== 22:26:45.934628 | 96bdcf95-8901-4c26-b094-ac61e6450135 ==============================
[0m22:26:45.934628 [info ] [MainThread]: Running with dbt=1.10.4
[0m22:26:45.934891 [debug] [MainThread]: running dbt with arguments {'printer_width': '80', 'indirect_selection': 'eager', 'write_json': 'True', 'log_cache_events': 'False', 'partial_parse': 'True', 'cache_selected_only': 'False', 'profiles_dir': '/Users/Westy.Chen/.dbt', 'version_check': 'True', 'debug': 'False', 'log_path': '/Users/Westy.Chen/Documents/dbt_poc/acap_demo/logs', 'fail_fast': 'False', 'warn_error': 'None', 'use_colors': 'True', 'use_experimental_parser': 'False', 'empty': 'None', 'quiet': 'False', 'no_print': 'None', 'log_format': 'default', 'static_parser': 'True', 'warn_error_options': 'WarnErrorOptionsV2(error=[], warn=[], silence=[])', 'introspect': 'True', 'target_path': 'None', 'invocation_command': 'dbt ls --resource-type test', 'send_anonymous_usage_stats': 'True'}
[0m22:26:46.302497 [debug] [MainThread]: Spark adapter: Setting pyhive.hive logging to ERROR
[0m22:26:46.302739 [debug] [MainThread]: Spark adapter: Setting thrift.transport logging to ERROR
[0m22:26:46.302862 [debug] [MainThread]: Spark adapter: Setting thrift.protocol logging to ERROR
[0m22:26:46.723887 [debug] [MainThread]: Sending event: {'category': 'dbt', 'action': 'project_id', 'label': '96bdcf95-8901-4c26-b094-ac61e6450135', 'context': [<snowplow_tracker.self_describing_json.SelfDescribingJson object at 0x103f33490>]}
[0m22:26:46.748238 [debug] [MainThread]: Sending event: {'category': 'dbt', 'action': 'adapter_info', 'label': '96bdcf95-8901-4c26-b094-ac61e6450135', 'context': [<snowplow_tracker.self_describing_json.SelfDescribingJson object at 0x105e6f240>]}
[0m22:26:46.748511 [info ] [MainThread]: Registered adapter: databricks=1.10.4
[0m22:26:46.808991 [debug] [MainThread]: checksum: 073cb5a296270136b24f9c040fdebd0642ef9c263903ef463bfe7e190c538da2, vars: {}, profile: , target: , version: 1.10.4
[0m22:26:46.896884 [debug] [MainThread]: Partial parsing enabled: 0 files deleted, 0 files added, 1 files changed.
[0m22:26:46.897164 [debug] [MainThread]: Partial parsing: updated file: acap_demo://tests/test_flyer_impressions_nonnegative.sql
[0m22:26:46.965258 [debug] [MainThread]: Sending event: {'category': 'dbt', 'action': 'load_project', 'label': '96bdcf95-8901-4c26-b094-ac61e6450135', 'context': [<snowplow_tracker.self_describing_json.SelfDescribingJson object at 0x135efdc50>]}
[0m22:26:47.004529 [debug] [MainThread]: Wrote artifact WritableManifest to /Users/Westy.Chen/Documents/dbt_poc/acap_demo/target/manifest.json
[0m22:26:47.005746 [debug] [MainThread]: Wrote artifact SemanticManifest to /Users/Westy.Chen/Documents/dbt_poc/acap_demo/target/semantic_manifest.json
[0m22:26:47.014860 [debug] [MainThread]: Sending event: {'category': 'dbt', 'action': 'resource_counts', 'label': '96bdcf95-8901-4c26-b094-ac61e6450135', 'context': [<snowplow_tracker.self_describing_json.SelfDescribingJson object at 0x135a69f40>]}
[0m22:26:47.015038 [info ] [MainThread]: Found 5 models, 7 data tests, 796 macros
[0m22:26:47.015173 [debug] [MainThread]: Sending event: {'category': 'dbt', 'action': 'runnable_timing', 'label': '96bdcf95-8901-4c26-b094-ac61e6450135', 'context': [<snowplow_tracker.self_describing_json.SelfDescribingJson object at 0x1360af310>]}
[0m22:26:47.015551 [info ] [MainThread]: acap_demo.not_null_flyer_impressions_flyer_impressions
[0m22:26:47.015679 [info ] [MainThread]: acap_demo.example.not_null_my_first_dbt_model_id
[0m22:26:47.015784 [info ] [MainThread]: acap_demo.example.not_null_my_second_dbt_model_id
[0m22:26:47.015884 [info ] [MainThread]: acap_demo.test_flyer_impressions_nonnegative
[0m22:26:47.015984 [info ] [MainThread]: acap_demo.test_flyer_impressions_nonnegative_flyer_impressions_
[0m22:26:47.016080 [info ] [MainThread]: acap_demo.example.unique_my_first_dbt_model_id
[0m22:26:47.016177 [info ] [MainThread]: acap_demo.example.unique_my_second_dbt_model_id
[0m22:26:47.017220 [debug] [MainThread]: Resource report: {"command_name": "list", "command_success": true, "command_wall_clock_time": 1.1125133, "process_in_blocks": "0", "process_kernel_time": 0.209517, "process_mem_max_rss": "229195776", "process_out_blocks": "0", "process_user_time": 1.238009}
[0m22:26:47.017456 [debug] [MainThread]: Command `dbt ls` succeeded at 22:26:47.017420 after 1.11 seconds
[0m22:26:47.017595 [debug] [MainThread]: Sending event: {'category': 'dbt', 'action': 'invocation', 'label': 'end', 'context': [<snowplow_tracker.self_describing_json.SelfDescribingJson object at 0x135a17a00>, <snowplow_tracker.self_describing_json.SelfDescribingJson object at 0x104a69fd0>, <snowplow_tracker.self_describing_json.SelfDescribingJson object at 0x135dbd910>]}
[0m22:26:47.017711 [debug] [MainThread]: Flushing usage events
[0m22:26:47.420846 [debug] [MainThread]: An error was encountered while trying to flush usage events
[0m22:28:05.614779 [debug] [MainThread]: Sending event: {'category': 'dbt', 'action': 'invocation', 'label': 'start', 'context': [<snowplow_tracker.self_describing_json.SelfDescribingJson object at 0x103edb380>, <snowplow_tracker.self_describing_json.SelfDescribingJson object at 0x1053af890>, <snowplow_tracker.self_describing_json.SelfDescribingJson object at 0x1053af9d0>]}


============================== 22:28:05.617618 | 082d67b9-69ee-47e4-86e6-fb084a528a0d ==============================
[0m22:28:05.617618 [info ] [MainThread]: Running with dbt=1.10.4
[0m22:28:05.617877 [debug] [MainThread]: running dbt with arguments {'printer_width': '80', 'indirect_selection': 'eager', 'log_cache_events': 'False', 'write_json': 'True', 'partial_parse': 'True', 'cache_selected_only': 'False', 'warn_error': 'None', 'fail_fast': 'False', 'version_check': 'True', 'log_path': '/Users/Westy.Chen/Documents/dbt_poc/acap_demo/logs', 'profiles_dir': '/Users/Westy.Chen/.dbt', 'debug': 'False', 'use_colors': 'True', 'use_experimental_parser': 'False', 'no_print': 'None', 'quiet': 'False', 'empty': 'None', 'warn_error_options': 'WarnErrorOptionsV2(error=[], warn=[], silence=[])', 'introspect': 'True', 'invocation_command': 'dbt test', 'static_parser': 'True', 'target_path': 'None', 'log_format': 'default', 'send_anonymous_usage_stats': 'True'}
[0m22:28:05.988463 [debug] [MainThread]: Spark adapter: Setting pyhive.hive logging to ERROR
[0m22:28:05.988687 [debug] [MainThread]: Spark adapter: Setting thrift.transport logging to ERROR
[0m22:28:05.988808 [debug] [MainThread]: Spark adapter: Setting thrift.protocol logging to ERROR
[0m22:28:06.430809 [debug] [MainThread]: Sending event: {'category': 'dbt', 'action': 'project_id', 'label': '082d67b9-69ee-47e4-86e6-fb084a528a0d', 'context': [<snowplow_tracker.self_describing_json.SelfDescribingJson object at 0x1046cb490>]}
[0m22:28:06.455071 [debug] [MainThread]: Sending event: {'category': 'dbt', 'action': 'adapter_info', 'label': '082d67b9-69ee-47e4-86e6-fb084a528a0d', 'context': [<snowplow_tracker.self_describing_json.SelfDescribingJson object at 0x106603130>]}
[0m22:28:06.455333 [info ] [MainThread]: Registered adapter: databricks=1.10.4
[0m22:28:06.516103 [debug] [MainThread]: checksum: 073cb5a296270136b24f9c040fdebd0642ef9c263903ef463bfe7e190c538da2, vars: {}, profile: , target: , version: 1.10.4
[0m22:28:06.611659 [debug] [MainThread]: Partial parsing enabled: 0 files deleted, 0 files added, 1 files changed.
[0m22:28:06.612049 [debug] [MainThread]: Partial parsing: updated file: acap_demo://models/schema.yml
[0m22:28:06.741708 [error] [MainThread]: Encountered an error:
Parsing Error
  Invalid test config given in models/schema.yml:
  	test arguments must be a dict, got <class 'str'> (value test_flyer_impressions_nonnegative)
  	@: UnparsedModelUpdate(original_file_path='mode...ne)
[0m22:28:06.744083 [debug] [MainThread]: Resource report: {"command_name": "test", "command_success": false, "command_wall_clock_time": 1.158252, "process_in_blocks": "0", "process_kernel_time": 0.20962, "process_mem_max_rss": "231538688", "process_out_blocks": "0", "process_user_time": 1.260132}
[0m22:28:06.744360 [debug] [MainThread]: Command `dbt test` failed at 22:28:06.744317 after 1.16 seconds
[0m22:28:06.744527 [debug] [MainThread]: Sending event: {'category': 'dbt', 'action': 'invocation', 'label': 'end', 'context': [<snowplow_tracker.self_describing_json.SelfDescribingJson object at 0x1304f2350>, <snowplow_tracker.self_describing_json.SelfDescribingJson object at 0x1304f2250>, <snowplow_tracker.self_describing_json.SelfDescribingJson object at 0x1321f45f0>]}
[0m22:28:06.744672 [debug] [MainThread]: Flushing usage events
[0m22:28:07.098451 [debug] [MainThread]: An error was encountered while trying to flush usage events
[0m22:28:31.964249 [debug] [MainThread]: Sending event: {'category': 'dbt', 'action': 'invocation', 'label': 'start', 'context': [<snowplow_tracker.self_describing_json.SelfDescribingJson object at 0x1039e3380>, <snowplow_tracker.self_describing_json.SelfDescribingJson object at 0x104eb7890>, <snowplow_tracker.self_describing_json.SelfDescribingJson object at 0x104eb79d0>]}


============================== 22:28:31.966334 | 11889588-d898-4d5c-842c-e46571894a76 ==============================
[0m22:28:31.966334 [info ] [MainThread]: Running with dbt=1.10.4
[0m22:28:31.966592 [debug] [MainThread]: running dbt with arguments {'printer_width': '80', 'indirect_selection': 'eager', 'log_cache_events': 'False', 'write_json': 'True', 'partial_parse': 'True', 'cache_selected_only': 'False', 'profiles_dir': '/Users/Westy.Chen/.dbt', 'fail_fast': 'False', 'warn_error': 'None', 'log_path': '/Users/Westy.Chen/Documents/dbt_poc/acap_demo/logs', 'debug': 'False', 'version_check': 'True', 'use_colors': 'True', 'use_experimental_parser': 'False', 'empty': 'None', 'quiet': 'False', 'no_print': 'None', 'log_format': 'default', 'invocation_command': 'dbt test', 'warn_error_options': 'WarnErrorOptionsV2(error=[], warn=[], silence=[])', 'static_parser': 'True', 'target_path': 'None', 'introspect': 'True', 'send_anonymous_usage_stats': 'True'}
[0m22:28:32.296424 [debug] [MainThread]: Spark adapter: Setting pyhive.hive logging to ERROR
[0m22:28:32.296657 [debug] [MainThread]: Spark adapter: Setting thrift.transport logging to ERROR
[0m22:28:32.296787 [debug] [MainThread]: Spark adapter: Setting thrift.protocol logging to ERROR
[0m22:28:32.588354 [debug] [MainThread]: Sending event: {'category': 'dbt', 'action': 'project_id', 'label': '11889588-d898-4d5c-842c-e46571894a76', 'context': [<snowplow_tracker.self_describing_json.SelfDescribingJson object at 0x1041d3490>]}
[0m22:28:32.612858 [debug] [MainThread]: Sending event: {'category': 'dbt', 'action': 'adapter_info', 'label': '11889588-d898-4d5c-842c-e46571894a76', 'context': [<snowplow_tracker.self_describing_json.SelfDescribingJson object at 0x10610b130>]}
[0m22:28:32.613125 [info ] [MainThread]: Registered adapter: databricks=1.10.4
[0m22:28:32.681971 [debug] [MainThread]: checksum: 073cb5a296270136b24f9c040fdebd0642ef9c263903ef463bfe7e190c538da2, vars: {}, profile: , target: , version: 1.10.4
[0m22:28:32.770938 [debug] [MainThread]: Partial parsing enabled: 0 files deleted, 0 files added, 0 files changed.
[0m22:28:32.771179 [debug] [MainThread]: Partial parsing enabled, no changes found, skipping parsing
[0m22:28:32.790108 [debug] [MainThread]: Sending event: {'category': 'dbt', 'action': 'load_project', 'label': '11889588-d898-4d5c-842c-e46571894a76', 'context': [<snowplow_tracker.self_describing_json.SelfDescribingJson object at 0x10b038a50>]}
[0m22:28:32.831198 [debug] [MainThread]: Wrote artifact WritableManifest to /Users/Westy.Chen/Documents/dbt_poc/acap_demo/target/manifest.json
[0m22:28:32.833031 [debug] [MainThread]: Wrote artifact SemanticManifest to /Users/Westy.Chen/Documents/dbt_poc/acap_demo/target/semantic_manifest.json
[0m22:28:32.848182 [debug] [MainThread]: Sending event: {'category': 'dbt', 'action': 'resource_counts', 'label': '11889588-d898-4d5c-842c-e46571894a76', 'context': [<snowplow_tracker.self_describing_json.SelfDescribingJson object at 0x10b2223f0>]}
[0m22:28:32.848390 [info ] [MainThread]: Found 5 models, 7 data tests, 796 macros
[0m22:28:32.848530 [debug] [MainThread]: Sending event: {'category': 'dbt', 'action': 'runnable_timing', 'label': '11889588-d898-4d5c-842c-e46571894a76', 'context': [<snowplow_tracker.self_describing_json.SelfDescribingJson object at 0x10b254910>]}
[0m22:28:32.849325 [info ] [MainThread]: 
[0m22:28:32.849463 [info ] [MainThread]: Concurrency: 1 threads (target='dev')
[0m22:28:32.849569 [info ] [MainThread]: 
[0m22:28:32.849817 [debug] [MainThread]: Databricks adapter: DatabricksDBTConnection(session-id=None, name=master, idle-time=0s, language=None, compute-name=) - Creating connection
[0m22:28:32.849938 [debug] [MainThread]: Acquiring new databricks connection 'master'
[0m22:28:32.852518 [debug] [ThreadPool]: Databricks adapter: DatabricksDBTConnection(session-id=None, name=list_flipp_data_sandbox_dbt_demo_dbt_westy, idle-time=0s, language=None, compute-name=) - Creating connection
[0m22:28:32.852668 [debug] [ThreadPool]: Acquiring new databricks connection 'list_flipp_data_sandbox_dbt_demo_dbt_westy'
[0m22:28:32.858547 [debug] [ThreadPool]: Using databricks connection "list_flipp_data_sandbox_dbt_demo_dbt_westy"
[0m22:28:32.858752 [debug] [ThreadPool]: On list_flipp_data_sandbox_dbt_demo_dbt_westy: /* {"app": "dbt", "dbt_version": "1.10.4", "dbt_databricks_version": "1.10.4", "databricks_sql_connector_version": "4.0.5", "profile_name": "acap_demo", "target_name": "dev", "connection_name": "list_flipp_data_sandbox_dbt_demo_dbt_westy"} */

    
SELECT
  table_name,
  if(table_type IN ('EXTERNAL', 'MANAGED', 'MANAGED_SHALLOW_CLONE', 'EXTERNAL_SHALLOW_CLONE'), 'table', lower(table_type)) AS table_type,
  lower(data_source_format) AS file_format,
  table_owner
FROM `system`.`information_schema`.`tables`
WHERE table_catalog = 'flipp_data_sandbox' 
  AND table_schema = 'dbt_demo_dbt_westy'

  
[0m22:28:32.858879 [debug] [ThreadPool]: Opening a new connection, currently in state init
[0m22:28:33.475030 [debug] [ThreadPool]: Databricks adapter: Connection(session-id=59850188-fa23-4d5c-b1da-9d176129b0fe) - Created
[0m22:28:34.905802 [debug] [ThreadPool]: SQL status: OK in 2.050 seconds
[0m22:28:34.916107 [debug] [ThreadPool]: Databricks adapter: Cursor(session-id=59850188-fa23-4d5c-b1da-9d176129b0fe, command-id=c671b1b7-3bb8-4fd0-b668-6b2c7b35640a) - Closing
[0m22:28:34.917806 [debug] [MainThread]: Sending event: {'category': 'dbt', 'action': 'runnable_timing', 'label': '11889588-d898-4d5c-842c-e46571894a76', 'context': [<snowplow_tracker.self_describing_json.SelfDescribingJson object at 0x1095460d0>]}
[0m22:28:34.919810 [debug] [Thread-1 (]: Began running node test.acap_demo.not_null_flyer_impressions_flyer_impressions.400c5660aa
[0m22:28:34.920144 [info ] [Thread-1 (]: 1 of 7 START test not_null_flyer_impressions_flyer_impressions ................. [RUN]
[0m22:28:34.920508 [debug] [Thread-1 (]: Re-using an available connection from the pool (formerly list_flipp_data_sandbox_dbt_demo_dbt_westy, now test.acap_demo.not_null_flyer_impressions_flyer_impressions.400c5660aa)
[0m22:28:34.920821 [debug] [Thread-1 (]: Databricks adapter: DatabricksDBTConnection(session-id=59850188-fa23-4d5c-b1da-9d176129b0fe, name=test.acap_demo.not_null_flyer_impressions_flyer_impressions.400c5660aa, idle-time=0.0038909912109375s, language=None, compute-name=) - Reusing connection previously named list_flipp_data_sandbox_dbt_demo_dbt_westy
[0m22:28:34.921096 [debug] [Thread-1 (]: Began compiling node test.acap_demo.not_null_flyer_impressions_flyer_impressions.400c5660aa
[0m22:28:34.934646 [debug] [Thread-1 (]: Writing injected SQL for node "test.acap_demo.not_null_flyer_impressions_flyer_impressions.400c5660aa"
[0m22:28:34.935376 [debug] [Thread-1 (]: Began executing node test.acap_demo.not_null_flyer_impressions_flyer_impressions.400c5660aa
[0m22:28:34.945395 [debug] [Thread-1 (]: Writing runtime sql for node "test.acap_demo.not_null_flyer_impressions_flyer_impressions.400c5660aa"
[0m22:28:34.945903 [debug] [Thread-1 (]: Using databricks connection "test.acap_demo.not_null_flyer_impressions_flyer_impressions.400c5660aa"
[0m22:28:34.946157 [debug] [Thread-1 (]: On test.acap_demo.not_null_flyer_impressions_flyer_impressions.400c5660aa: /* {"app": "dbt", "dbt_version": "1.10.4", "dbt_databricks_version": "1.10.4", "databricks_sql_connector_version": "4.0.5", "profile_name": "acap_demo", "target_name": "dev", "node_id": "test.acap_demo.not_null_flyer_impressions_flyer_impressions.400c5660aa"} */

    select
      count(*) as failures,
      count(*) != 0 as should_warn,
      count(*) != 0 as should_error
    from (
      
    
  
    
    



select flyer_impressions
from `flipp_data_sandbox`.`dbt_demo_dbt_westy`.`flyer_impressions`
where flyer_impressions is null



  
  
      
    ) dbt_internal_test
[0m22:28:35.477267 [debug] [Thread-1 (]: SQL status: OK in 0.530 seconds
[0m22:28:35.480509 [debug] [Thread-1 (]: Databricks adapter: Cursor(session-id=59850188-fa23-4d5c-b1da-9d176129b0fe, command-id=8e9aba81-347f-4dfe-b8ae-cf8af2daeb5c) - Closing
[0m22:28:35.483513 [info ] [Thread-1 (]: 1 of 7 PASS not_null_flyer_impressions_flyer_impressions ....................... [[32mPASS[0m in 0.56s]
[0m22:28:35.483984 [debug] [Thread-1 (]: Finished running node test.acap_demo.not_null_flyer_impressions_flyer_impressions.400c5660aa
[0m22:28:35.484286 [debug] [Thread-1 (]: Began running node test.acap_demo.not_null_my_first_dbt_model_id.5fb22c2710
[0m22:28:35.484638 [info ] [Thread-1 (]: 2 of 7 START test not_null_my_first_dbt_model_id ............................... [RUN]
[0m22:28:35.485016 [debug] [Thread-1 (]: Re-using an available connection from the pool (formerly test.acap_demo.not_null_flyer_impressions_flyer_impressions.400c5660aa, now test.acap_demo.not_null_my_first_dbt_model_id.5fb22c2710)
[0m22:28:35.485328 [debug] [Thread-1 (]: Databricks adapter: DatabricksDBTConnection(session-id=59850188-fa23-4d5c-b1da-9d176129b0fe, name=test.acap_demo.not_null_my_first_dbt_model_id.5fb22c2710, idle-time=0.0018928050994873047s, language=sql, compute-name=) - Reusing connection previously named test.acap_demo.not_null_flyer_impressions_flyer_impressions.400c5660aa
[0m22:28:35.485598 [debug] [Thread-1 (]: Began compiling node test.acap_demo.not_null_my_first_dbt_model_id.5fb22c2710
[0m22:28:35.489400 [debug] [Thread-1 (]: Writing injected SQL for node "test.acap_demo.not_null_my_first_dbt_model_id.5fb22c2710"
[0m22:28:35.490123 [debug] [Thread-1 (]: Began executing node test.acap_demo.not_null_my_first_dbt_model_id.5fb22c2710
[0m22:28:35.492126 [debug] [Thread-1 (]: Writing runtime sql for node "test.acap_demo.not_null_my_first_dbt_model_id.5fb22c2710"
[0m22:28:35.492723 [debug] [Thread-1 (]: Using databricks connection "test.acap_demo.not_null_my_first_dbt_model_id.5fb22c2710"
[0m22:28:35.492964 [debug] [Thread-1 (]: On test.acap_demo.not_null_my_first_dbt_model_id.5fb22c2710: /* {"app": "dbt", "dbt_version": "1.10.4", "dbt_databricks_version": "1.10.4", "databricks_sql_connector_version": "4.0.5", "profile_name": "acap_demo", "target_name": "dev", "node_id": "test.acap_demo.not_null_my_first_dbt_model_id.5fb22c2710"} */

    select
      count(*) as failures,
      count(*) != 0 as should_warn,
      count(*) != 0 as should_error
    from (
      
    
  
    
    



select id
from `flipp_data_sandbox`.`dbt_demo_dbt_westy`.`my_first_dbt_model`
where id is null



  
  
      
    ) dbt_internal_test
[0m22:28:35.975328 [debug] [Thread-1 (]: SQL status: OK in 0.480 seconds
[0m22:28:35.978202 [debug] [Thread-1 (]: Databricks adapter: Cursor(session-id=59850188-fa23-4d5c-b1da-9d176129b0fe, command-id=c683c39e-c1e9-4073-b86d-ab60d8a15cc1) - Closing
[0m22:28:35.979124 [error] [Thread-1 (]: 2 of 7 FAIL 1 not_null_my_first_dbt_model_id ................................... [[31mFAIL 1[0m in 0.49s]
[0m22:28:35.979632 [debug] [Thread-1 (]: Finished running node test.acap_demo.not_null_my_first_dbt_model_id.5fb22c2710
[0m22:28:35.979978 [debug] [Thread-1 (]: Began running node test.acap_demo.not_null_my_second_dbt_model_id.151b76d778
[0m22:28:35.980365 [info ] [Thread-1 (]: 3 of 7 START test not_null_my_second_dbt_model_id .............................. [RUN]
[0m22:28:35.980790 [debug] [Thread-1 (]: Re-using an available connection from the pool (formerly test.acap_demo.not_null_my_first_dbt_model_id.5fb22c2710, now test.acap_demo.not_null_my_second_dbt_model_id.151b76d778)
[0m22:28:35.981157 [debug] [Thread-1 (]: Databricks adapter: DatabricksDBTConnection(session-id=59850188-fa23-4d5c-b1da-9d176129b0fe, name=test.acap_demo.not_null_my_second_dbt_model_id.151b76d778, idle-time=0.002105236053466797s, language=sql, compute-name=) - Reusing connection previously named test.acap_demo.not_null_my_first_dbt_model_id.5fb22c2710
[0m22:28:35.981479 [debug] [Thread-1 (]: Began compiling node test.acap_demo.not_null_my_second_dbt_model_id.151b76d778
[0m22:28:35.986184 [debug] [Thread-1 (]: Writing injected SQL for node "test.acap_demo.not_null_my_second_dbt_model_id.151b76d778"
[0m22:28:35.986964 [debug] [Thread-1 (]: Began executing node test.acap_demo.not_null_my_second_dbt_model_id.151b76d778
[0m22:28:35.990052 [debug] [Thread-1 (]: Writing runtime sql for node "test.acap_demo.not_null_my_second_dbt_model_id.151b76d778"
[0m22:28:35.991030 [debug] [Thread-1 (]: Using databricks connection "test.acap_demo.not_null_my_second_dbt_model_id.151b76d778"
[0m22:28:35.991345 [debug] [Thread-1 (]: On test.acap_demo.not_null_my_second_dbt_model_id.151b76d778: /* {"app": "dbt", "dbt_version": "1.10.4", "dbt_databricks_version": "1.10.4", "databricks_sql_connector_version": "4.0.5", "profile_name": "acap_demo", "target_name": "dev", "node_id": "test.acap_demo.not_null_my_second_dbt_model_id.151b76d778"} */

    select
      count(*) as failures,
      count(*) != 0 as should_warn,
      count(*) != 0 as should_error
    from (
      
    
  
    
    



select id
from `flipp_data_sandbox`.`dbt_demo_dbt_westy`.`my_second_dbt_model`
where id is null



  
  
      
    ) dbt_internal_test
[0m22:28:36.581485 [debug] [Thread-1 (]: SQL status: OK in 0.590 seconds
[0m22:28:36.584621 [debug] [Thread-1 (]: Databricks adapter: Cursor(session-id=59850188-fa23-4d5c-b1da-9d176129b0fe, command-id=ac007563-69ea-4efa-9af2-a6298e2d43c7) - Closing
[0m22:28:36.585417 [info ] [Thread-1 (]: 3 of 7 PASS not_null_my_second_dbt_model_id .................................... [[32mPASS[0m in 0.60s]
[0m22:28:36.585866 [debug] [Thread-1 (]: Finished running node test.acap_demo.not_null_my_second_dbt_model_id.151b76d778
[0m22:28:36.586187 [debug] [Thread-1 (]: Began running node test.acap_demo.test_flyer_impressions_nonnegative
[0m22:28:36.586509 [info ] [Thread-1 (]: 4 of 7 START test test_flyer_impressions_nonnegative ........................... [RUN]
[0m22:28:36.586853 [debug] [Thread-1 (]: Re-using an available connection from the pool (formerly test.acap_demo.not_null_my_second_dbt_model_id.151b76d778, now test.acap_demo.test_flyer_impressions_nonnegative)
[0m22:28:36.587160 [debug] [Thread-1 (]: Databricks adapter: DatabricksDBTConnection(session-id=59850188-fa23-4d5c-b1da-9d176129b0fe, name=test.acap_demo.test_flyer_impressions_nonnegative, idle-time=0.0018160343170166016s, language=sql, compute-name=) - Reusing connection previously named test.acap_demo.not_null_my_second_dbt_model_id.151b76d778
[0m22:28:36.587434 [debug] [Thread-1 (]: Began compiling node test.acap_demo.test_flyer_impressions_nonnegative
[0m22:28:36.589870 [debug] [Thread-1 (]: Writing injected SQL for node "test.acap_demo.test_flyer_impressions_nonnegative"
[0m22:28:36.591196 [debug] [Thread-1 (]: Began executing node test.acap_demo.test_flyer_impressions_nonnegative
[0m22:28:36.596638 [debug] [Thread-1 (]: Writing runtime sql for node "test.acap_demo.test_flyer_impressions_nonnegative"
[0m22:28:36.597066 [debug] [Thread-1 (]: Using databricks connection "test.acap_demo.test_flyer_impressions_nonnegative"
[0m22:28:36.597308 [debug] [Thread-1 (]: On test.acap_demo.test_flyer_impressions_nonnegative: /* {"app": "dbt", "dbt_version": "1.10.4", "dbt_databricks_version": "1.10.4", "databricks_sql_connector_version": "4.0.5", "profile_name": "acap_demo", "target_name": "dev", "node_id": "test.acap_demo.test_flyer_impressions_nonnegative"} */

    select
      count(*) as failures,
      count(*) != 0 as should_warn,
      count(*) != 0 as should_error
    from (
      
    
  -- tests/test_flyer_impressions_nonnegative.sql

SELECT *
FROM `flipp_data_sandbox`.`dbt_demo_dbt_westy`.`flyer_impressions`
WHERE flyer_impressions < 0
  
  
      
    ) dbt_internal_test
[0m22:28:37.111349 [debug] [Thread-1 (]: SQL status: OK in 0.510 seconds
[0m22:28:37.112787 [debug] [Thread-1 (]: Databricks adapter: Cursor(session-id=59850188-fa23-4d5c-b1da-9d176129b0fe, command-id=df791f9a-6ec4-4eb0-8d3f-2aa03821c8e3) - Closing
[0m22:28:37.113260 [info ] [Thread-1 (]: 4 of 7 PASS test_flyer_impressions_nonnegative ................................. [[32mPASS[0m in 0.53s]
[0m22:28:37.113506 [debug] [Thread-1 (]: Finished running node test.acap_demo.test_flyer_impressions_nonnegative
[0m22:28:37.113676 [debug] [Thread-1 (]: Began running node test.acap_demo.test_flyer_impressions_nonnegative_flyer_impressions_.c7b131bcd5
[0m22:28:37.113868 [info ] [Thread-1 (]: 5 of 7 START test test_flyer_impressions_nonnegative_flyer_impressions_ ........ [RUN]
[0m22:28:37.114109 [debug] [Thread-1 (]: Re-using an available connection from the pool (formerly test.acap_demo.test_flyer_impressions_nonnegative, now test.acap_demo.test_flyer_impressions_nonnegative_flyer_impressions_.c7b131bcd5)
[0m22:28:37.114269 [debug] [Thread-1 (]: Databricks adapter: DatabricksDBTConnection(session-id=59850188-fa23-4d5c-b1da-9d176129b0fe, name=test.acap_demo.test_flyer_impressions_nonnegative_flyer_impressions_.c7b131bcd5, idle-time=0.0010471343994140625s, language=sql, compute-name=) - Reusing connection previously named test.acap_demo.test_flyer_impressions_nonnegative
[0m22:28:37.114420 [debug] [Thread-1 (]: Began compiling node test.acap_demo.test_flyer_impressions_nonnegative_flyer_impressions_.c7b131bcd5
[0m22:28:37.121378 [debug] [Thread-1 (]: Compilation Error in test test_flyer_impressions_nonnegative_flyer_impressions_ (models/schema.yml)
  'test_test_flyer_impressions_nonnegative' is undefined. This can happen when calling a macro that does not exist. Check for typos and/or install package dependencies with "dbt deps".
[0m22:28:37.121679 [error] [Thread-1 (]: 5 of 7 ERROR test_flyer_impressions_nonnegative_flyer_impressions_ ............. [[31mERROR[0m in 0.01s]
[0m22:28:37.121931 [debug] [Thread-1 (]: Finished running node test.acap_demo.test_flyer_impressions_nonnegative_flyer_impressions_.c7b131bcd5
[0m22:28:37.122093 [debug] [Thread-1 (]: Began running node test.acap_demo.unique_my_first_dbt_model_id.16e066b321
[0m22:28:37.122265 [debug] [Thread-4 (]: Marking all children of 'test.acap_demo.test_flyer_impressions_nonnegative_flyer_impressions_.c7b131bcd5' to be skipped because of status 'error'.  Reason: Compilation Error in test test_flyer_impressions_nonnegative_flyer_impressions_ (models/schema.yml)
  'test_test_flyer_impressions_nonnegative' is undefined. This can happen when calling a macro that does not exist. Check for typos and/or install package dependencies with "dbt deps"..
[0m22:28:37.122424 [info ] [Thread-1 (]: 6 of 7 START test unique_my_first_dbt_model_id ................................. [RUN]
[0m22:28:37.123250 [debug] [Thread-1 (]: Re-using an available connection from the pool (formerly test.acap_demo.test_flyer_impressions_nonnegative_flyer_impressions_.c7b131bcd5, now test.acap_demo.unique_my_first_dbt_model_id.16e066b321)
[0m22:28:37.123424 [debug] [Thread-1 (]: Databricks adapter: DatabricksDBTConnection(session-id=59850188-fa23-4d5c-b1da-9d176129b0fe, name=test.acap_demo.unique_my_first_dbt_model_id.16e066b321, idle-time=0.0017809867858886719s, language=sql, compute-name=) - Reusing connection previously named test.acap_demo.test_flyer_impressions_nonnegative_flyer_impressions_.c7b131bcd5
[0m22:28:37.123576 [debug] [Thread-1 (]: Began compiling node test.acap_demo.unique_my_first_dbt_model_id.16e066b321
[0m22:28:37.126732 [debug] [Thread-1 (]: Writing injected SQL for node "test.acap_demo.unique_my_first_dbt_model_id.16e066b321"
[0m22:28:37.127233 [debug] [Thread-1 (]: Began executing node test.acap_demo.unique_my_first_dbt_model_id.16e066b321
[0m22:28:37.128758 [debug] [Thread-1 (]: Writing runtime sql for node "test.acap_demo.unique_my_first_dbt_model_id.16e066b321"
[0m22:28:37.129116 [debug] [Thread-1 (]: Using databricks connection "test.acap_demo.unique_my_first_dbt_model_id.16e066b321"
[0m22:28:37.129294 [debug] [Thread-1 (]: On test.acap_demo.unique_my_first_dbt_model_id.16e066b321: /* {"app": "dbt", "dbt_version": "1.10.4", "dbt_databricks_version": "1.10.4", "databricks_sql_connector_version": "4.0.5", "profile_name": "acap_demo", "target_name": "dev", "node_id": "test.acap_demo.unique_my_first_dbt_model_id.16e066b321"} */

    select
      count(*) as failures,
      count(*) != 0 as should_warn,
      count(*) != 0 as should_error
    from (
      
    
  
    
    

select
    id as unique_field,
    count(*) as n_records

from `flipp_data_sandbox`.`dbt_demo_dbt_westy`.`my_first_dbt_model`
where id is not null
group by id
having count(*) > 1



  
  
      
    ) dbt_internal_test
[0m22:28:37.880358 [debug] [Thread-1 (]: SQL status: OK in 0.750 seconds
[0m22:28:37.883723 [debug] [Thread-1 (]: Databricks adapter: Cursor(session-id=59850188-fa23-4d5c-b1da-9d176129b0fe, command-id=e0b960d2-2ded-406d-8105-5c284bc65fc9) - Closing
[0m22:28:37.885027 [info ] [Thread-1 (]: 6 of 7 PASS unique_my_first_dbt_model_id ....................................... [[32mPASS[0m in 0.76s]
[0m22:28:37.885727 [debug] [Thread-1 (]: Finished running node test.acap_demo.unique_my_first_dbt_model_id.16e066b321
[0m22:28:37.886187 [debug] [Thread-1 (]: Began running node test.acap_demo.unique_my_second_dbt_model_id.57a0f8c493
[0m22:28:37.886653 [info ] [Thread-1 (]: 7 of 7 START test unique_my_second_dbt_model_id ................................ [RUN]
[0m22:28:37.887250 [debug] [Thread-1 (]: Re-using an available connection from the pool (formerly test.acap_demo.unique_my_first_dbt_model_id.16e066b321, now test.acap_demo.unique_my_second_dbt_model_id.57a0f8c493)
[0m22:28:37.887700 [debug] [Thread-1 (]: Databricks adapter: DatabricksDBTConnection(session-id=59850188-fa23-4d5c-b1da-9d176129b0fe, name=test.acap_demo.unique_my_second_dbt_model_id.57a0f8c493, idle-time=0.0028069019317626953s, language=sql, compute-name=) - Reusing connection previously named test.acap_demo.unique_my_first_dbt_model_id.16e066b321
[0m22:28:37.888086 [debug] [Thread-1 (]: Began compiling node test.acap_demo.unique_my_second_dbt_model_id.57a0f8c493
[0m22:28:37.898028 [debug] [Thread-1 (]: Writing injected SQL for node "test.acap_demo.unique_my_second_dbt_model_id.57a0f8c493"
[0m22:28:37.899099 [debug] [Thread-1 (]: Began executing node test.acap_demo.unique_my_second_dbt_model_id.57a0f8c493
[0m22:28:37.901749 [debug] [Thread-1 (]: Writing runtime sql for node "test.acap_demo.unique_my_second_dbt_model_id.57a0f8c493"
[0m22:28:37.902230 [debug] [Thread-1 (]: Using databricks connection "test.acap_demo.unique_my_second_dbt_model_id.57a0f8c493"
[0m22:28:37.902545 [debug] [Thread-1 (]: On test.acap_demo.unique_my_second_dbt_model_id.57a0f8c493: /* {"app": "dbt", "dbt_version": "1.10.4", "dbt_databricks_version": "1.10.4", "databricks_sql_connector_version": "4.0.5", "profile_name": "acap_demo", "target_name": "dev", "node_id": "test.acap_demo.unique_my_second_dbt_model_id.57a0f8c493"} */

    select
      count(*) as failures,
      count(*) != 0 as should_warn,
      count(*) != 0 as should_error
    from (
      
    
  
    
    

select
    id as unique_field,
    count(*) as n_records

from `flipp_data_sandbox`.`dbt_demo_dbt_westy`.`my_second_dbt_model`
where id is not null
group by id
having count(*) > 1



  
  
      
    ) dbt_internal_test
[0m22:28:38.596994 [debug] [Thread-1 (]: SQL status: OK in 0.690 seconds
[0m22:28:38.600744 [debug] [Thread-1 (]: Databricks adapter: Cursor(session-id=59850188-fa23-4d5c-b1da-9d176129b0fe, command-id=365880e2-2854-4c3f-8536-c2a048a712fc) - Closing
[0m22:28:38.602065 [info ] [Thread-1 (]: 7 of 7 PASS unique_my_second_dbt_model_id ...................................... [[32mPASS[0m in 0.71s]
[0m22:28:38.602763 [debug] [Thread-1 (]: Finished running node test.acap_demo.unique_my_second_dbt_model_id.57a0f8c493
[0m22:28:38.604379 [debug] [MainThread]: Databricks adapter: DatabricksDBTConnection(session-id=None, name=master, idle-time=3.6861178874969482s, language=None, compute-name=) - Reusing connection previously named master
[0m22:28:38.604833 [debug] [MainThread]: Connection 'master' was properly closed.
[0m22:28:38.605109 [debug] [MainThread]: Connection 'test.acap_demo.unique_my_second_dbt_model_id.57a0f8c493' was properly closed.
[0m22:28:38.605383 [debug] [MainThread]: On test.acap_demo.unique_my_second_dbt_model_id.57a0f8c493: Close
[0m22:28:38.605678 [debug] [MainThread]: Databricks adapter: Connection(session-id=59850188-fa23-4d5c-b1da-9d176129b0fe) - Closing
[0m22:28:38.716653 [info ] [MainThread]: 
[0m22:28:38.717850 [info ] [MainThread]: Finished running 7 data tests in 0 hours 0 minutes and 5.87 seconds (5.87s).
[0m22:28:38.720694 [debug] [MainThread]: Command end result
[0m22:28:38.753557 [debug] [MainThread]: Wrote artifact WritableManifest to /Users/Westy.Chen/Documents/dbt_poc/acap_demo/target/manifest.json
[0m22:28:38.754682 [debug] [MainThread]: Wrote artifact SemanticManifest to /Users/Westy.Chen/Documents/dbt_poc/acap_demo/target/semantic_manifest.json
[0m22:28:38.758949 [debug] [MainThread]: Wrote artifact RunExecutionResult to /Users/Westy.Chen/Documents/dbt_poc/acap_demo/target/run_results.json
[0m22:28:38.759147 [info ] [MainThread]: 
[0m22:28:38.759341 [info ] [MainThread]: [31mCompleted with 2 errors, 0 partial successes, and 0 warnings:[0m
[0m22:28:38.759495 [info ] [MainThread]: 
[0m22:28:38.759687 [error] [MainThread]: [31mFailure in test not_null_my_first_dbt_model_id (models/example/schema.yml)[0m
[0m22:28:38.759864 [error] [MainThread]:   Got 1 result, configured to fail if != 0
[0m22:28:38.759991 [info ] [MainThread]: 
[0m22:28:38.760151 [info ] [MainThread]:   compiled code at target/compiled/acap_demo/models/example/schema.yml/not_null_my_first_dbt_model_id.sql
[0m22:28:38.760287 [info ] [MainThread]: 
[0m22:28:38.760456 [error] [MainThread]: [31mFailure in test test_flyer_impressions_nonnegative_flyer_impressions_ (models/schema.yml)[0m
[0m22:28:38.760630 [error] [MainThread]:   Compilation Error in test test_flyer_impressions_nonnegative_flyer_impressions_ (models/schema.yml)
  'test_test_flyer_impressions_nonnegative' is undefined. This can happen when calling a macro that does not exist. Check for typos and/or install package dependencies with "dbt deps".
[0m22:28:38.760773 [info ] [MainThread]: 
[0m22:28:38.760981 [info ] [MainThread]: Done. PASS=5 WARN=0 ERROR=2 SKIP=0 NO-OP=0 TOTAL=7
[0m22:28:38.762445 [debug] [MainThread]: Resource report: {"command_name": "test", "command_success": false, "command_wall_clock_time": 6.823463, "process_in_blocks": "0", "process_kernel_time": 0.178774, "process_mem_max_rss": "235683840", "process_out_blocks": "0", "process_user_time": 1.436673}
[0m22:28:38.762687 [debug] [MainThread]: Command `dbt test` failed at 22:28:38.762645 after 6.82 seconds
[0m22:28:38.762897 [debug] [MainThread]: Sending event: {'category': 'dbt', 'action': 'invocation', 'label': 'end', 'context': [<snowplow_tracker.self_describing_json.SelfDescribingJson object at 0x104d09fd0>, <snowplow_tracker.self_describing_json.SelfDescribingJson object at 0x10b1473e0>, <snowplow_tracker.self_describing_json.SelfDescribingJson object at 0x10b147490>]}
[0m22:28:38.763077 [debug] [MainThread]: Flushing usage events
[0m22:28:39.069911 [debug] [MainThread]: An error was encountered while trying to flush usage events
[0m22:29:05.991898 [debug] [MainThread]: Sending event: {'category': 'dbt', 'action': 'invocation', 'label': 'start', 'context': [<snowplow_tracker.self_describing_json.SelfDescribingJson object at 0x1044c7380>, <snowplow_tracker.self_describing_json.SelfDescribingJson object at 0x106e0f890>, <snowplow_tracker.self_describing_json.SelfDescribingJson object at 0x106e0f9d0>]}


============================== 22:29:05.994027 | 5626b5d3-7193-4261-806f-c1568b162a8a ==============================
[0m22:29:05.994027 [info ] [MainThread]: Running with dbt=1.10.4
[0m22:29:05.994280 [debug] [MainThread]: running dbt with arguments {'printer_width': '80', 'indirect_selection': 'eager', 'log_cache_events': 'False', 'write_json': 'True', 'partial_parse': 'True', 'cache_selected_only': 'False', 'profiles_dir': '/Users/Westy.Chen/.dbt', 'debug': 'False', 'fail_fast': 'False', 'log_path': '/Users/Westy.Chen/Documents/dbt_poc/acap_demo/logs', 'warn_error': 'None', 'version_check': 'True', 'use_colors': 'True', 'use_experimental_parser': 'False', 'no_print': 'None', 'quiet': 'False', 'empty': 'False', 'log_format': 'default', 'invocation_command': 'dbt run', 'introspect': 'True', 'static_parser': 'True', 'target_path': 'None', 'warn_error_options': 'WarnErrorOptionsV2(error=[], warn=[], silence=[])', 'send_anonymous_usage_stats': 'True'}
[0m22:29:06.317184 [debug] [MainThread]: Spark adapter: Setting pyhive.hive logging to ERROR
[0m22:29:06.317408 [debug] [MainThread]: Spark adapter: Setting thrift.transport logging to ERROR
[0m22:29:06.317530 [debug] [MainThread]: Spark adapter: Setting thrift.protocol logging to ERROR
[0m22:29:06.632350 [debug] [MainThread]: Sending event: {'category': 'dbt', 'action': 'project_id', 'label': '5626b5d3-7193-4261-806f-c1568b162a8a', 'context': [<snowplow_tracker.self_describing_json.SelfDescribingJson object at 0x104c27490>]}
[0m22:29:06.656875 [debug] [MainThread]: Sending event: {'category': 'dbt', 'action': 'adapter_info', 'label': '5626b5d3-7193-4261-806f-c1568b162a8a', 'context': [<snowplow_tracker.self_describing_json.SelfDescribingJson object at 0x11045f130>]}
[0m22:29:06.657280 [info ] [MainThread]: Registered adapter: databricks=1.10.4
[0m22:29:06.726204 [debug] [MainThread]: checksum: 073cb5a296270136b24f9c040fdebd0642ef9c263903ef463bfe7e190c538da2, vars: {}, profile: , target: , version: 1.10.4
[0m22:29:06.813697 [debug] [MainThread]: Partial parsing enabled: 0 files deleted, 0 files added, 0 files changed.
[0m22:29:06.813880 [debug] [MainThread]: Partial parsing enabled, no changes found, skipping parsing
[0m22:29:06.832217 [debug] [MainThread]: Sending event: {'category': 'dbt', 'action': 'load_project', 'label': '5626b5d3-7193-4261-806f-c1568b162a8a', 'context': [<snowplow_tracker.self_describing_json.SelfDescribingJson object at 0x116ff4a50>]}
[0m22:29:06.873251 [debug] [MainThread]: Wrote artifact WritableManifest to /Users/Westy.Chen/Documents/dbt_poc/acap_demo/target/manifest.json
[0m22:29:06.874319 [debug] [MainThread]: Wrote artifact SemanticManifest to /Users/Westy.Chen/Documents/dbt_poc/acap_demo/target/semantic_manifest.json
[0m22:29:06.884554 [debug] [MainThread]: Sending event: {'category': 'dbt', 'action': 'resource_counts', 'label': '5626b5d3-7193-4261-806f-c1568b162a8a', 'context': [<snowplow_tracker.self_describing_json.SelfDescribingJson object at 0x11686a120>]}
[0m22:29:06.884737 [info ] [MainThread]: Found 5 models, 7 data tests, 796 macros
[0m22:29:06.884874 [debug] [MainThread]: Sending event: {'category': 'dbt', 'action': 'runnable_timing', 'label': '5626b5d3-7193-4261-806f-c1568b162a8a', 'context': [<snowplow_tracker.self_describing_json.SelfDescribingJson object at 0x1179f0670>]}
[0m22:29:06.885642 [info ] [MainThread]: 
[0m22:29:06.885782 [info ] [MainThread]: Concurrency: 1 threads (target='dev')
[0m22:29:06.885887 [info ] [MainThread]: 
[0m22:29:06.886127 [debug] [MainThread]: Databricks adapter: DatabricksDBTConnection(session-id=None, name=master, idle-time=0s, language=None, compute-name=) - Creating connection
[0m22:29:06.886246 [debug] [MainThread]: Acquiring new databricks connection 'master'
[0m22:29:06.888841 [debug] [ThreadPool]: Databricks adapter: DatabricksDBTConnection(session-id=None, name=list_flipp_data_sandbox, idle-time=0s, language=None, compute-name=) - Creating connection
[0m22:29:06.888989 [debug] [ThreadPool]: Acquiring new databricks connection 'list_flipp_data_sandbox'
[0m22:29:06.889113 [debug] [ThreadPool]: Using databricks connection "list_flipp_data_sandbox"
[0m22:29:06.889216 [debug] [ThreadPool]: On list_flipp_data_sandbox: GetSchemas(database=flipp_data_sandbox, schema=None)
[0m22:29:06.889316 [debug] [ThreadPool]: Opening a new connection, currently in state init
[0m22:29:07.393524 [debug] [ThreadPool]: Databricks adapter: Connection(session-id=69aa7576-c2bb-435f-87e5-f75c395edde1) - Created
[0m22:29:08.126889 [debug] [ThreadPool]: SQL status: OK in 1.240 seconds
[0m22:29:08.128317 [debug] [ThreadPool]: Databricks adapter: Cursor(session-id=69aa7576-c2bb-435f-87e5-f75c395edde1, command-id=a5e080a5-8b69-4677-b15f-f41cca62a485) - Closing
[0m22:29:08.129582 [debug] [ThreadPool]: Re-using an available connection from the pool (formerly list_flipp_data_sandbox, now list_flipp_data_sandbox_dbt_demo_dbt_westy)
[0m22:29:08.129883 [debug] [ThreadPool]: Databricks adapter: DatabricksDBTConnection(session-id=69aa7576-c2bb-435f-87e5-f75c395edde1, name=list_flipp_data_sandbox_dbt_demo_dbt_westy, idle-time=0.0012249946594238281s, language=None, compute-name=) - Reusing connection previously named list_flipp_data_sandbox
[0m22:29:08.139586 [debug] [ThreadPool]: Using databricks connection "list_flipp_data_sandbox_dbt_demo_dbt_westy"
[0m22:29:08.139843 [debug] [ThreadPool]: On list_flipp_data_sandbox_dbt_demo_dbt_westy: /* {"app": "dbt", "dbt_version": "1.10.4", "dbt_databricks_version": "1.10.4", "databricks_sql_connector_version": "4.0.5", "profile_name": "acap_demo", "target_name": "dev", "connection_name": "list_flipp_data_sandbox_dbt_demo_dbt_westy"} */

    
SELECT
  table_name,
  if(table_type IN ('EXTERNAL', 'MANAGED', 'MANAGED_SHALLOW_CLONE', 'EXTERNAL_SHALLOW_CLONE'), 'table', lower(table_type)) AS table_type,
  lower(data_source_format) AS file_format,
  table_owner
FROM `system`.`information_schema`.`tables`
WHERE table_catalog = 'flipp_data_sandbox' 
  AND table_schema = 'dbt_demo_dbt_westy'

  
[0m22:29:08.525138 [debug] [ThreadPool]: SQL status: OK in 0.380 seconds
[0m22:29:08.532446 [debug] [ThreadPool]: Databricks adapter: Cursor(session-id=69aa7576-c2bb-435f-87e5-f75c395edde1, command-id=becffb68-28ef-4901-8b4a-dc61f774888e) - Closing
[0m22:29:08.534357 [debug] [MainThread]: Sending event: {'category': 'dbt', 'action': 'runnable_timing', 'label': '5626b5d3-7193-4261-806f-c1568b162a8a', 'context': [<snowplow_tracker.self_describing_json.SelfDescribingJson object at 0x113b360d0>]}
[0m22:29:08.536988 [debug] [Thread-1 (]: Began running node model.acap_demo.dates
[0m22:29:08.537555 [info ] [Thread-1 (]: 1 of 5 START sql table model dbt_demo_dbt_westy.dates .......................... [RUN]
[0m22:29:08.538018 [debug] [Thread-1 (]: Re-using an available connection from the pool (formerly list_flipp_data_sandbox_dbt_demo_dbt_westy, now model.acap_demo.dates)
[0m22:29:08.538418 [debug] [Thread-1 (]: Databricks adapter: DatabricksDBTConnection(session-id=69aa7576-c2bb-435f-87e5-f75c395edde1, name=model.acap_demo.dates, idle-time=0.005029916763305664s, language=None, compute-name=) - Reusing connection previously named list_flipp_data_sandbox_dbt_demo_dbt_westy
[0m22:29:08.538728 [debug] [Thread-1 (]: Began compiling node model.acap_demo.dates
[0m22:29:08.546502 [debug] [Thread-1 (]: Writing injected SQL for node "model.acap_demo.dates"
[0m22:29:08.547681 [debug] [Thread-1 (]: Began executing node model.acap_demo.dates
[0m22:29:08.560915 [debug] [Thread-1 (]: MATERIALIZING TABLE
[0m22:29:08.561287 [warn ] [Thread-1 (]: [[33mWARNING[0m]: Use revamped materializations based on separating create and insert.  This allows more performant column comments, as well as new column features.
You may opt into the new behavior sooner by setting `flags.use_materialization_v2` to `True` in `dbt_project.yml`.
Visit https://docs.getdbt.com/reference/global-configs/behavior-changes for more information.
[0m22:29:08.561563 [debug] [Thread-1 (]: Sending event: {'category': 'dbt', 'action': 'BehaviorChangeEvent', 'label': '5626b5d3-7193-4261-806f-c1568b162a8a', 'context': [<snowplow_tracker.self_describing_json.SelfDescribingJson object at 0x117959fd0>]}
[0m22:29:08.586186 [debug] [Thread-1 (]: Writing runtime sql for node "model.acap_demo.dates"
[0m22:29:08.587043 [debug] [Thread-1 (]: Using databricks connection "model.acap_demo.dates"
[0m22:29:08.587291 [debug] [Thread-1 (]: On model.acap_demo.dates: /* {"app": "dbt", "dbt_version": "1.10.4", "dbt_databricks_version": "1.10.4", "databricks_sql_connector_version": "4.0.5", "profile_name": "acap_demo", "target_name": "dev", "node_id": "model.acap_demo.dates"} */

  
    
        create or replace table `flipp_data_sandbox`.`dbt_demo_dbt_westy`.`dates`
      
      
  using delta
      
      
      
      
      
      
      
      as
      SELECT 
  date, 
  day_name
FROM flipp_data_prod.gold_dimensions.dates
  
[0m22:29:26.313521 [debug] [Thread-1 (]: SQL status: OK in 17.730 seconds
[0m22:29:26.314857 [debug] [Thread-1 (]: Databricks adapter: Cursor(session-id=69aa7576-c2bb-435f-87e5-f75c395edde1, command-id=bdd6ff9c-36b8-4fb9-b71c-2120b9ae2a3b) - Closing
[0m22:29:26.492527 [debug] [Thread-1 (]: Applying tags to relation None
[0m22:29:26.511146 [debug] [Thread-1 (]: Sending event: {'category': 'dbt', 'action': 'run_model', 'label': '5626b5d3-7193-4261-806f-c1568b162a8a', 'context': [<snowplow_tracker.self_describing_json.SelfDescribingJson object at 0x1179a0100>]}
[0m22:29:26.511724 [info ] [Thread-1 (]: 1 of 5 OK created sql table model dbt_demo_dbt_westy.dates ..................... [[32mOK[0m in 17.97s]
[0m22:29:26.512108 [debug] [Thread-1 (]: Finished running node model.acap_demo.dates
[0m22:29:26.512360 [debug] [Thread-1 (]: Began running node model.acap_demo.my_first_dbt_model
[0m22:29:26.512693 [info ] [Thread-1 (]: 2 of 5 START sql table model dbt_demo_dbt_westy.my_first_dbt_model ............. [RUN]
[0m22:29:26.512971 [debug] [Thread-1 (]: Re-using an available connection from the pool (formerly model.acap_demo.dates, now model.acap_demo.my_first_dbt_model)
[0m22:29:26.513218 [debug] [Thread-1 (]: Databricks adapter: DatabricksDBTConnection(session-id=69aa7576-c2bb-435f-87e5-f75c395edde1, name=model.acap_demo.my_first_dbt_model, idle-time=0.0034151077270507812s, language=sql, compute-name=) - Reusing connection previously named model.acap_demo.dates
[0m22:29:26.513427 [debug] [Thread-1 (]: Began compiling node model.acap_demo.my_first_dbt_model
[0m22:29:26.515703 [debug] [Thread-1 (]: Writing injected SQL for node "model.acap_demo.my_first_dbt_model"
[0m22:29:26.516423 [debug] [Thread-1 (]: Began executing node model.acap_demo.my_first_dbt_model
[0m22:29:26.517775 [debug] [Thread-1 (]: MATERIALIZING TABLE
[0m22:29:26.519056 [debug] [Thread-1 (]: Writing runtime sql for node "model.acap_demo.my_first_dbt_model"
[0m22:29:26.519777 [debug] [Thread-1 (]: Using databricks connection "model.acap_demo.my_first_dbt_model"
[0m22:29:26.520039 [debug] [Thread-1 (]: On model.acap_demo.my_first_dbt_model: /* {"app": "dbt", "dbt_version": "1.10.4", "dbt_databricks_version": "1.10.4", "databricks_sql_connector_version": "4.0.5", "profile_name": "acap_demo", "target_name": "dev", "node_id": "model.acap_demo.my_first_dbt_model"} */

  
    
        create or replace table `flipp_data_sandbox`.`dbt_demo_dbt_westy`.`my_first_dbt_model`
      
      
  using delta
      
      
      
      
      
      
      
      as
      /*
    Welcome to your first dbt model!
    Did you know that you can also configure models directly within SQL files?
    This will override configurations stated in dbt_project.yml

    Try changing "table" to "view" below
*/



with source_data as (

    select 1 as id
    union all
    select null as id

)

select *
from source_data

/*
    Uncomment the line below to remove records with null `id` values
*/

-- where id is not null
  
[0m22:29:30.275111 [debug] [Thread-1 (]: SQL status: OK in 3.750 seconds
[0m22:29:30.276930 [debug] [Thread-1 (]: Databricks adapter: Cursor(session-id=69aa7576-c2bb-435f-87e5-f75c395edde1, command-id=4a75a7d7-77ef-457f-8795-ddc0d1de951c) - Closing
[0m22:29:30.278525 [debug] [Thread-1 (]: Applying tags to relation None
[0m22:29:30.282342 [debug] [Thread-1 (]: Sending event: {'category': 'dbt', 'action': 'run_model', 'label': '5626b5d3-7193-4261-806f-c1568b162a8a', 'context': [<snowplow_tracker.self_describing_json.SelfDescribingJson object at 0x117a716d0>]}
[0m22:29:30.283208 [info ] [Thread-1 (]: 2 of 5 OK created sql table model dbt_demo_dbt_westy.my_first_dbt_model ........ [[32mOK[0m in 3.77s]
[0m22:29:30.283905 [debug] [Thread-1 (]: Finished running node model.acap_demo.my_first_dbt_model
[0m22:29:30.284400 [debug] [Thread-1 (]: Began running node model.acap_demo.stg_flyer_impressions
[0m22:29:30.285050 [info ] [Thread-1 (]: 3 of 5 START sql table model dbt_demo_dbt_westy.stg_flyer_impressions .......... [RUN]
[0m22:29:30.285729 [debug] [Thread-1 (]: Re-using an available connection from the pool (formerly model.acap_demo.my_first_dbt_model, now model.acap_demo.stg_flyer_impressions)
[0m22:29:30.286395 [debug] [Thread-1 (]: Databricks adapter: DatabricksDBTConnection(session-id=69aa7576-c2bb-435f-87e5-f75c395edde1, name=model.acap_demo.stg_flyer_impressions, idle-time=0.004209041595458984s, language=sql, compute-name=) - Reusing connection previously named model.acap_demo.my_first_dbt_model
[0m22:29:30.286888 [debug] [Thread-1 (]: Began compiling node model.acap_demo.stg_flyer_impressions
[0m22:29:30.291087 [debug] [Thread-1 (]: Writing injected SQL for node "model.acap_demo.stg_flyer_impressions"
[0m22:29:30.292317 [debug] [Thread-1 (]: Began executing node model.acap_demo.stg_flyer_impressions
[0m22:29:30.294579 [debug] [Thread-1 (]: MATERIALIZING TABLE
[0m22:29:30.296906 [debug] [Thread-1 (]: Writing runtime sql for node "model.acap_demo.stg_flyer_impressions"
[0m22:29:30.297831 [debug] [Thread-1 (]: Using databricks connection "model.acap_demo.stg_flyer_impressions"
[0m22:29:30.298235 [debug] [Thread-1 (]: On model.acap_demo.stg_flyer_impressions: /* {"app": "dbt", "dbt_version": "1.10.4", "dbt_databricks_version": "1.10.4", "databricks_sql_connector_version": "4.0.5", "profile_name": "acap_demo", "target_name": "dev", "node_id": "model.acap_demo.stg_flyer_impressions"} */

  
    
        create or replace table `flipp_data_sandbox`.`dbt_demo_dbt_westy`.`stg_flyer_impressions`
      
      
  using delta
      
      
      
      
      
      
      
      as
      SELECT 
  date, 
  SUM(flyer_impressions) * 2 AS flyer_impressions
FROM flipp_data_prod.gold_facts.facts_campaigns
WHERE date >= '2025-07-02'
GROUP BY date
ORDER BY date
  
[0m22:29:42.413007 [debug] [Thread-1 (]: SQL status: OK in 12.110 seconds
[0m22:29:42.414935 [debug] [Thread-1 (]: Databricks adapter: Cursor(session-id=69aa7576-c2bb-435f-87e5-f75c395edde1, command-id=c9e88964-448a-46c1-90c4-9c243703d849) - Closing
[0m22:29:42.565685 [debug] [Thread-1 (]: Applying tags to relation None
[0m22:29:42.569550 [debug] [Thread-1 (]: Sending event: {'category': 'dbt', 'action': 'run_model', 'label': '5626b5d3-7193-4261-806f-c1568b162a8a', 'context': [<snowplow_tracker.self_describing_json.SelfDescribingJson object at 0x117a65c50>]}
[0m22:29:42.570875 [info ] [Thread-1 (]: 3 of 5 OK created sql table model dbt_demo_dbt_westy.stg_flyer_impressions ..... [[32mOK[0m in 12.28s]
[0m22:29:42.571474 [debug] [Thread-1 (]: Finished running node model.acap_demo.stg_flyer_impressions
[0m22:29:42.571811 [debug] [Thread-1 (]: Began running node model.acap_demo.my_second_dbt_model
[0m22:29:42.572288 [info ] [Thread-1 (]: 4 of 5 START sql view model dbt_demo_dbt_westy.my_second_dbt_model ............. [RUN]
[0m22:29:42.572828 [debug] [Thread-1 (]: Re-using an available connection from the pool (formerly model.acap_demo.stg_flyer_impressions, now model.acap_demo.my_second_dbt_model)
[0m22:29:42.573168 [debug] [Thread-1 (]: Databricks adapter: DatabricksDBTConnection(session-id=69aa7576-c2bb-435f-87e5-f75c395edde1, name=model.acap_demo.my_second_dbt_model, idle-time=0.003874063491821289s, language=sql, compute-name=) - Reusing connection previously named model.acap_demo.stg_flyer_impressions
[0m22:29:42.573451 [debug] [Thread-1 (]: Began compiling node model.acap_demo.my_second_dbt_model
[0m22:29:42.576259 [debug] [Thread-1 (]: Writing injected SQL for node "model.acap_demo.my_second_dbt_model"
[0m22:29:42.576986 [debug] [Thread-1 (]: Began executing node model.acap_demo.my_second_dbt_model
[0m22:29:42.587096 [debug] [Thread-1 (]: MATERIALIZING VIEW
[0m22:29:42.595631 [debug] [Thread-1 (]: Creating view `flipp_data_sandbox`.`dbt_demo_dbt_westy`.`my_second_dbt_model`
[0m22:29:42.596115 [debug] [Thread-1 (]: Writing runtime sql for node "model.acap_demo.my_second_dbt_model"
[0m22:29:42.596755 [debug] [Thread-1 (]: Using databricks connection "model.acap_demo.my_second_dbt_model"
[0m22:29:42.596966 [debug] [Thread-1 (]: On model.acap_demo.my_second_dbt_model: /* {"app": "dbt", "dbt_version": "1.10.4", "dbt_databricks_version": "1.10.4", "databricks_sql_connector_version": "4.0.5", "profile_name": "acap_demo", "target_name": "dev", "node_id": "model.acap_demo.my_second_dbt_model"} */

  
  
  
  create or replace view `flipp_data_sandbox`.`dbt_demo_dbt_westy`.`my_second_dbt_model`
  
  as (
    -- Use the `ref` function to select from other models

select *
from `flipp_data_sandbox`.`dbt_demo_dbt_westy`.`my_first_dbt_model`
where id = 1
  )

[0m22:29:43.834604 [debug] [Thread-1 (]: SQL status: OK in 1.240 seconds
[0m22:29:43.836417 [debug] [Thread-1 (]: Databricks adapter: Cursor(session-id=69aa7576-c2bb-435f-87e5-f75c395edde1, command-id=4b879964-6595-4dea-858f-95d6cc9e6e0a) - Closing
[0m22:29:43.837550 [debug] [Thread-1 (]: Applying tags to relation None
[0m22:29:43.838951 [debug] [Thread-1 (]: Sending event: {'category': 'dbt', 'action': 'run_model', 'label': '5626b5d3-7193-4261-806f-c1568b162a8a', 'context': [<snowplow_tracker.self_describing_json.SelfDescribingJson object at 0x117975be0>]}
[0m22:29:43.839862 [info ] [Thread-1 (]: 4 of 5 OK created sql view model dbt_demo_dbt_westy.my_second_dbt_model ........ [[32mOK[0m in 1.27s]
[0m22:29:43.840576 [debug] [Thread-1 (]: Finished running node model.acap_demo.my_second_dbt_model
[0m22:29:43.841073 [debug] [Thread-1 (]: Began running node model.acap_demo.flyer_impressions
[0m22:29:43.841717 [info ] [Thread-1 (]: 5 of 5 START sql table model dbt_demo_dbt_westy.flyer_impressions .............. [RUN]
[0m22:29:43.842374 [debug] [Thread-1 (]: Re-using an available connection from the pool (formerly model.acap_demo.my_second_dbt_model, now model.acap_demo.flyer_impressions)
[0m22:29:43.842876 [debug] [Thread-1 (]: Databricks adapter: DatabricksDBTConnection(session-id=69aa7576-c2bb-435f-87e5-f75c395edde1, name=model.acap_demo.flyer_impressions, idle-time=0.004047870635986328s, language=sql, compute-name=) - Reusing connection previously named model.acap_demo.my_second_dbt_model
[0m22:29:43.843299 [debug] [Thread-1 (]: Began compiling node model.acap_demo.flyer_impressions
[0m22:29:43.854187 [debug] [Thread-1 (]: Writing injected SQL for node "model.acap_demo.flyer_impressions"
[0m22:29:43.855200 [debug] [Thread-1 (]: Began executing node model.acap_demo.flyer_impressions
[0m22:29:43.857088 [debug] [Thread-1 (]: MATERIALIZING TABLE
[0m22:29:43.858666 [debug] [Thread-1 (]: Writing runtime sql for node "model.acap_demo.flyer_impressions"
[0m22:29:43.859430 [debug] [Thread-1 (]: Using databricks connection "model.acap_demo.flyer_impressions"
[0m22:29:43.859772 [debug] [Thread-1 (]: On model.acap_demo.flyer_impressions: /* {"app": "dbt", "dbt_version": "1.10.4", "dbt_databricks_version": "1.10.4", "databricks_sql_connector_version": "4.0.5", "profile_name": "acap_demo", "target_name": "dev", "node_id": "model.acap_demo.flyer_impressions"} */

  
    
        create or replace table `flipp_data_sandbox`.`dbt_demo_dbt_westy`.`flyer_impressions`
      
      
  using delta
      
      
      
      
      
      
      
      as
      WITH daily_impressions AS (
  SELECT 
    f.date,
    d.day_name,
    f.flyer_impressions
  FROM `flipp_data_sandbox`.`dbt_demo_dbt_westy`.`stg_flyer_impressions` f
  JOIN `flipp_data_sandbox`.`dbt_demo_dbt_westy`.`dates` d
    ON f.date = d.date
)
SELECT 
  date,
  day_name,
  flyer_impressions,
  SUM(flyer_impressions) OVER (ORDER BY date) as running_total_impressions,
  AVG(flyer_impressions) OVER (PARTITION BY day_name) as avg_impressions_by_day
FROM daily_impressions
ORDER BY date
  
[0m22:29:48.914657 [debug] [Thread-1 (]: SQL status: OK in 5.050 seconds
[0m22:29:48.916746 [debug] [Thread-1 (]: Databricks adapter: Cursor(session-id=69aa7576-c2bb-435f-87e5-f75c395edde1, command-id=8b45742a-1250-4843-a29c-8677286eed73) - Closing
[0m22:29:48.918192 [debug] [Thread-1 (]: Applying tags to relation None
[0m22:29:48.920282 [debug] [Thread-1 (]: Sending event: {'category': 'dbt', 'action': 'run_model', 'label': '5626b5d3-7193-4261-806f-c1568b162a8a', 'context': [<snowplow_tracker.self_describing_json.SelfDescribingJson object at 0x1179a7530>]}
[0m22:29:48.921132 [info ] [Thread-1 (]: 5 of 5 OK created sql table model dbt_demo_dbt_westy.flyer_impressions ......... [[32mOK[0m in 5.08s]
[0m22:29:48.921820 [debug] [Thread-1 (]: Finished running node model.acap_demo.flyer_impressions
[0m22:29:48.923688 [debug] [MainThread]: Databricks adapter: DatabricksDBTConnection(session-id=None, name=master, idle-time=40.38873600959778s, language=None, compute-name=) - Reusing connection previously named master
[0m22:29:48.924208 [debug] [MainThread]: Connection 'master' was properly closed.
[0m22:29:48.924505 [debug] [MainThread]: Connection 'model.acap_demo.flyer_impressions' was properly closed.
[0m22:29:48.924794 [debug] [MainThread]: On model.acap_demo.flyer_impressions: Close
[0m22:29:48.925120 [debug] [MainThread]: Databricks adapter: Connection(session-id=69aa7576-c2bb-435f-87e5-f75c395edde1) - Closing
[0m22:29:49.061013 [info ] [MainThread]: 
[0m22:29:49.062202 [info ] [MainThread]: Finished running 4 table models, 1 view model in 0 hours 0 minutes and 42.17 seconds (42.17s).
[0m22:29:49.065008 [debug] [MainThread]: Command end result
[0m22:29:49.093306 [debug] [MainThread]: Wrote artifact WritableManifest to /Users/Westy.Chen/Documents/dbt_poc/acap_demo/target/manifest.json
[0m22:29:49.095055 [debug] [MainThread]: Wrote artifact SemanticManifest to /Users/Westy.Chen/Documents/dbt_poc/acap_demo/target/semantic_manifest.json
[0m22:29:49.098490 [debug] [MainThread]: Wrote artifact RunExecutionResult to /Users/Westy.Chen/Documents/dbt_poc/acap_demo/target/run_results.json
[0m22:29:49.098657 [info ] [MainThread]: 
[0m22:29:49.098848 [info ] [MainThread]: [32mCompleted successfully[0m
[0m22:29:49.098991 [info ] [MainThread]: 
[0m22:29:49.099148 [info ] [MainThread]: Done. PASS=5 WARN=0 ERROR=0 SKIP=0 NO-OP=0 TOTAL=5
[0m22:29:49.101408 [debug] [MainThread]: Resource report: {"command_name": "run", "command_success": true, "command_wall_clock_time": 43.13426, "process_in_blocks": "0", "process_kernel_time": 0.2003, "process_mem_max_rss": "233881600", "process_out_blocks": "0", "process_user_time": 1.517576}
[0m22:29:49.101672 [debug] [MainThread]: Command `dbt run` succeeded at 22:29:49.101622 after 43.13 seconds
[0m22:29:49.101861 [debug] [MainThread]: Sending event: {'category': 'dbt', 'action': 'invocation', 'label': 'end', 'context': [<snowplow_tracker.self_describing_json.SelfDescribingJson object at 0x1044e5190>, <snowplow_tracker.self_describing_json.SelfDescribingJson object at 0x117aabe90>, <snowplow_tracker.self_describing_json.SelfDescribingJson object at 0x117aab950>]}
[0m22:29:49.102037 [debug] [MainThread]: Flushing usage events
[0m22:29:49.489161 [debug] [MainThread]: An error was encountered while trying to flush usage events
[0m22:30:35.805842 [debug] [MainThread]: Sending event: {'category': 'dbt', 'action': 'invocation', 'label': 'start', 'context': [<snowplow_tracker.self_describing_json.SelfDescribingJson object at 0x10348f380>, <snowplow_tracker.self_describing_json.SelfDescribingJson object at 0x104967890>, <snowplow_tracker.self_describing_json.SelfDescribingJson object at 0x1049679d0>]}


============================== 22:30:35.808580 | 217a23e7-a38c-4ebc-82c6-7d1e30eb5912 ==============================
[0m22:30:35.808580 [info ] [MainThread]: Running with dbt=1.10.4
[0m22:30:35.808841 [debug] [MainThread]: running dbt with arguments {'printer_width': '80', 'indirect_selection': 'eager', 'log_cache_events': 'False', 'write_json': 'True', 'partial_parse': 'True', 'cache_selected_only': 'False', 'warn_error': 'None', 'fail_fast': 'False', 'profiles_dir': '/Users/Westy.Chen/.dbt', 'log_path': '/Users/Westy.Chen/Documents/dbt_poc/acap_demo/logs', 'version_check': 'True', 'debug': 'False', 'use_colors': 'True', 'use_experimental_parser': 'False', 'no_print': 'None', 'quiet': 'False', 'empty': 'False', 'warn_error_options': 'WarnErrorOptionsV2(error=[], warn=[], silence=[])', 'static_parser': 'True', 'log_format': 'default', 'invocation_command': 'dbt run --target dev', 'target_path': 'None', 'introspect': 'True', 'send_anonymous_usage_stats': 'True'}
[0m22:30:36.171319 [debug] [MainThread]: Spark adapter: Setting pyhive.hive logging to ERROR
[0m22:30:36.171536 [debug] [MainThread]: Spark adapter: Setting thrift.transport logging to ERROR
[0m22:30:36.171655 [debug] [MainThread]: Spark adapter: Setting thrift.protocol logging to ERROR
[0m22:30:36.627427 [debug] [MainThread]: Sending event: {'category': 'dbt', 'action': 'project_id', 'label': '217a23e7-a38c-4ebc-82c6-7d1e30eb5912', 'context': [<snowplow_tracker.self_describing_json.SelfDescribingJson object at 0x103c7f490>]}
[0m22:30:36.651516 [debug] [MainThread]: Sending event: {'category': 'dbt', 'action': 'adapter_info', 'label': '217a23e7-a38c-4ebc-82c6-7d1e30eb5912', 'context': [<snowplow_tracker.self_describing_json.SelfDescribingJson object at 0x10605f130>]}
[0m22:30:36.651833 [info ] [MainThread]: Registered adapter: databricks=1.10.4
[0m22:30:36.717716 [debug] [MainThread]: checksum: 23bc95a42434187059b2384bcd89d8aac150f1bd09bd2e89bfeb67b518f50b75, vars: {}, profile: , target: dev, version: 1.10.4
[0m22:30:36.759419 [info ] [MainThread]: Unable to do partial parsing because config vars, config profile, or config target have changed
[0m22:30:36.759646 [debug] [MainThread]: previous checksum: 23bc95a42434187059b2384bcd89d8aac150f1bd09bd2e89bfeb67b518f50b75, current checksum: 073cb5a296270136b24f9c040fdebd0642ef9c263903ef463bfe7e190c538da2
[0m22:30:36.759797 [debug] [MainThread]: Sending event: {'category': 'dbt', 'action': 'partial_parser', 'label': '217a23e7-a38c-4ebc-82c6-7d1e30eb5912', 'context': [<snowplow_tracker.self_describing_json.SelfDescribingJson object at 0x11bd92d50>]}
[0m22:30:37.599551 [debug] [MainThread]: Sending event: {'category': 'dbt', 'action': 'load_project', 'label': '217a23e7-a38c-4ebc-82c6-7d1e30eb5912', 'context': [<snowplow_tracker.self_describing_json.SelfDescribingJson object at 0x11c219b80>]}
[0m22:30:37.638900 [debug] [MainThread]: Wrote artifact WritableManifest to /Users/Westy.Chen/Documents/dbt_poc/acap_demo/target/manifest.json
[0m22:30:37.640440 [debug] [MainThread]: Wrote artifact SemanticManifest to /Users/Westy.Chen/Documents/dbt_poc/acap_demo/target/semantic_manifest.json
[0m22:30:37.651236 [debug] [MainThread]: Sending event: {'category': 'dbt', 'action': 'resource_counts', 'label': '217a23e7-a38c-4ebc-82c6-7d1e30eb5912', 'context': [<snowplow_tracker.self_describing_json.SelfDescribingJson object at 0x11bdf2970>]}
[0m22:30:37.651421 [info ] [MainThread]: Found 5 models, 7 data tests, 796 macros
[0m22:30:37.651555 [debug] [MainThread]: Sending event: {'category': 'dbt', 'action': 'runnable_timing', 'label': '217a23e7-a38c-4ebc-82c6-7d1e30eb5912', 'context': [<snowplow_tracker.self_describing_json.SelfDescribingJson object at 0x11c375160>]}
[0m22:30:37.652288 [info ] [MainThread]: 
[0m22:30:37.652417 [info ] [MainThread]: Concurrency: 1 threads (target='dev')
[0m22:30:37.652525 [info ] [MainThread]: 
[0m22:30:37.652740 [debug] [MainThread]: Databricks adapter: DatabricksDBTConnection(session-id=None, name=master, idle-time=0s, language=None, compute-name=) - Creating connection
[0m22:30:37.652858 [debug] [MainThread]: Acquiring new databricks connection 'master'
[0m22:30:37.655388 [debug] [ThreadPool]: Databricks adapter: DatabricksDBTConnection(session-id=None, name=list_flipp_data_sandbox, idle-time=0s, language=None, compute-name=) - Creating connection
[0m22:30:37.655534 [debug] [ThreadPool]: Acquiring new databricks connection 'list_flipp_data_sandbox'
[0m22:30:37.655649 [debug] [ThreadPool]: Using databricks connection "list_flipp_data_sandbox"
[0m22:30:37.655756 [debug] [ThreadPool]: On list_flipp_data_sandbox: GetSchemas(database=flipp_data_sandbox, schema=None)
[0m22:30:37.655850 [debug] [ThreadPool]: Opening a new connection, currently in state init
[0m22:30:38.108264 [debug] [ThreadPool]: Databricks adapter: Connection(session-id=29be6adc-1496-4181-a5f4-72096ec56f0c) - Created
[0m22:30:38.482549 [debug] [ThreadPool]: SQL status: OK in 0.830 seconds
[0m22:30:38.484913 [debug] [ThreadPool]: Databricks adapter: Cursor(session-id=29be6adc-1496-4181-a5f4-72096ec56f0c, command-id=b9f77afd-319c-4528-ba7c-73f2b6859feb) - Closing
[0m22:30:38.487328 [debug] [ThreadPool]: Re-using an available connection from the pool (formerly list_flipp_data_sandbox, now list_flipp_data_sandbox_dbt_demo_dbt_westy)
[0m22:30:38.487789 [debug] [ThreadPool]: Databricks adapter: DatabricksDBTConnection(session-id=29be6adc-1496-4181-a5f4-72096ec56f0c, name=list_flipp_data_sandbox_dbt_demo_dbt_westy, idle-time=0.002245187759399414s, language=None, compute-name=) - Reusing connection previously named list_flipp_data_sandbox
[0m22:30:38.500487 [debug] [ThreadPool]: Using databricks connection "list_flipp_data_sandbox_dbt_demo_dbt_westy"
[0m22:30:38.500891 [debug] [ThreadPool]: On list_flipp_data_sandbox_dbt_demo_dbt_westy: /* {"app": "dbt", "dbt_version": "1.10.4", "dbt_databricks_version": "1.10.4", "databricks_sql_connector_version": "4.0.5", "profile_name": "acap_demo", "target_name": "dev", "connection_name": "list_flipp_data_sandbox_dbt_demo_dbt_westy"} */

    
SELECT
  table_name,
  if(table_type IN ('EXTERNAL', 'MANAGED', 'MANAGED_SHALLOW_CLONE', 'EXTERNAL_SHALLOW_CLONE'), 'table', lower(table_type)) AS table_type,
  lower(data_source_format) AS file_format,
  table_owner
FROM `system`.`information_schema`.`tables`
WHERE table_catalog = 'flipp_data_sandbox' 
  AND table_schema = 'dbt_demo_dbt_westy'

  
[0m22:30:38.997505 [debug] [ThreadPool]: SQL status: OK in 0.500 seconds
[0m22:30:39.007116 [debug] [ThreadPool]: Databricks adapter: Cursor(session-id=29be6adc-1496-4181-a5f4-72096ec56f0c, command-id=18846f18-f445-441c-8539-a5d53a3ec394) - Closing
[0m22:30:39.008890 [debug] [MainThread]: Sending event: {'category': 'dbt', 'action': 'runnable_timing', 'label': '217a23e7-a38c-4ebc-82c6-7d1e30eb5912', 'context': [<snowplow_tracker.self_describing_json.SelfDescribingJson object at 0x11c1dad50>]}
[0m22:30:39.011071 [debug] [Thread-1 (]: Began running node model.acap_demo.dates
[0m22:30:39.011539 [info ] [Thread-1 (]: 1 of 5 START sql table model dbt_demo_dbt_westy.dates .......................... [RUN]
[0m22:30:39.011904 [debug] [Thread-1 (]: Re-using an available connection from the pool (formerly list_flipp_data_sandbox_dbt_demo_dbt_westy, now model.acap_demo.dates)
[0m22:30:39.012202 [debug] [Thread-1 (]: Databricks adapter: DatabricksDBTConnection(session-id=29be6adc-1496-4181-a5f4-72096ec56f0c, name=model.acap_demo.dates, idle-time=0.004292964935302734s, language=None, compute-name=) - Reusing connection previously named list_flipp_data_sandbox_dbt_demo_dbt_westy
[0m22:30:39.012469 [debug] [Thread-1 (]: Began compiling node model.acap_demo.dates
[0m22:30:39.019318 [debug] [Thread-1 (]: Writing injected SQL for node "model.acap_demo.dates"
[0m22:30:39.020060 [debug] [Thread-1 (]: Began executing node model.acap_demo.dates
[0m22:30:39.032943 [debug] [Thread-1 (]: MATERIALIZING TABLE
[0m22:30:39.033403 [warn ] [Thread-1 (]: [[33mWARNING[0m]: Use revamped materializations based on separating create and insert.  This allows more performant column comments, as well as new column features.
You may opt into the new behavior sooner by setting `flags.use_materialization_v2` to `True` in `dbt_project.yml`.
Visit https://docs.getdbt.com/reference/global-configs/behavior-changes for more information.
[0m22:30:39.033700 [debug] [Thread-1 (]: Sending event: {'category': 'dbt', 'action': 'BehaviorChangeEvent', 'label': '217a23e7-a38c-4ebc-82c6-7d1e30eb5912', 'context': [<snowplow_tracker.self_describing_json.SelfDescribingJson object at 0x11d999a70>]}
[0m22:30:39.065604 [debug] [Thread-1 (]: Writing runtime sql for node "model.acap_demo.dates"
[0m22:30:39.066816 [debug] [Thread-1 (]: Using databricks connection "model.acap_demo.dates"
[0m22:30:39.067015 [debug] [Thread-1 (]: On model.acap_demo.dates: /* {"app": "dbt", "dbt_version": "1.10.4", "dbt_databricks_version": "1.10.4", "databricks_sql_connector_version": "4.0.5", "profile_name": "acap_demo", "target_name": "dev", "node_id": "model.acap_demo.dates"} */

  
    
        create or replace table `flipp_data_sandbox`.`dbt_demo_dbt_westy`.`dates`
      
      
  using delta
      
      
      
      
      
      
      
      as
      SELECT 
  date, 
  day_name
FROM flipp_data_prod.gold_dimensions.dates
  
[0m22:30:42.142347 [debug] [Thread-1 (]: SQL status: OK in 3.070 seconds
[0m22:30:42.145057 [debug] [Thread-1 (]: Databricks adapter: Cursor(session-id=29be6adc-1496-4181-a5f4-72096ec56f0c, command-id=395bce66-a7cb-457c-a465-f074a72d4cfa) - Closing
[0m22:30:42.155806 [debug] [Thread-1 (]: Applying tags to relation None
[0m22:30:42.167131 [debug] [Thread-1 (]: Sending event: {'category': 'dbt', 'action': 'run_model', 'label': '217a23e7-a38c-4ebc-82c6-7d1e30eb5912', 'context': [<snowplow_tracker.self_describing_json.SelfDescribingJson object at 0x103c4d590>]}
[0m22:30:42.167538 [info ] [Thread-1 (]: 1 of 5 OK created sql table model dbt_demo_dbt_westy.dates ..................... [[32mOK[0m in 3.15s]
[0m22:30:42.167829 [debug] [Thread-1 (]: Finished running node model.acap_demo.dates
[0m22:30:42.168024 [debug] [Thread-1 (]: Began running node model.acap_demo.my_first_dbt_model
[0m22:30:42.168321 [info ] [Thread-1 (]: 2 of 5 START sql table model dbt_demo_dbt_westy.my_first_dbt_model ............. [RUN]
[0m22:30:42.168590 [debug] [Thread-1 (]: Re-using an available connection from the pool (formerly model.acap_demo.dates, now model.acap_demo.my_first_dbt_model)
[0m22:30:42.168796 [debug] [Thread-1 (]: Databricks adapter: DatabricksDBTConnection(session-id=29be6adc-1496-4181-a5f4-72096ec56f0c, name=model.acap_demo.my_first_dbt_model, idle-time=0.0030448436737060547s, language=sql, compute-name=) - Reusing connection previously named model.acap_demo.dates
[0m22:30:42.168965 [debug] [Thread-1 (]: Began compiling node model.acap_demo.my_first_dbt_model
[0m22:30:42.170686 [debug] [Thread-1 (]: Writing injected SQL for node "model.acap_demo.my_first_dbt_model"
[0m22:30:42.171334 [debug] [Thread-1 (]: Began executing node model.acap_demo.my_first_dbt_model
[0m22:30:42.172477 [debug] [Thread-1 (]: MATERIALIZING TABLE
[0m22:30:42.173403 [debug] [Thread-1 (]: Writing runtime sql for node "model.acap_demo.my_first_dbt_model"
[0m22:30:42.173692 [debug] [Thread-1 (]: Using databricks connection "model.acap_demo.my_first_dbt_model"
[0m22:30:42.173952 [debug] [Thread-1 (]: On model.acap_demo.my_first_dbt_model: /* {"app": "dbt", "dbt_version": "1.10.4", "dbt_databricks_version": "1.10.4", "databricks_sql_connector_version": "4.0.5", "profile_name": "acap_demo", "target_name": "dev", "node_id": "model.acap_demo.my_first_dbt_model"} */

  
    
        create or replace table `flipp_data_sandbox`.`dbt_demo_dbt_westy`.`my_first_dbt_model`
      
      
  using delta
      
      
      
      
      
      
      
      as
      /*
    Welcome to your first dbt model!
    Did you know that you can also configure models directly within SQL files?
    This will override configurations stated in dbt_project.yml

    Try changing "table" to "view" below
*/



with source_data as (

    select 1 as id
    union all
    select null as id

)

select *
from source_data

/*
    Uncomment the line below to remove records with null `id` values
*/

-- where id is not null
  
[0m22:30:44.927684 [debug] [Thread-1 (]: SQL status: OK in 2.750 seconds
[0m22:30:44.928970 [debug] [Thread-1 (]: Databricks adapter: Cursor(session-id=29be6adc-1496-4181-a5f4-72096ec56f0c, command-id=89f263fd-2959-4196-ac98-7317bf6d7ca0) - Closing
[0m22:30:44.930386 [debug] [Thread-1 (]: Applying tags to relation None
[0m22:30:44.934197 [debug] [Thread-1 (]: Sending event: {'category': 'dbt', 'action': 'run_model', 'label': '217a23e7-a38c-4ebc-82c6-7d1e30eb5912', 'context': [<snowplow_tracker.self_describing_json.SelfDescribingJson object at 0x11c101f50>]}
[0m22:30:44.934884 [info ] [Thread-1 (]: 2 of 5 OK created sql table model dbt_demo_dbt_westy.my_first_dbt_model ........ [[32mOK[0m in 2.77s]
[0m22:30:44.935456 [debug] [Thread-1 (]: Finished running node model.acap_demo.my_first_dbt_model
[0m22:30:44.935830 [debug] [Thread-1 (]: Began running node model.acap_demo.stg_flyer_impressions
[0m22:30:44.936887 [info ] [Thread-1 (]: 3 of 5 START sql table model dbt_demo_dbt_westy.stg_flyer_impressions .......... [RUN]
[0m22:30:44.937969 [debug] [Thread-1 (]: Re-using an available connection from the pool (formerly model.acap_demo.my_first_dbt_model, now model.acap_demo.stg_flyer_impressions)
[0m22:30:44.938528 [debug] [Thread-1 (]: Databricks adapter: DatabricksDBTConnection(session-id=29be6adc-1496-4181-a5f4-72096ec56f0c, name=model.acap_demo.stg_flyer_impressions, idle-time=0.00429987907409668s, language=sql, compute-name=) - Reusing connection previously named model.acap_demo.my_first_dbt_model
[0m22:30:44.939051 [debug] [Thread-1 (]: Began compiling node model.acap_demo.stg_flyer_impressions
[0m22:30:44.955262 [debug] [Thread-1 (]: Writing injected SQL for node "model.acap_demo.stg_flyer_impressions"
[0m22:30:44.959805 [debug] [Thread-1 (]: Began executing node model.acap_demo.stg_flyer_impressions
[0m22:30:44.964914 [debug] [Thread-1 (]: MATERIALIZING TABLE
[0m22:30:44.967821 [debug] [Thread-1 (]: Writing runtime sql for node "model.acap_demo.stg_flyer_impressions"
[0m22:30:44.968651 [debug] [Thread-1 (]: Using databricks connection "model.acap_demo.stg_flyer_impressions"
[0m22:30:44.970453 [debug] [Thread-1 (]: On model.acap_demo.stg_flyer_impressions: /* {"app": "dbt", "dbt_version": "1.10.4", "dbt_databricks_version": "1.10.4", "databricks_sql_connector_version": "4.0.5", "profile_name": "acap_demo", "target_name": "dev", "node_id": "model.acap_demo.stg_flyer_impressions"} */

  
    
        create or replace table `flipp_data_sandbox`.`dbt_demo_dbt_westy`.`stg_flyer_impressions`
      
      
  using delta
      
      
      
      
      
      
      
      as
      SELECT 
  date, 
  SUM(flyer_impressions) AS flyer_impressions
FROM flipp_data_prod.gold_facts.facts_campaigns
WHERE date >= '2025-07-02'
GROUP BY date
ORDER BY date
  
[0m22:30:50.082833 [debug] [Thread-1 (]: SQL status: OK in 5.110 seconds
[0m22:30:50.085445 [debug] [Thread-1 (]: Databricks adapter: Cursor(session-id=29be6adc-1496-4181-a5f4-72096ec56f0c, command-id=078bddb0-ffc9-4da3-97fc-786d5f2650bd) - Closing
[0m22:30:50.087470 [debug] [Thread-1 (]: Applying tags to relation None
[0m22:30:50.088803 [debug] [Thread-1 (]: Sending event: {'category': 'dbt', 'action': 'run_model', 'label': '217a23e7-a38c-4ebc-82c6-7d1e30eb5912', 'context': [<snowplow_tracker.self_describing_json.SelfDescribingJson object at 0x11db64e50>]}
[0m22:30:50.089283 [info ] [Thread-1 (]: 3 of 5 OK created sql table model dbt_demo_dbt_westy.stg_flyer_impressions ..... [[32mOK[0m in 5.15s]
[0m22:30:50.089665 [debug] [Thread-1 (]: Finished running node model.acap_demo.stg_flyer_impressions
[0m22:30:50.089923 [debug] [Thread-1 (]: Began running node model.acap_demo.my_second_dbt_model
[0m22:30:50.090335 [info ] [Thread-1 (]: 4 of 5 START sql view model dbt_demo_dbt_westy.my_second_dbt_model ............. [RUN]
[0m22:30:50.090825 [debug] [Thread-1 (]: Re-using an available connection from the pool (formerly model.acap_demo.stg_flyer_impressions, now model.acap_demo.my_second_dbt_model)
[0m22:30:50.091186 [debug] [Thread-1 (]: Databricks adapter: DatabricksDBTConnection(session-id=29be6adc-1496-4181-a5f4-72096ec56f0c, name=model.acap_demo.my_second_dbt_model, idle-time=0.0024137496948242188s, language=sql, compute-name=) - Reusing connection previously named model.acap_demo.stg_flyer_impressions
[0m22:30:50.091449 [debug] [Thread-1 (]: Began compiling node model.acap_demo.my_second_dbt_model
[0m22:30:50.093875 [debug] [Thread-1 (]: Writing injected SQL for node "model.acap_demo.my_second_dbt_model"
[0m22:30:50.095224 [debug] [Thread-1 (]: Began executing node model.acap_demo.my_second_dbt_model
[0m22:30:50.104701 [debug] [Thread-1 (]: MATERIALIZING VIEW
[0m22:30:50.112627 [debug] [Thread-1 (]: Creating view `flipp_data_sandbox`.`dbt_demo_dbt_westy`.`my_second_dbt_model`
[0m22:30:50.113088 [debug] [Thread-1 (]: Writing runtime sql for node "model.acap_demo.my_second_dbt_model"
[0m22:30:50.113644 [debug] [Thread-1 (]: Using databricks connection "model.acap_demo.my_second_dbt_model"
[0m22:30:50.113851 [debug] [Thread-1 (]: On model.acap_demo.my_second_dbt_model: /* {"app": "dbt", "dbt_version": "1.10.4", "dbt_databricks_version": "1.10.4", "databricks_sql_connector_version": "4.0.5", "profile_name": "acap_demo", "target_name": "dev", "node_id": "model.acap_demo.my_second_dbt_model"} */

  
  
  
  create or replace view `flipp_data_sandbox`.`dbt_demo_dbt_westy`.`my_second_dbt_model`
  
  as (
    -- Use the `ref` function to select from other models

select *
from `flipp_data_sandbox`.`dbt_demo_dbt_westy`.`my_first_dbt_model`
where id = 1
  )

[0m22:30:50.938938 [debug] [Thread-1 (]: SQL status: OK in 0.820 seconds
[0m22:30:50.940676 [debug] [Thread-1 (]: Databricks adapter: Cursor(session-id=29be6adc-1496-4181-a5f4-72096ec56f0c, command-id=adb92d15-0da2-44c8-bdf4-656f3585da79) - Closing
[0m22:30:50.941796 [debug] [Thread-1 (]: Applying tags to relation None
[0m22:30:50.943186 [debug] [Thread-1 (]: Sending event: {'category': 'dbt', 'action': 'run_model', 'label': '217a23e7-a38c-4ebc-82c6-7d1e30eb5912', 'context': [<snowplow_tracker.self_describing_json.SelfDescribingJson object at 0x11da8ef30>]}
[0m22:30:50.944120 [info ] [Thread-1 (]: 4 of 5 OK created sql view model dbt_demo_dbt_westy.my_second_dbt_model ........ [[32mOK[0m in 0.85s]
[0m22:30:50.944791 [debug] [Thread-1 (]: Finished running node model.acap_demo.my_second_dbt_model
[0m22:30:50.945247 [debug] [Thread-1 (]: Began running node model.acap_demo.flyer_impressions
[0m22:30:50.945830 [info ] [Thread-1 (]: 5 of 5 START sql table model dbt_demo_dbt_westy.flyer_impressions .............. [RUN]
[0m22:30:50.946430 [debug] [Thread-1 (]: Re-using an available connection from the pool (formerly model.acap_demo.my_second_dbt_model, now model.acap_demo.flyer_impressions)
[0m22:30:50.946905 [debug] [Thread-1 (]: Databricks adapter: DatabricksDBTConnection(session-id=29be6adc-1496-4181-a5f4-72096ec56f0c, name=model.acap_demo.flyer_impressions, idle-time=0.0038487911224365234s, language=sql, compute-name=) - Reusing connection previously named model.acap_demo.my_second_dbt_model
[0m22:30:50.947311 [debug] [Thread-1 (]: Began compiling node model.acap_demo.flyer_impressions
[0m22:30:50.953109 [debug] [Thread-1 (]: Writing injected SQL for node "model.acap_demo.flyer_impressions"
[0m22:30:50.954868 [debug] [Thread-1 (]: Began executing node model.acap_demo.flyer_impressions
[0m22:30:50.957316 [debug] [Thread-1 (]: MATERIALIZING TABLE
[0m22:30:50.959264 [debug] [Thread-1 (]: Writing runtime sql for node "model.acap_demo.flyer_impressions"
[0m22:30:50.960168 [debug] [Thread-1 (]: Using databricks connection "model.acap_demo.flyer_impressions"
[0m22:30:50.960539 [debug] [Thread-1 (]: On model.acap_demo.flyer_impressions: /* {"app": "dbt", "dbt_version": "1.10.4", "dbt_databricks_version": "1.10.4", "databricks_sql_connector_version": "4.0.5", "profile_name": "acap_demo", "target_name": "dev", "node_id": "model.acap_demo.flyer_impressions"} */

  
    
        create or replace table `flipp_data_sandbox`.`dbt_demo_dbt_westy`.`flyer_impressions`
      
      
  using delta
      
      
      
      
      
      
      
      as
      WITH daily_impressions AS (
  SELECT 
    f.date,
    d.day_name,
    f.flyer_impressions
  FROM `flipp_data_sandbox`.`dbt_demo_dbt_westy`.`stg_flyer_impressions` f
  JOIN `flipp_data_sandbox`.`dbt_demo_dbt_westy`.`dates` d
    ON f.date = d.date
)
SELECT 
  date,
  day_name,
  flyer_impressions,
  SUM(flyer_impressions) OVER (ORDER BY date) as running_total_impressions,
  AVG(flyer_impressions) OVER (PARTITION BY day_name) as avg_impressions_by_day
FROM daily_impressions
ORDER BY date
  
[0m22:30:54.902460 [debug] [Thread-1 (]: SQL status: OK in 3.940 seconds
[0m22:30:54.904158 [debug] [Thread-1 (]: Databricks adapter: Cursor(session-id=29be6adc-1496-4181-a5f4-72096ec56f0c, command-id=72dcafbf-c7c9-4748-b545-75eba8dde7db) - Closing
[0m22:30:54.905516 [debug] [Thread-1 (]: Applying tags to relation None
[0m22:30:54.907664 [debug] [Thread-1 (]: Sending event: {'category': 'dbt', 'action': 'run_model', 'label': '217a23e7-a38c-4ebc-82c6-7d1e30eb5912', 'context': [<snowplow_tracker.self_describing_json.SelfDescribingJson object at 0x11da8e090>]}
[0m22:30:54.908473 [info ] [Thread-1 (]: 5 of 5 OK created sql table model dbt_demo_dbt_westy.flyer_impressions ......... [[32mOK[0m in 3.96s]
[0m22:30:54.909128 [debug] [Thread-1 (]: Finished running node model.acap_demo.flyer_impressions
[0m22:30:54.910874 [debug] [MainThread]: Databricks adapter: DatabricksDBTConnection(session-id=None, name=master, idle-time=15.901473999023438s, language=None, compute-name=) - Reusing connection previously named master
[0m22:30:54.911359 [debug] [MainThread]: Connection 'master' was properly closed.
[0m22:30:54.911647 [debug] [MainThread]: Connection 'model.acap_demo.flyer_impressions' was properly closed.
[0m22:30:54.911930 [debug] [MainThread]: On model.acap_demo.flyer_impressions: Close
[0m22:30:54.912242 [debug] [MainThread]: Databricks adapter: Connection(session-id=29be6adc-1496-4181-a5f4-72096ec56f0c) - Closing
[0m22:30:55.051990 [info ] [MainThread]: 
[0m22:30:55.053155 [info ] [MainThread]: Finished running 4 table models, 1 view model in 0 hours 0 minutes and 17.40 seconds (17.40s).
[0m22:30:55.055000 [debug] [MainThread]: Command end result
[0m22:30:55.098471 [debug] [MainThread]: Wrote artifact WritableManifest to /Users/Westy.Chen/Documents/dbt_poc/acap_demo/target/manifest.json
[0m22:30:55.099653 [debug] [MainThread]: Wrote artifact SemanticManifest to /Users/Westy.Chen/Documents/dbt_poc/acap_demo/target/semantic_manifest.json
[0m22:30:55.103249 [debug] [MainThread]: Wrote artifact RunExecutionResult to /Users/Westy.Chen/Documents/dbt_poc/acap_demo/target/run_results.json
[0m22:30:55.103418 [info ] [MainThread]: 
[0m22:30:55.103605 [info ] [MainThread]: [32mCompleted successfully[0m
[0m22:30:55.103750 [info ] [MainThread]: 
[0m22:30:55.103910 [info ] [MainThread]: Done. PASS=5 WARN=0 ERROR=0 SKIP=0 NO-OP=0 TOTAL=5
[0m22:30:55.105508 [debug] [MainThread]: Resource report: {"command_name": "run", "command_success": true, "command_wall_clock_time": 19.32745, "process_in_blocks": "0", "process_kernel_time": 0.247495, "process_mem_max_rss": "241123328", "process_out_blocks": "0", "process_user_time": 2.235999}
[0m22:30:55.105736 [debug] [MainThread]: Command `dbt run` succeeded at 22:30:55.105691 after 19.33 seconds
[0m22:30:55.105925 [debug] [MainThread]: Sending event: {'category': 'dbt', 'action': 'invocation', 'label': 'end', 'context': [<snowplow_tracker.self_describing_json.SelfDescribingJson object at 0x11c1610d0>, <snowplow_tracker.self_describing_json.SelfDescribingJson object at 0x11c3dd8b0>, <snowplow_tracker.self_describing_json.SelfDescribingJson object at 0x103ca0d10>]}
[0m22:30:55.106104 [debug] [MainThread]: Flushing usage events
[0m22:30:55.481740 [debug] [MainThread]: An error was encountered while trying to flush usage events
[0m21:14:28.883036 [debug] [MainThread]: Sending event: {'category': 'dbt', 'action': 'invocation', 'label': 'start', 'context': [<snowplow_tracker.self_describing_json.SelfDescribingJson object at 0x10407b380>, <snowplow_tracker.self_describing_json.SelfDescribingJson object at 0x105b0b9d0>, <snowplow_tracker.self_describing_json.SelfDescribingJson object at 0x105b0b890>]}


============================== 21:14:28.885945 | 363137f3-1eea-49b5-8eb9-6010161b0bdf ==============================
[0m21:14:28.885945 [info ] [MainThread]: Running with dbt=1.10.4
[0m21:14:28.886190 [debug] [MainThread]: running dbt with arguments {'printer_width': '80', 'indirect_selection': 'eager', 'write_json': 'True', 'log_cache_events': 'False', 'partial_parse': 'True', 'cache_selected_only': 'False', 'warn_error': 'None', 'debug': 'False', 'fail_fast': 'False', 'log_path': '/Users/Westy.Chen/Documents/dbt_poc/acap_demo/logs', 'profiles_dir': '/Users/Westy.Chen/.dbt', 'version_check': 'True', 'use_colors': 'True', 'use_experimental_parser': 'False', 'empty': 'None', 'quiet': 'False', 'no_print': 'None', 'warn_error_options': 'WarnErrorOptionsV2(error=[], warn=[], silence=[])', 'introspect': 'True', 'log_format': 'default', 'invocation_command': 'dbt debug', 'target_path': 'None', 'static_parser': 'True', 'send_anonymous_usage_stats': 'True'}
[0m21:14:28.896467 [info ] [MainThread]: dbt version: 1.10.4
[0m21:14:28.896627 [info ] [MainThread]: python version: 3.13.5
[0m21:14:28.896735 [info ] [MainThread]: python path: /Users/Westy.Chen/Documents/dbt_poc/dbt-env/bin/python3
[0m21:14:28.896839 [info ] [MainThread]: os info: macOS-15.3.1-arm64-arm-64bit-Mach-O
[0m21:14:29.256029 [debug] [MainThread]: Spark adapter: Setting pyhive.hive logging to ERROR
[0m21:14:29.256266 [debug] [MainThread]: Spark adapter: Setting thrift.transport logging to ERROR
[0m21:14:29.256378 [debug] [MainThread]: Spark adapter: Setting thrift.protocol logging to ERROR
[0m21:14:29.675363 [info ] [MainThread]: Using profiles dir at /Users/Westy.Chen/.dbt
[0m21:14:29.675579 [info ] [MainThread]: Using profiles.yml file at /Users/Westy.Chen/.dbt/profiles.yml
[0m21:14:29.675700 [info ] [MainThread]: Using dbt_project.yml file at /Users/Westy.Chen/Documents/dbt_poc/acap_demo/dbt_project.yml
[0m21:14:29.675812 [info ] [MainThread]: adapter type: databricks
[0m21:14:29.675907 [info ] [MainThread]: adapter version: 1.10.4
[0m21:14:29.716676 [info ] [MainThread]: Configuration:
[0m21:14:29.716889 [info ] [MainThread]:   profiles.yml file [[32mOK found and valid[0m]
[0m21:14:29.717012 [info ] [MainThread]:   dbt_project.yml file [[32mOK found and valid[0m]
[0m21:14:29.717117 [info ] [MainThread]: Required dependencies:
[0m21:14:29.717270 [debug] [MainThread]: Executing "git --help"
[0m21:14:29.767511 [debug] [MainThread]: STDOUT: "b"usage: git [-v | --version] [-h | --help] [-C <path>] [-c <name>=<value>]\n           [--exec-path[=<path>]] [--html-path] [--man-path] [--info-path]\n           [-p | --paginate | -P | --no-pager] [--no-replace-objects] [--bare]\n           [--git-dir=<path>] [--work-tree=<path>] [--namespace=<name>]\n           [--super-prefix=<path>] [--config-env=<name>=<envvar>]\n           <command> [<args>]\n\nThese are common Git commands used in various situations:\n\nstart a working area (see also: git help tutorial)\n   clone     Clone a repository into a new directory\n   init      Create an empty Git repository or reinitialize an existing one\n\nwork on the current change (see also: git help everyday)\n   add       Add file contents to the index\n   mv        Move or rename a file, a directory, or a symlink\n   restore   Restore working tree files\n   rm        Remove files from the working tree and from the index\n\nexamine the history and state (see also: git help revisions)\n   bisect    Use binary search to find the commit that introduced a bug\n   diff      Show changes between commits, commit and working tree, etc\n   grep      Print lines matching a pattern\n   log       Show commit logs\n   show      Show various types of objects\n   status    Show the working tree status\n\ngrow, mark and tweak your common history\n   branch    List, create, or delete branches\n   commit    Record changes to the repository\n   merge     Join two or more development histories together\n   rebase    Reapply commits on top of another base tip\n   reset     Reset current HEAD to the specified state\n   switch    Switch branches\n   tag       Create, list, delete or verify a tag object signed with GPG\n\ncollaborate (see also: git help workflows)\n   fetch     Download objects and refs from another repository\n   pull      Fetch from and integrate with another repository or a local branch\n   push      Update remote refs along with associated objects\n\n'git help -a' and 'git help -g' list available subcommands and some\nconcept guides. See 'git help <command>' or 'git help <concept>'\nto read about a specific subcommand or concept.\nSee 'git help git' for an overview of the system.\n""
[0m21:14:29.768000 [debug] [MainThread]: STDERR: "b''"
[0m21:14:29.768149 [info ] [MainThread]:  - git [[32mOK found[0m]

[0m21:14:29.768281 [info ] [MainThread]: Connection:
[0m21:14:29.768437 [info ] [MainThread]:   host: flipp-data.cloud.databricks.com
[0m21:14:29.768543 [info ] [MainThread]:   http_path: sql/protocolv1/o/1174764160960484/1104-180204-uim1n293
[0m21:14:29.768640 [info ] [MainThread]:   catalog: flipp_data_sandbox
[0m21:14:29.768738 [info ] [MainThread]:   schema: dbt_demo
[0m21:14:29.769018 [info ] [MainThread]: Registered adapter: databricks=1.10.4
[0m21:14:29.834041 [debug] [MainThread]: Databricks adapter: DatabricksDBTConnection(session-id=None, name=debug, idle-time=0s, language=None, compute-name=) - Creating connection
[0m21:14:29.834312 [debug] [MainThread]: Acquiring new databricks connection 'debug'
[0m21:14:29.834436 [debug] [MainThread]: Using databricks connection "debug"
[0m21:14:29.834539 [debug] [MainThread]: On debug: select 1 as id
[0m21:14:29.834636 [debug] [MainThread]: Opening a new connection, currently in state init
[0m21:19:31.150734 [debug] [MainThread]: Databricks adapter: Connection(session-id=4dce0143-71b3-47d2-9c2a-2b5388f2b393) - Created
[0m21:19:39.538799 [debug] [MainThread]: SQL status: OK in 309.700 seconds
[0m21:19:39.542026 [debug] [MainThread]: Databricks adapter: Cursor(session-id=4dce0143-71b3-47d2-9c2a-2b5388f2b393, command-id=492c132b-934a-4a1a-9762-a56e4a154f93) - Closing
[0m21:19:39.659452 [info ] [MainThread]:   Connection test: [[32mOK connection ok[0m]

[0m21:19:39.660846 [info ] [MainThread]: [32mAll checks passed![0m
[0m21:19:39.691125 [debug] [MainThread]: Resource report: {"command_name": "debug", "command_success": true, "command_wall_clock_time": 310.84546, "process_in_blocks": "0", "process_kernel_time": 0.238419, "process_mem_max_rss": "221790208", "process_out_blocks": "0", "process_user_time": 1.093492}
[0m21:19:39.692642 [debug] [MainThread]: Command `dbt debug` succeeded at 21:19:39.692301 after 310.85 seconds
[0m21:19:39.693551 [debug] [MainThread]: Connection 'debug' was properly closed.
[0m21:19:39.694034 [debug] [MainThread]: On debug: Close
[0m21:19:39.694422 [debug] [MainThread]: Databricks adapter: Connection(session-id=4dce0143-71b3-47d2-9c2a-2b5388f2b393) - Closing
[0m21:19:39.882478 [debug] [MainThread]: Sending event: {'category': 'dbt', 'action': 'invocation', 'label': 'end', 'context': [<snowplow_tracker.self_describing_json.SelfDescribingJson object at 0x11efeb360>, <snowplow_tracker.self_describing_json.SelfDescribingJson object at 0x11f066690>, <snowplow_tracker.self_describing_json.SelfDescribingJson object at 0x11edb2690>]}
[0m21:19:39.884534 [debug] [MainThread]: Flushing usage events
[0m21:19:40.033317 [debug] [MainThread]: An error was encountered while trying to flush usage events
[0m13:28:24.760746 [debug] [MainThread]: Sending event: {'category': 'dbt', 'action': 'invocation', 'label': 'start', 'context': [<snowplow_tracker.self_describing_json.SelfDescribingJson object at 0x123a6f380>, <snowplow_tracker.self_describing_json.SelfDescribingJson object at 0x12510b9d0>, <snowplow_tracker.self_describing_json.SelfDescribingJson object at 0x12510b890>]}


============================== 13:28:24.765136 | b020018f-e1f3-4694-9e9c-da06572b69b7 ==============================
[0m13:28:24.765136 [info ] [MainThread]: Running with dbt=1.10.4
[0m13:28:24.765403 [debug] [MainThread]: running dbt with arguments {'printer_width': '80', 'indirect_selection': 'eager', 'write_json': 'True', 'log_cache_events': 'False', 'partial_parse': 'True', 'cache_selected_only': 'False', 'warn_error': 'None', 'fail_fast': 'False', 'version_check': 'True', 'log_path': '/Users/Westy.Chen/Documents/GitHub/dbt-westy/logs', 'debug': 'False', 'profiles_dir': '/Users/Westy.Chen/.dbt', 'use_colors': 'True', 'use_experimental_parser': 'False', 'empty': 'None', 'quiet': 'False', 'no_print': 'None', 'warn_error_options': 'WarnErrorOptionsV2(error=[], warn=[], silence=[])', 'introspect': 'True', 'static_parser': 'True', 'invocation_command': 'dbt deps', 'target_path': 'None', 'log_format': 'default', 'send_anonymous_usage_stats': 'True'}
[0m13:28:24.817469 [debug] [MainThread]: Sending event: {'category': 'dbt', 'action': 'project_id', 'label': 'b020018f-e1f3-4694-9e9c-da06572b69b7', 'context': [<snowplow_tracker.self_describing_json.SelfDescribingJson object at 0x124127490>]}
[0m13:28:24.848827 [debug] [MainThread]: Set downloads directory='/var/folders/qm/_b29jkx57xd8rmrv6p_4snxc0000gp/T/dbt-downloads-4ufacoh0'
[0m13:28:24.849002 [debug] [MainThread]: Making package index registry request: GET https://hub.getdbt.com/api/v1/index.json
[0m13:28:25.217195 [debug] [MainThread]: Response from registry index: GET https://hub.getdbt.com/api/v1/index.json 200
[0m13:28:25.218768 [debug] [MainThread]: Making package registry request: GET https://hub.getdbt.com/api/v1/dbt-labs/dbt_utils.json
[0m13:28:25.282395 [debug] [MainThread]: Response from registry: GET https://hub.getdbt.com/api/v1/dbt-labs/dbt_utils.json 200
[0m13:28:25.288280 [info ] [MainThread]: Installing dbt-labs/dbt_utils
[0m13:28:25.561242 [info ] [MainThread]: Installed from version 1.1.1
[0m13:28:25.561483 [info ] [MainThread]: Updated version available: 1.3.1
[0m13:28:25.561664 [debug] [MainThread]: Sending event: {'category': 'dbt', 'action': 'package', 'label': 'b020018f-e1f3-4694-9e9c-da06572b69b7', 'property_': 'install', 'context': [<snowplow_tracker.self_describing_json.SelfDescribingJson object at 0x124fb9f20>, <snowplow_tracker.self_describing_json.SelfDescribingJson object at 0x124fba8b0>]}
[0m13:28:25.561852 [info ] [MainThread]: 
[0m13:28:25.561992 [info ] [MainThread]: Updates available for packages: ['dbt-labs/dbt_utils']                 
Update your versions in packages.yml, then run dbt deps
[0m13:28:25.563601 [debug] [MainThread]: Resource report: {"command_name": "deps", "command_success": true, "command_wall_clock_time": 0.83532655, "process_in_blocks": "0", "process_kernel_time": 0.158251, "process_mem_max_rss": "114147328", "process_out_blocks": "0", "process_user_time": 0.61077}
[0m13:28:25.563819 [debug] [MainThread]: Command `dbt deps` succeeded at 13:28:25.563773 after 0.84 seconds
[0m13:28:25.563983 [debug] [MainThread]: Sending event: {'category': 'dbt', 'action': 'invocation', 'label': 'end', 'context': [<snowplow_tracker.self_describing_json.SelfDescribingJson object at 0x1253ddd50>, <snowplow_tracker.self_describing_json.SelfDescribingJson object at 0x124f9a120>, <snowplow_tracker.self_describing_json.SelfDescribingJson object at 0x1251d0c80>]}
[0m13:28:25.564142 [debug] [MainThread]: Flushing usage events
[0m13:28:25.736005 [debug] [MainThread]: An error was encountered while trying to flush usage events
